{
  "Z0241002|1": 68523.0546875,
  "Z0241002|2": 55604.78515625,
  "Z0241002|3": 87672.6953125,
  "Z0241002|4": 149673.15625,
  "Z0241002|5": 183785.59375,
  "Z0241002|6": 154429.328125,
  "Z0241002|7": 68405.328125,
  "Z0241003|1": 15585.248046875,
  "Z0241003|2": 14505.0791015625,
  "Z0241003|3": 52135.41796875,
  "Z0241003|4": 26034.599609375,
  "Z0241003|5": 70252.296875,
  "Z0241003|6": 12127.1103515625,
  "Z0241003|7": 25137.705078125,
  "Z0241004|1": 16289.8603515625,
  "Z0241004|2": 20344.4453125,
  "Z0241004|3": 31773.240234375,
  "Z0241004|4": 64996.84765625,
  "Z0241004|5": 99011.203125,
  "Z0241004|6": 61755.078125,
  "Z0241004|7": 14801.515625,
  "Z0241005|1": 8572.0380859375,
  "Z0241005|2": 4827.46826171875,
  "Z0241005|3": 38927.83203125,
  "Z0241005|4": 57781.33984375,
  "Z0241005|5": 65635.203125,
  "Z0241005|6": 66118.4609375,
  "Z0241005|7": 11054.615234375,
  "Z0241006|1": 54259.3671875,
  "Z0241006|2": 2064.031494140625,
  "Z0241006|3": 29655.7578125,
  "Z0241006|4": 42645.7578125,
  "Z0241006|5": 33118.609375,
  "Z0241006|6": 11806.189453125,
  "Z0241006|7": 4491.92919921875,
  "Z0241007|1": 11803.18359375,
  "Z0241007|2": 21392.212890625,
  "Z0241007|3": 28103.734375,
  "Z0241007|4": 45251.04296875,
  "Z0241007|5": 47674.8203125,
  "Z0241007|6": 57864.71875,
  "Z0241007|7": 7814.478515625,
  "Z0241008|1": 2652.635986328125,
  "Z0241008|2": 3670.046142578125,
  "Z0241008|3": 10341.556640625,
  "Z0241008|4": 15885.83984375,
  "Z0241008|5": 24170.599609375,
  "Z0241008|6": 25593.728515625,
  "Z0241008|7": 6708.20947265625,
  "Z0276001|1": 52003.328125,
  "Z0276001|2": 26078.013671875,
  "Z0276001|3": 54759.09375,
  "Z0276001|4": 50455.3125,
  "Z0276001|5": 69488.6015625,
  "Z0276001|6": 27243.095703125,
  "Z0276001|7": 1183.523681640625,
  "Z0276002|1": 27072.025390625,
  "Z0276002|2": 20507.908203125,
  "Z0276002|3": 30592.61328125,
  "Z0276002|4": 81851.6875,
  "Z0276002|5": 99748.84375,
  "Z0276002|6": 24073.056640625,
  "Z0276002|7": 12207.599609375,
  "Z0276003|1": 18456.0234375,
  "Z0276003|2": 6023.095703125,
  "Z0276003|3": 7686.33544921875,
  "Z0276003|4": 26052.607421875,
  "Z0276003|5": 15841.0419921875,
  "Z0276003|6": 35500.09375,
  "Z0276003|7": 1551.127807617188,
  "Z0283001|1": 56198.796875,
  "Z0283001|3": 48650.8515625,
  "Z0283001|4": 28947.853515625,
  "Z0283001|5": 68494.828125,
  "Z0283001|6": 0.0,
  "Z0283001|7": 0.0,
  "Z0284001|1": 185145.28125,
  "Z0284001|3": 156018.75,
  "Z0284001|4": 392250.96875,
  "Z0284001|5": 135046.546875,
  "Z0284001|6": 0.0,
  "Z0284001|7": 0.0,
  "Z0386001|1": 16791.142578125,
  "Z0386001|2": 8407.375,
  "Z0386001|3": 9988.2119140625,
  "Z0386001|4": 36572.94921875,
  "Z0386001|5": 43176.16796875,
  "Z0386001|6": 74021.6015625,
  "Z0386001|7": 34081.90234375,
  "Z0386002|1": 17473.2578125,
  "Z0386002|2": 18123.78515625,
  "Z0386002|3": 25699.638671875,
  "Z0386002|4": 39672.16796875,
  "Z0386002|5": 63111.328125,
  "Z0386002|6": 55940.1484375,
  "Z0386002|7": 20495.0625,
  "Z0386003|1": 28858.81640625,
  "Z0386003|2": 17425.544921875,
  "Z0386003|3": 37267.78125,
  "Z0386003|4": 60918.59375,
  "Z0386003|5": 81408.1015625,
  "Z0386003|6": 75619.1875,
  "Z0386003|7": 22804.318359375,
  "Z0386004|1": 6353.599609375,
  "Z0386004|2": 4529.85888671875,
  "Z0386004|3": 6745.763671875,
  "Z0386004|4": 10004.916015625,
  "Z0386004|5": 9732.275390625,
  "Z0386004|6": 10296.13671875,
  "Z0386004|7": 4945.6171875,
  "Z0386005|1": 640.6170654296875,
  "Z0386005|2": 3203.053955078125,
  "Z0386005|3": 4849.21923828125,
  "Z0386005|4": 4317.0439453125,
  "Z0386005|5": 5129.2548828125,
  "Z0386005|6": 6800.3916015625,
  "Z0386005|7": 2940.012939453125,
  "Z0386006|1": 6079.69580078125,
  "Z0386006|2": 4571.06005859375,
  "Z0386006|3": 6785.333984375,
  "Z0386006|4": 10870.474609375,
  "Z0386006|5": 10775.794921875,
  "Z0386006|6": 13358.458984375,
  "Z0386006|7": 6092.1181640625,
  "Z0386007|1": 4305.98046875,
  "Z0386007|2": 5915.419921875,
  "Z0386007|3": 7887.23974609375,
  "Z0386007|4": 8999.07421875,
  "Z0386007|5": 21528.76953125,
  "Z0386007|6": 21507.181640625,
  "Z0386007|7": 11844.615234375,
  "Z0646001|1": 37432.2421875,
  "Z0646001|2": 42800.99609375,
  "Z0646001|3": 67055.8828125,
  "Z0646001|4": 117689.171875,
  "Z0646001|5": 143558.109375,
  "Z0646001|6": 61241.48046875,
  "Z0646001|7": 33519.78515625,
  "Z0646002|1": 31819.515625,
  "Z0646002|2": 38618.25390625,
  "Z0646002|3": 74261.8671875,
  "Z0646002|4": 120316.84375,
  "Z0646002|5": 138778.953125,
  "Z0646002|6": 71755.1171875,
  "Z0646002|7": 28769.642578125,
  "Z0646003|1": 4412.82568359375,
  "Z0646003|2": 1114.44775390625,
  "Z0646003|3": 2993.70068359375,
  "Z0646003|4": 4079.91455078125,
  "Z0646003|5": 7502.46728515625,
  "Z0646003|6": 4674.28564453125,
  "Z0646003|7": 2987.355712890625,
  "Z0646004|1": 2453.014404296875,
  "Z0646004|2": 1348.877807617188,
  "Z0646004|3": 4329.7666015625,
  "Z0646004|4": 11748.8125,
  "Z0646004|5": 16642.154296875,
  "Z0646004|6": 11839.76953125,
  "Z0646004|7": 4139.18603515625,
  "Z0899001|1": 341372.71875,
  "Z0899001|3": 135260.375,
  "Z0899001|4": 199055.796875,
  "Z0899001|5": 207003.078125,
  "Z0899001|6": 0.0,
  "Z0899001|7": 0.0,
  "Z0908001|1": 132273.546875,
  "Z0908001|3": 119577.4140625,
  "Z0908001|4": 214764.65625,
  "Z0908001|5": 308565.6875,
  "Z0908001|6": 0.0,
  "Z0908001|7": 0.0,
  "Z0951001|1": 67758.125,
  "Z0951001|2": 32494.810546875,
  "Z0951001|3": 68123.2421875,
  "Z0951001|4": 94500.796875,
  "Z0951001|5": 155197.953125,
  "Z0951001|6": 95724.0625,
  "Z0951001|7": 2338.693603515625,
  "Z0951002|1": 63087.19921875,
  "Z0951002|2": 37661.8125,
  "Z0951002|3": 59578.48828125,
  "Z0951002|4": 84435.234375,
  "Z0951002|5": 137671.640625,
  "Z0951002|6": 97693.28125,
  "Z0951002|7": 4278.29931640625,
  "Z0972001|1": 63513.40234375,
  "Z0972001|3": 79386.8515625,
  "Z0972001|4": 106138.9296875,
  "Z0972001|5": 94086.5078125,
  "Z0972001|6": 0.0,
  "Z0972001|7": 0.0,
  "Z1031001|1": 18912.486328125,
  "Z1031001|2": 9738.4501953125,
  "Z1031001|3": 20196.4765625,
  "Z1031001|4": 49209.9375,
  "Z1031001|5": 49907.96875,
  "Z1031001|6": 34811.58203125,
  "Z1031001|7": 9858.42578125,
  "Z1031002|1": 24071.955078125,
  "Z1031002|2": 17084.412109375,
  "Z1031002|3": 38366.42578125,
  "Z1031002|4": 68156.4453125,
  "Z1031002|5": 69504.1171875,
  "Z1031002|6": 66440.3828125,
  "Z1031002|7": 8137.74072265625,
  "Z1119001|1": 33236.8203125,
  "Z1119001|2": 29658.275390625,
  "Z1119001|3": 50129.01953125,
  "Z1119001|4": 71353.046875,
  "Z1119001|5": 82218.8515625,
  "Z1119001|6": 70679.3671875,
  "Z1119001|7": 24894.0234375,
  "Z1169001|1": 137718.390625,
  "Z1169001|3": 64881.09765625,
  "Z1169001|4": 137943.296875,
  "Z1169001|5": 181350.84375,
  "Z1169001|6": 0.0,
  "Z1169001|7": 0.0,
  "Z1367001|1": 288005.09375,
  "Z1367001|3": 138340.109375,
  "Z1367001|4": 139366.765625,
  "Z1367001|5": 234011.453125,
  "Z1367001|6": 0.0,
  "Z1367001|7": 0.0,
  "Z1524001|1": 19042.18359375,
  "Z1524001|2": 42247.3046875,
  "Z1524001|3": 56550.46484375,
  "Z1524001|4": 110370.953125,
  "Z1524001|5": 137945.265625,
  "Z1524001|6": 93299.6640625,
  "Z1524001|7": 45977.69140625,
  "Z1665001|1": 104274.96875,
  "Z1665001|3": 71234.0625,
  "Z1665001|4": 85843.7109375,
  "Z1665001|5": 119595.4375,
  "Z1665001|6": 0.0,
  "Z1665001|7": 0.0,
  "Z1769001|1": 76641.078125,
  "Z1769001|3": 110755.5078125,
  "Z1769001|4": 145173.90625,
  "Z1769001|5": 164783.515625,
  "Z1769001|6": 0.0,
  "Z1769001|7": 0.0,
  "Z1899001|1": 12951.28515625,
  "Z1899001|2": 12725.888671875,
  "Z1899001|3": 48010.7265625,
  "Z1899001|4": 67483.6640625,
  "Z1899001|5": 65785.0390625,
  "Z1899001|6": 45753.42578125,
  "Z1899001|7": 16175.5126953125,
  "Z1899002|1": 17205.0859375,
  "Z1899002|2": 14897.1962890625,
  "Z1899002|3": 42808.62890625,
  "Z1899002|4": 56924.41796875,
  "Z1899002|5": 84015.3828125,
  "Z1899002|6": 59668.5,
  "Z1899002|7": 16880.080078125,
  "Z2011001|1": 46613.77734375,