{
  "Z0241002|1": 32332.1484375,
  "Z0241002|2": 30018.4765625,
  "Z0241002|3": 40502.62890625,
  "Z0241002|4": 43664.83984375,
  "Z0241002|5": 84617.515625,
  "Z0241002|6": 74078.6640625,
  "Z0241002|7": 44872.4765625,
  "Z0241003|1": 32542.76171875,
  "Z0241003|2": 28870.810546875,
  "Z0241003|3": 32116.376953125,
  "Z0241003|4": 29907.830078125,
  "Z0241003|5": 36009.8203125,
  "Z0241003|6": 43653.34765625,
  "Z0241003|7": 20079.166015625,
  "Z0241004|1": 43726.18359375,
  "Z0241004|2": 30064.287109375,
  "Z0241004|3": 52653.15234375,
  "Z0241004|4": 65739.0546875,
  "Z0241004|5": 97726.3984375,
  "Z0241004|6": 80762.5703125,
  "Z0241004|7": 49469.69140625,
  "Z0241005|1": 12871.1572265625,
  "Z0241005|2": 9924.8564453125,
  "Z0241005|3": 18675.005859375,
  "Z0241005|4": 16990.103515625,
  "Z0241005|5": 26568.07421875,
  "Z0241005|6": 27264.109375,
  "Z0241005|7": 27159.109375,
  "Z0241006|1": 4679.62158203125,
  "Z0241006|2": 4263.0947265625,
  "Z0241006|3": 11307.9638671875,
  "Z0241006|4": 10197.0478515625,
  "Z0241006|5": 6044.78955078125,
  "Z0241006|6": 4064.67333984375,
  "Z0241006|7": 1935.626586914062,
  "Z0241007|1": 13416.7373046875,
  "Z0241007|2": 8716.1494140625,
  "Z0241007|3": 19007.685546875,
  "Z0241007|4": 37114.71875,
  "Z0241007|5": 37410.20703125,
  "Z0241007|6": 31313.162109375,
  "Z0241007|7": 24599.1796875,
  "Z0241008|1": 5384.42626953125,
  "Z0241008|2": 3005.924560546875,
  "Z0241008|3": 6893.51513671875,
  "Z0241008|4": 9145.3779296875,
  "Z0241008|5": 14276.435546875,
  "Z0241008|6": 28175.67578125,
  "Z0241008|7": 16181.017578125,
  "Z0276001|1": 45635.5078125,
  "Z0276001|2": 26882.8515625,
  "Z0276001|3": 63428.0390625,
  "Z0276001|4": 62321.86328125,
  "Z0276001|5": 65489.6953125,
  "Z0276001|6": 67782.9375,
  "Z0276001|7": 39665.61328125,
  "Z0276002|1": 22684.486328125,
  "Z0276002|2": 20910.12109375,
  "Z0276002|3": 38922.734375,
  "Z0276002|4": 54098.3359375,
  "Z0276002|5": 83537.5390625,
  "Z0276002|6": 69489.6640625,
  "Z0276002|7": 35107.5234375,
  "Z0276003|1": 4727.71533203125,
  "Z0276003|2": 2286.15478515625,
  "Z0276003|3": 8610.4248046875,
  "Z0276003|4": 8671.1318359375,
  "Z0276003|5": 17762.837890625,
  "Z0276003|6": 29588.17578125,
  "Z0276003|7": 22090.376953125,
  "Z0283001|1": 24706.86328125,
  "Z0283001|2": 28645.58203125,
  "Z0283001|3": 53847.04296875,
  "Z0283001|4": 42742.01171875,
  "Z0283001|5": 42311.859375,
  "Z0283001|6": 0.0,
  "Z0283001|7": 0.0,
  "Z0284001|1": 64519.1328125,
  "Z0284001|2": 90247.3515625,
  "Z0284001|3": 97275.6953125,
  "Z0284001|4": 112237.28125,
  "Z0284001|5": 109087.3203125,
  "Z0284001|6": 0.0,
  "Z0284001|7": 0.0,
  "Z0386001|1": 36185.15234375,
  "Z0386001|2": 19752.33984375,
  "Z0386001|3": 33880.9453125,
  "Z0386001|4": 42256.125,
  "Z0386001|5": 53612.6640625,
  "Z0386001|6": 41343.42578125,
  "Z0386001|7": 35564.52734375,
  "Z0386002|1": 35110.91015625,
  "Z0386002|2": 24314.708984375,
  "Z0386002|3": 34569.1171875,
  "Z0386002|4": 51769.19140625,
  "Z0386002|5": 40379.75,
  "Z0386002|6": 40086.52734375,
  "Z0386002|7": 30879.64453125,
  "Z0386003|1": 40792.359375,
  "Z0386003|2": 24428.7421875,
  "Z0386003|3": 44013.52734375,
  "Z0386003|4": 41695.00390625,
  "Z0386003|5": 62186.55859375,
  "Z0386003|6": 40505.21875,
  "Z0386003|7": 32328.541015625,
  "Z0386004|1": 7746.20947265625,
  "Z0386004|2": 3859.542724609375,
  "Z0386004|3": 6666.79296875,
  "Z0386004|4": 7657.59375,
  "Z0386004|5": 5204.93505859375,
  "Z0386004|6": 7259.63037109375,
  "Z0386004|7": 6282.3935546875,
  "Z0386005|1": 6476.4150390625,
  "Z0386005|2": 3582.862060546875,
  "Z0386005|3": 7506.3740234375,
  "Z0386005|4": 14809.6083984375,
  "Z0386005|5": 23104.314453125,
  "Z0386005|6": 13449.61328125,
  "Z0386005|7": 9214.6103515625,
  "Z0386006|1": 4662.4580078125,
  "Z0386006|2": 3096.9990234375,
  "Z0386006|3": 4846.8046875,
  "Z0386006|4": 9157.8779296875,
  "Z0386006|5": 5220.25927734375,
  "Z0386006|6": 4913.11767578125,
  "Z0386006|7": 3889.892578125,
  "Z0386007|1": 15902.341796875,
  "Z0386007|2": 8456.0888671875,
  "Z0386007|3": 11331.5537109375,
  "Z0386007|4": 20898.37890625,
  "Z0386007|5": 17704.08203125,
  "Z0386007|6": 23234.576171875,
  "Z0386007|7": 29034.580078125,
  "Z0646001|1": 50935.32421875,
  "Z0646001|2": 38088.93359375,
  "Z0646001|3": 87720.5546875,
  "Z0646001|4": 99171.1328125,
  "Z0646001|5": 114010.3203125,
  "Z0646001|6": 89188.1796875,
  "Z0646001|7": 47411.9375,
  "Z0646002|1": 46809.04296875,
  "Z0646002|2": 33961.6953125,
  "Z0646002|3": 55404.45703125,
  "Z0646002|4": 97132.5625,
  "Z0646002|5": 105162.140625,
  "Z0646002|6": 91525.3828125,
  "Z0646002|7": 25579.044921875,
  "Z0646003|1": 2955.976806640625,
  "Z0646003|2": 1346.719848632812,
  "Z0646003|3": 1710.619018554688,
  "Z0646003|4": 2118.5810546875,
  "Z0646003|5": 4290.2939453125,
  "Z0646003|6": 3252.131591796875,
  "Z0646003|7": 3146.815185546875,
  "Z0646004|1": 2428.826904296875,
  "Z0646004|2": 2249.53369140625,
  "Z0646004|3": 2064.6552734375,
  "Z0646004|4": 779.4879760742188,
  "Z0646004|5": 9281.8251953125,
  "Z0646004|6": 6407.46728515625,
  "Z0646004|7": 6703.3935546875,
  "Z0899001|1": 83833.6328125,
  "Z0899001|2": 65340.34375,
  "Z0899001|3": 80579.9296875,
  "Z0899001|4": 108014.9296875,
  "Z0899001|5": 163779.078125,
  "Z0899001|6": 0.0,
  "Z0899001|7": 0.0,
  "Z0908001|1": 49993.5859375,
  "Z0908001|2": 54259.18359375,
  "Z0908001|3": 77056.1953125,
  "Z0908001|4": 104316.09375,
  "Z0908001|5": 95668.609375,
  "Z0908001|6": 0.0,
  "Z0908001|7": 0.0,
  "Z0951001|1": 48579.0,
  "Z0951001|2": 35132.17578125,
  "Z0951001|3": 64547.875,
  "Z0951001|4": 78904.921875,
  "Z0951001|5": 91431.5078125,
  "Z0951001|6": 55330.05859375,
  "Z0951001|7": 20591.380859375,
  "Z0951002|1": 38598.43359375,
  "Z0951002|2": 33441.3359375,
  "Z0951002|3": 43107.578125,
  "Z0951002|4": 72232.84375,
  "Z0951002|5": 71703.6015625,
  "Z0951002|6": 56530.59765625,
  "Z0951002|7": 15774.923828125,
  "Z0972001|1": 61509.8984375,
  "Z0972001|2": 35388.89453125,
  "Z0972001|3": 87585.390625,
  "Z0972001|4": 81016.5234375,
  "Z0972001|5": 68387.9765625,
  "Z0972001|6": 0.0,
  "Z0972001|7": 0.0,
  "Z1031001|1": 20014.27734375,
  "Z1031001|2": 14969.521484375,
  "Z1031001|3": 15457.958984375,
  "Z1031001|4": 27520.861328125,
  "Z1031001|5": 32499.02734375,
  "Z1031001|6": 30387.02734375,
  "Z1031001|7": 22375.248046875,
  "Z1031002|1": 23384.2109375,
  "Z1031002|2": 13616.7998046875,
  "Z1031002|3": 31672.43359375,
  "Z1031002|4": 42524.03515625,
  "Z1031002|5": 51600.21875,
  "Z1031002|6": 37198.8046875,
  "Z1031002|7": 29613.416015625,
  "Z1119001|1": 53667.70703125,
  "Z1119001|2": 40232.484375,
  "Z1119001|3": 68658.0,
  "Z1119001|4": 65056.43359375,
  "Z1119001|5": 93376.6953125,
  "Z1119001|6": 59528.375,
  "Z1119001|7": 29900.8125,
  "Z1169001|1": 75889.8203125,
  "Z1169001|2": 70689.609375,
  "Z1169001|3": 64349.09765625,
  "Z1169001|4": 61368.16015625,
  "Z1169001|5": 69457.59375,
  "Z1169001|6": 0.0,
  "Z1169001|7": 0.0,
  "Z1367001|1": 89288.1796875,
  "Z1367001|2": 57234.46484375,
  "Z1367001|3": 84064.9296875,
  "Z1367001|4": 131710.578125,
  "Z1367001|5": 97614.25,
  "Z1367001|6": 0.0,
  "Z1367001|7": 0.0,
  "Z1524001|1": 35190.859375,
  "Z1524001|2": 19960.005859375,
  "Z1524001|3": 45338.17578125,
  "Z1524001|4": 82351.796875,
  "Z1524001|5": 98499.5546875,
  "Z1524001|6": 73210.7265625,
  "Z1524001|7": 28960.82421875,
  "Z1665001|1": 51618.0859375,
  "Z1665001|2": 58505.44140625,
  "Z1665001|3": 83594.8359375,
  "Z1665001|4": 76510.875,
  "Z1665001|5": 91271.9921875,
  "Z1665001|6": 0.0,
  "Z1665001|7": 0.0,
  "Z1769001|1": 48154.4921875,
  "Z1769001|2": 40092.06640625,
  "Z1769001|3": 90420.6796875,
  "Z1769001|4": 131625.828125,
  "Z1769001|5": 133920.9375,
  "Z1769001|6": 0.0,
  "Z1769001|7": 0.0,
  "Z1899001|1": 22772.9921875,
  "Z1899001|2": 16219.025390625,
  "Z1899001|3": 29220.755859375,
  "Z1899001|4": 46562.6875,
  "Z1899001|5": 52691.28125,
  "Z1899001|6": 35298.92578125,