{
  "Z0241002|1": 143094.75,
  "Z0241002|2": 116510.5625,
  "Z0241002|3": 122036.0625,
  "Z0241002|4": 151665.703125,
  "Z0241002|5": 58789.015625,
  "Z0241002|6": 34506.46875,
  "Z0241002|7": 20017.896484375,
  "Z0241003|1": 141067.703125,
  "Z0241003|2": 117667.8515625,
  "Z0241003|3": 120274.859375,
  "Z0241003|4": 145595.265625,
  "Z0241003|5": 56001.09375,
  "Z0241003|6": 22909.537109375,
  "Z0241003|7": 12130.6787109375,
  "Z0241004|1": 163836.765625,
  "Z0241004|2": 126871.5703125,
  "Z0241004|3": 169652.203125,
  "Z0241004|4": 156229.90625,
  "Z0241004|5": 63887.05859375,
  "Z0241004|6": 31113.98828125,
  "Z0241004|7": 16187.7998046875,
  "Z0241005|1": 70654.421875,
  "Z0241005|2": 39713.6015625,
  "Z0241005|3": 51317.5078125,
  "Z0241005|4": 61917.359375,
  "Z0241005|5": 20278.052734375,
  "Z0241005|6": 11597.5810546875,
  "Z0241005|7": 5293.0693359375,
  "Z0241006|1": 20401.2890625,
  "Z0241006|2": 12113.0361328125,
  "Z0241006|3": 13655.8466796875,
  "Z0241006|4": 11372.9189453125,
  "Z0241006|5": 6084.81591796875,
  "Z0241006|6": 1846.889404296875,
  "Z0241006|7": 1022.525085449219,
  "Z0241007|1": 79629.9453125,
  "Z0241007|2": 52456.9453125,
  "Z0241007|3": 58999.53125,
  "Z0241007|4": 82558.671875,
  "Z0241007|5": 23630.552734375,
  "Z0241007|6": 16778.32421875,
  "Z0241007|7": 8890.619140625,
  "Z0241008|1": 20815.953125,
  "Z0241008|2": 17246.390625,
  "Z0241008|3": 16743.1875,
  "Z0241008|4": 18057.43359375,
  "Z0241008|5": 8887.9140625,
  "Z0241008|6": 4759.9912109375,
  "Z0241008|7": 3371.296142578125,
  "Z0276001|1": 83371.734375,
  "Z0276001|2": 90941.875,
  "Z0276001|3": 87491.28125,
  "Z0276001|4": 98414.8203125,
  "Z0276001|5": 47708.1875,
  "Z0276001|6": 25999.76171875,
  "Z0276001|7": 16363.8896484375,
  "Z0276002|1": 95787.1640625,
  "Z0276002|2": 68130.8359375,
  "Z0276002|3": 77353.8671875,
  "Z0276002|4": 81272.265625,
  "Z0276002|5": 35328.90234375,
  "Z0276002|6": 21325.779296875,
  "Z0276002|7": 10328.998046875,
  "Z0276003|1": 21662.08203125,
  "Z0276003|2": 19252.8359375,
  "Z0276003|3": 20851.421875,
  "Z0276003|4": 21318.4375,
  "Z0276003|5": 10844.5966796875,
  "Z0276003|6": 4956.65576171875,
  "Z0276003|7": 4083.990478515625,
  "Z0283001|1": 57306.1328125,
  "Z0283001|2": 107021.296875,
  "Z0283001|3": 67697.8515625,
  "Z0283001|4": 105151.859375,
  "Z0283001|5": 53088.0546875,
  "Z0283001|6": 0.0,
  "Z0283001|7": 0.0,
  "Z0284001|1": 173747.640625,
  "Z0284001|2": 190095.46875,
  "Z0284001|3": 219830.234375,
  "Z0284001|4": 170729.4375,
  "Z0284001|5": 98765.71875,
  "Z0284001|6": 0.0,
  "Z0284001|7": 0.0,
  "Z0386001|1": 107373.7890625,
  "Z0386001|2": 94451.515625,
  "Z0386001|3": 106193.703125,
  "Z0386001|4": 132587.65625,
  "Z0386001|5": 53353.15625,
  "Z0386001|6": 25863.986328125,
  "Z0386001|7": 13192.1513671875,
  "Z0386002|1": 134481.4375,
  "Z0386002|2": 125299.859375,
  "Z0386002|3": 144757.640625,
  "Z0386002|4": 172179.28125,
  "Z0386002|5": 62151.51953125,
  "Z0386002|6": 32460.498046875,
  "Z0386002|7": 11340.099609375,
  "Z0386003|1": 126062.765625,
  "Z0386003|2": 125141.265625,
  "Z0386003|3": 132278.21875,
  "Z0386003|4": 169471.421875,
  "Z0386003|5": 60522.94921875,
  "Z0386003|6": 32187.4609375,
  "Z0386003|7": 14115.509765625,
  "Z0386004|1": 43026.80859375,
  "Z0386004|2": 29161.248046875,
  "Z0386004|3": 34992.0,
  "Z0386004|4": 39541.984375,
  "Z0386004|5": 15909.328125,
  "Z0386004|6": 4628.43505859375,
  "Z0386004|7": 3391.239990234375,
  "Z0386005|1": 23419.296875,
  "Z0386005|2": 21846.818359375,
  "Z0386005|3": 31818.794921875,
  "Z0386005|4": 38685.98828125,
  "Z0386005|5": 17836.39453125,
  "Z0386005|6": 8572.0888671875,
  "Z0386005|7": 4264.95947265625,
  "Z0386006|1": 25252.080078125,
  "Z0386006|2": 19778.57421875,
  "Z0386006|3": 23055.1640625,
  "Z0386006|4": 23663.119140625,
  "Z0386006|5": 13156.0537109375,
  "Z0386006|6": 3687.61328125,
  "Z0386006|7": 4053.453125,
  "Z0386007|1": 65290.3203125,
  "Z0386007|2": 48235.546875,
  "Z0386007|3": 48480.34375,
  "Z0386007|4": 58488.15234375,
  "Z0386007|5": 18944.8828125,
  "Z0386007|6": 11489.1376953125,
  "Z0386007|7": 10309.392578125,
  "Z0646001|1": 187605.9375,
  "Z0646001|2": 168724.4375,
  "Z0646001|3": 203209.0625,
  "Z0646001|4": 202322.640625,
  "Z0646001|5": 73944.265625,
  "Z0646001|6": 36744.2421875,
  "Z0646001|7": 15408.52734375,
  "Z0646002|1": 214366.28125,
  "Z0646002|2": 191398.671875,
  "Z0646002|3": 205250.8125,
  "Z0646002|4": 206992.640625,
  "Z0646002|5": 73038.734375,
  "Z0646002|6": 35396.92578125,
  "Z0646002|7": 15737.349609375,
  "Z0646003|1": 18234.75390625,
  "Z0646003|2": 1830.24658203125,
  "Z0646003|3": 24086.443359375,
  "Z0646003|4": 2926.708984375,
  "Z0646003|5": 334.4574890136719,
  "Z0646003|6": 145.0020751953125,
  "Z0646003|7": 167.0116119384766,
  "Z0646004|1": 21704.744140625,
  "Z0646004|2": 12289.58984375,
  "Z0646004|3": 13939.6220703125,
  "Z0646004|4": 17405.26953125,
  "Z0646004|5": 4904.84423828125,
  "Z0646004|6": 2974.618408203125,
  "Z0646004|7": 539.4552001953125,
  "Z0899001|1": 334544.40625,
  "Z0899001|2": 259957.71875,
  "Z0899001|3": 258140.671875,
  "Z0899001|4": 290399.6875,
  "Z0899001|5": 152596.40625,
  "Z0899001|6": 0.0,
  "Z0899001|7": 0.0,
  "Z0908001|1": 205797.28125,
  "Z0908001|2": 180367.046875,
  "Z0908001|3": 177559.359375,
  "Z0908001|4": 162069.359375,
  "Z0908001|5": 280636.5,
  "Z0908001|6": 0.0,
  "Z0908001|7": 0.0,
  "Z0951001|1": 115599.5625,
  "Z0951001|2": 142153.25,
  "Z0951001|3": 188248.078125,
  "Z0951001|4": 189643.5,
  "Z0951001|5": 69740.9453125,
  "Z0951001|6": 36101.6640625,
  "Z0951001|7": 9170.9462890625,
  "Z0951002|1": 170382.328125,
  "Z0951002|2": 138627.75,
  "Z0951002|3": 186391.46875,
  "Z0951002|4": 187541.015625,
  "Z0951002|5": 66801.765625,
  "Z0951002|6": 35136.53515625,
  "Z0951002|7": 9114.3427734375,
  "Z0972001|1": 173840.125,
  "Z0972001|2": 131522.984375,
  "Z0972001|3": 190930.328125,
  "Z0972001|4": 166497.15625,
  "Z0972001|5": 107854.7109375,
  "Z0972001|6": 0.0,
  "Z0972001|7": 0.0,
  "Z1031001|1": 97196.8359375,
  "Z1031001|2": 75160.6171875,
  "Z1031001|3": 75965.2578125,
  "Z1031001|4": 102264.625,
  "Z1031001|5": 33943.2421875,
  "Z1031001|6": 13412.5205078125,
  "Z1031001|7": 4414.759765625,
  "Z1031002|1": 117908.6953125,
  "Z1031002|2": 98543.109375,
  "Z1031002|3": 98916.0625,
  "Z1031002|4": 108088.046875,
  "Z1031002|5": 37470.90234375,
  "Z1031002|6": 23149.091796875,
  "Z1031002|7": 10411.1591796875,
  "Z1119001|1": 234361.015625,
  "Z1119001|2": 240369.0,
  "Z1119001|3": 250864.625,
  "Z1119001|4": 256898.0,
  "Z1119001|5": 79532.6484375,
  "Z1119001|6": 60827.84375,
  "Z1119001|7": 10835.984375,
  "Z1169001|1": 163180.59375,
  "Z1169001|2": 171077.90625,
  "Z1169001|3": 160716.4375,
  "Z1169001|4": 157970.828125,
  "Z1169001|5": 126006.8671875,
  "Z1169001|6": 0.0,
  "Z1169001|7": 0.0,
  "Z1367001|1": 276383.375,
  "Z1367001|2": 255458.515625,
  "Z1367001|3": 333301.15625,
  "Z1367001|4": 325433.40625,
  "Z1367001|5": 124363.4140625,
  "Z1367001|6": 0.0,
  "Z1367001|7": 0.0,
  "Z1524001|1": 134014.265625,
  "Z1524001|2": 108791.3828125,
  "Z1524001|3": 113321.375,
  "Z1524001|4": 107376.65625,
  "Z1524001|5": 48870.55859375,
  "Z1524001|6": 26243.0546875,
  "Z1524001|7": 14241.3642578125,
  "Z1665001|1": 193869.921875,
  "Z1665001|2": 163749.140625,
  "Z1665001|3": 181345.0,
  "Z1665001|4": 265441.125,
  "Z1665001|5": 154645.25,
  "Z1665001|6": 0.0,
  "Z1665001|7": 0.0,
  "Z1769001|1": 231844.546875,
  "Z1769001|2": 156786.9375,
  "Z1769001|3": 190304.0625,
  "Z1769001|4": 207208.515625,
  "Z1769001|5": 69662.0390625,
  "Z1769001|6": 0.0,
  "Z1769001|7": 0.0,
  "Z1899001|1": 122601.4765625,
  "Z1899001|2": 97929.7421875,
  "Z1899001|3": 88358.1328125,
  "Z1899001|4": 115096.7265625,
  "Z1899001|5": 35439.92578125,
  "Z1899001|6": 16132.130859375,
  "Z1899001|7": 2274.692138671875,
  "Z1899002|1": 127446.6328125,
  "Z1899002|2": 110086.078125,
  "Z1899002|3": 113453.625,