{
  "Z0241002|1": 135876.3125,
  "Z0241002|2": 169664.484375,
  "Z0241002|3": 79064.078125,
  "Z0241002|4": 90003.6484375,
  "Z0241002|5": 61547.64453125,
  "Z0241002|6": 59398.47265625,
  "Z0241002|7": 49562.51953125,
  "Z0241003|1": 143268.703125,
  "Z0241003|2": 145446.0625,
  "Z0241003|3": 61234.58984375,
  "Z0241003|4": 59104.125,
  "Z0241003|5": 27981.24609375,
  "Z0241003|6": 22090.955078125,
  "Z0241003|7": 14992.3232421875,
  "Z0241004|1": 112161.140625,
  "Z0241004|2": 141885.59375,
  "Z0241004|3": 55506.71484375,
  "Z0241004|4": 62472.015625,
  "Z0241004|5": 56197.1875,
  "Z0241004|6": 29760.27734375,
  "Z0241004|7": 17142.025390625,
  "Z0241005|1": 48646.81640625,
  "Z0241005|2": 62651.90625,
  "Z0241005|3": 27742.4453125,
  "Z0241005|4": 35389.82421875,
  "Z0241005|5": 33841.5078125,
  "Z0241005|6": 13169.3642578125,
  "Z0241005|7": 8125.8427734375,
  "Z0241006|1": 15438.2255859375,
  "Z0241006|2": 16162.451171875,
  "Z0241006|3": 9696.298828125,
  "Z0241006|4": 26019.806640625,
  "Z0241006|5": 22249.53515625,
  "Z0241006|6": 1228.243041992188,
  "Z0241006|7": 205.8602905273438,
  "Z0241007|1": 63729.0390625,
  "Z0241007|2": 73243.96875,
  "Z0241007|3": 30698.00390625,
  "Z0241007|4": 20071.890625,
  "Z0241007|5": 23754.90234375,
  "Z0241007|6": 13387.2587890625,
  "Z0241007|7": 9102.75,
  "Z0241008|1": 34229.0703125,
  "Z0241008|2": 29304.181640625,
  "Z0241008|3": 15872.2705078125,
  "Z0241008|4": 10781.59375,
  "Z0241008|5": 13976.1669921875,
  "Z0241008|6": 7184.65380859375,
  "Z0241008|7": 4361.90625,
  "Z0276001|1": 105022.6796875,
  "Z0276001|2": 96522.0546875,
  "Z0276001|3": 37228.9921875,
  "Z0276001|4": 41001.62109375,
  "Z0276001|5": 35542.8125,
  "Z0276001|6": 25439.224609375,
  "Z0276001|7": 9257.3466796875,
  "Z0276002|1": 77954.328125,
  "Z0276002|2": 88742.125,
  "Z0276002|3": 30785.8125,
  "Z0276002|4": 16855.43359375,
  "Z0276002|5": 33976.0390625,
  "Z0276002|6": 23427.54296875,
  "Z0276002|7": 7250.99853515625,
  "Z0276003|1": 31624.443359375,
  "Z0276003|2": 47281.0703125,
  "Z0276003|3": 23862.623046875,
  "Z0276003|4": 13769.2373046875,
  "Z0276003|5": 9435.5498046875,
  "Z0276003|6": 11113.943359375,
  "Z0276003|7": 7425.64453125,
  "Z0283001|1": 33623.51953125,
  "Z0283001|2": 49974.41015625,
  "Z0283001|3": 34555.06640625,
  "Z0283001|4": 31102.3515625,
  "Z0283001|5": 20517.357421875,
  "Z0283001|6": 0.0,
  "Z0283001|7": 0.0,
  "Z0284001|1": 216290.609375,
  "Z0284001|2": 168333.703125,
  "Z0284001|3": 64694.0078125,
  "Z0284001|4": 62416.51171875,
  "Z0284001|5": 52490.63671875,
  "Z0284001|6": 0.0,
  "Z0284001|7": 0.0,
  "Z0386001|1": 42317.9921875,
  "Z0386001|2": 86528.3046875,
  "Z0386001|3": 37958.54296875,
  "Z0386001|4": 42728.9296875,
  "Z0386001|5": 36208.75,
  "Z0386001|6": 24729.658203125,
  "Z0386001|7": 12382.732421875,
  "Z0386002|1": 91374.6484375,
  "Z0386002|2": 91802.90625,
  "Z0386002|3": 40638.29296875,
  "Z0386002|4": 50594.51953125,
  "Z0386002|5": 33238.5,
  "Z0386002|6": 20941.25,
  "Z0386002|7": 12704.7392578125,
  "Z0386003|1": 88142.515625,
  "Z0386003|2": 83136.640625,
  "Z0386003|3": 42221.4453125,
  "Z0386003|4": 47957.734375,
  "Z0386003|5": 34638.54296875,
  "Z0386003|6": 24160.06640625,
  "Z0386003|7": 10816.4375,
  "Z0386004|1": 6795.19140625,
  "Z0386004|2": 14114.48828125,
  "Z0386004|3": 10624.4013671875,
  "Z0386004|4": 6496.37060546875,
  "Z0386004|5": 6419.06982421875,
  "Z0386004|6": 1905.472534179688,
  "Z0386004|7": 5057.1552734375,
  "Z0386005|1": 5321.13525390625,
  "Z0386005|2": 4619.52197265625,
  "Z0386005|3": 1966.482055664062,
  "Z0386005|4": 2263.704833984375,
  "Z0386005|5": 3401.56591796875,
  "Z0386005|6": 1181.794799804688,
  "Z0386005|7": 601.3529663085938,
  "Z0386006|1": 4126.51513671875,
  "Z0386006|2": 5605.20849609375,
  "Z0386006|3": 3818.2939453125,
  "Z0386006|4": 4440.74169921875,
  "Z0386006|5": 5030.80859375,
  "Z0386006|6": 2320.25244140625,
  "Z0386006|7": 835.251220703125,
  "Z0386007|1": 4605.10888671875,
  "Z0386007|2": 29709.7421875,
  "Z0386007|3": 9233.396484375,
  "Z0386007|4": 12851.5556640625,
  "Z0386007|5": 7048.8837890625,
  "Z0386007|6": 6141.10791015625,
  "Z0386007|7": 7616.61865234375,
  "Z0646001|1": 131344.609375,
  "Z0646001|2": 110886.453125,
  "Z0646001|3": 40995.09375,
  "Z0646001|4": 62568.25,
  "Z0646001|5": 32725.73046875,
  "Z0646001|6": 13282.9560546875,
  "Z0646001|7": 16440.6796875,
  "Z0646002|1": 149103.0,
  "Z0646002|2": 110956.6953125,
  "Z0646002|3": 47511.734375,
  "Z0646002|4": 50435.25,
  "Z0646002|5": 26589.255859375,
  "Z0646002|6": 14924.685546875,
  "Z0646002|7": 18343.46875,
  "Z0646003|1": 8554.501953125,
  "Z0646003|2": 5645.32177734375,
  "Z0646003|3": 3501.27197265625,
  "Z0646003|4": 1660.370483398438,
  "Z0646003|5": 1176.919555664062,
  "Z0646003|6": 705.5781860351562,
  "Z0646003|7": 1686.05126953125,
  "Z0646004|1": 14738.0556640625,
  "Z0646004|2": 15139.748046875,
  "Z0646004|3": 6047.9541015625,
  "Z0646004|4": 2977.441650390625,
  "Z0646004|5": 2420.176513671875,
  "Z0646004|6": 3980.577880859375,
  "Z0646004|7": 3766.75927734375,
  "Z0899001|1": 299009.625,
  "Z0899001|2": 178706.875,
  "Z0899001|3": 121434.328125,
  "Z0899001|4": 125293.3984375,
  "Z0899001|5": 132403.296875,
  "Z0899001|6": 0.0,
  "Z0899001|7": 0.0,
  "Z0908001|1": 97585.078125,
  "Z0908001|2": 141027.75,
  "Z0908001|3": 79753.453125,
  "Z0908001|4": 111092.6484375,
  "Z0908001|5": 193155.515625,
  "Z0908001|6": 0.0,
  "Z0908001|7": 0.0,
  "Z0951001|1": 136152.203125,
  "Z0951001|2": 118103.953125,
  "Z0951001|3": 73241.59375,
  "Z0951001|4": 72269.5078125,
  "Z0951001|5": 46025.0703125,
  "Z0951001|6": 30221.310546875,
  "Z0951001|7": 17724.857421875,
  "Z0951002|1": 118418.84375,
  "Z0951002|2": 118322.3203125,
  "Z0951002|3": 66690.4453125,
  "Z0951002|4": 81517.8828125,
  "Z0951002|5": 61375.609375,
  "Z0951002|6": 36246.65234375,
  "Z0951002|7": 18866.240234375,
  "Z0972001|1": 108121.03125,
  "Z0972001|2": 95301.40625,
  "Z0972001|3": 54924.6328125,
  "Z0972001|4": 39909.61328125,
  "Z0972001|5": 35182.59375,
  "Z0972001|6": 0.0,
  "Z0972001|7": 0.0,
  "Z1031001|1": 40956.015625,
  "Z1031001|2": 34568.18359375,
  "Z1031001|3": 24504.251953125,
  "Z1031001|4": 20864.318359375,
  "Z1031001|5": 15527.193359375,
  "Z1031001|6": 8183.078125,
  "Z1031001|7": 5568.5185546875,
  "Z1031002|1": 57286.30859375,
  "Z1031002|2": 77640.859375,
  "Z1031002|3": 31310.623046875,
  "Z1031002|4": 37385.078125,
  "Z1031002|5": 25315.138671875,
  "Z1031002|6": 15885.8095703125,
  "Z1031002|7": 10959.6279296875,
  "Z1119001|1": 65603.0390625,
  "Z1119001|2": 90101.8984375,
  "Z1119001|3": 35995.453125,
  "Z1119001|4": 34768.48046875,
  "Z1119001|5": 23082.71484375,
  "Z1119001|6": 27602.623046875,
  "Z1119001|7": 12341.607421875,
  "Z1169001|1": 133083.359375,
  "Z1169001|2": 230455.9375,
  "Z1169001|3": 59444.828125,
  "Z1169001|4": 114763.296875,
  "Z1169001|5": 59224.19921875,
  "Z1169001|6": 0.0,
  "Z1169001|7": 0.0,
  "Z1367001|1": 237271.5,
  "Z1367001|2": 214460.109375,
  "Z1367001|3": 108451.9140625,
  "Z1367001|4": 126549.3984375,
  "Z1367001|5": 79277.3046875,
  "Z1367001|6": 0.0,
  "Z1367001|7": 0.0,
  "Z1524001|1": 136307.078125,
  "Z1524001|2": 121006.2421875,
  "Z1524001|3": 45657.3984375,
  "Z1524001|4": 50134.13671875,
  "Z1524001|5": 30046.234375,
  "Z1524001|6": 12922.869140625,
  "Z1524001|7": 16116.3193359375,
  "Z1665001|1": 112052.09375,
  "Z1665001|2": 168992.859375,
  "Z1665001|3": 54155.97265625,
  "Z1665001|4": 65629.5703125,
  "Z1665001|5": 35814.13671875,
  "Z1665001|6": 0.0,
  "Z1665001|7": 0.0,
  "Z1769001|1": 209673.203125,
  "Z1769001|2": 175986.28125,
  "Z1769001|3": 65989.5078125,
  "Z1769001|4": 86149.296875,
  "Z1769001|5": 46195.73828125,
  "Z1769001|6": 0.0,
  "Z1769001|7": 0.0,
  "Z1899001|1": 63833.0546875,
  "Z1899001|2": 85470.9609375,
  "Z1899001|3": 29960.10546875,
  "Z1899001|4": 33565.59375,
  "Z1899001|5": 25051.044921875,
  "Z1899001|6": 11440.9775390625,