{
  "Z0241002|1": 47163.75,
  "Z0241002|2": 47036.2734375,
  "Z0241002|3": 34302.15625,
  "Z0241002|4": 25858.857421875,
  "Z0241002|5": 19782.36328125,
  "Z0241002|6": 15923.1669921875,
  "Z0241002|7": 27694.865234375,
  "Z0241003|1": 50113.7734375,
  "Z0241003|2": 49803.5078125,
  "Z0241003|3": 32897.69921875,
  "Z0241003|4": 25090.47265625,
  "Z0241003|5": 21729.037109375,
  "Z0241003|6": 17921.03515625,
  "Z0241003|7": 29568.01953125,
  "Z0241004|1": 70288.3046875,
  "Z0241004|2": 52618.69921875,
  "Z0241004|3": 47161.63671875,
  "Z0241004|4": 24507.75390625,
  "Z0241004|5": 21783.15234375,
  "Z0241004|6": 12973.5263671875,
  "Z0241004|7": 23503.65234375,
  "Z0241005|1": 26539.703125,
  "Z0241005|2": 14677.310546875,
  "Z0241005|3": 15717.5146484375,
  "Z0241005|4": 11922.1572265625,
  "Z0241005|5": 12919.3701171875,
  "Z0241005|6": 11265.6318359375,
  "Z0241005|7": 12350.7314453125,
  "Z0241006|1": 47803.0703125,
  "Z0241006|2": 28642.01953125,
  "Z0241006|3": 28624.21484375,
  "Z0241006|4": 31257.318359375,
  "Z0241006|5": 30122.275390625,
  "Z0241006|6": 3404.987060546875,
  "Z0241006|7": 2784.669921875,
  "Z0241007|1": 16953.763671875,
  "Z0241007|2": 13854.748046875,
  "Z0241007|3": 13280.615234375,
  "Z0241007|4": 10948.9755859375,
  "Z0241007|5": 8367.3349609375,
  "Z0241007|6": 4804.01904296875,
  "Z0241007|7": 15098.76171875,
  "Z0241008|1": 0.0,
  "Z0241008|2": 0.0,
  "Z0241008|3": 0.0,
  "Z0241008|4": 1143.782836914062,
  "Z0241008|5": 2302.08935546875,
  "Z0241008|6": 2603.431884765625,
  "Z0241008|7": 2849.380126953125,
  "Z0276001|1": 60365.546875,
  "Z0276001|2": 40785.5546875,
  "Z0276001|3": 27435.865234375,
  "Z0276001|4": 26251.466796875,
  "Z0276001|5": 24965.27734375,
  "Z0276001|6": 25770.62109375,
  "Z0276001|7": 31484.458984375,
  "Z0276002|1": 36340.5078125,
  "Z0276002|2": 27498.55078125,
  "Z0276002|3": 23053.845703125,
  "Z0276002|4": 20106.693359375,
  "Z0276002|5": 20500.466796875,
  "Z0276002|6": 16675.916015625,
  "Z0276002|7": 31137.02734375,
  "Z0276003|1": 21460.130859375,
  "Z0276003|2": 17742.36328125,
  "Z0276003|3": 12441.0927734375,
  "Z0276003|4": 10154.95703125,
  "Z0276003|5": 7162.12841796875,
  "Z0276003|6": 4184.9765625,
  "Z0276003|7": 10775.705078125,
  "Z0283001|1": 23588.220703125,
  "Z0283001|2": 22407.283203125,
  "Z0283001|3": 16006.255859375,
  "Z0283001|4": 12551.048828125,
  "Z0283001|5": 27450.65234375,
  "Z0283001|6": 0.0,
  "Z0283001|7": 0.0,
  "Z0284001|1": 128176.953125,
  "Z0284001|2": 84513.09375,
  "Z0284001|3": 41918.59765625,
  "Z0284001|4": 42228.96875,
  "Z0284001|5": 78110.265625,
  "Z0284001|6": 0.0,
  "Z0284001|7": 0.0,
  "Z0386001|1": 47707.74609375,
  "Z0386001|2": 21548.83203125,
  "Z0386001|3": 23102.619140625,
  "Z0386001|4": 19667.552734375,
  "Z0386001|5": 22718.328125,
  "Z0386001|6": 15193.97265625,
  "Z0386001|7": 17204.59375,
  "Z0386002|1": 36847.20703125,
  "Z0386002|2": 28501.95703125,
  "Z0386002|3": 24062.6328125,
  "Z0386002|4": 18731.904296875,
  "Z0386002|5": 18988.5078125,
  "Z0386002|6": 17374.583984375,
  "Z0386002|7": 15306.87109375,
  "Z0386003|1": 55168.85546875,
  "Z0386003|2": 30348.634765625,
  "Z0386003|3": 19964.509765625,
  "Z0386003|4": 19126.7890625,
  "Z0386003|5": 19504.62890625,
  "Z0386003|6": 20637.669921875,
  "Z0386003|7": 19376.623046875,
  "Z0386004|1": 10089.6455078125,
  "Z0386004|2": 7932.73681640625,
  "Z0386004|3": 8546.09375,
  "Z0386004|4": 10513.509765625,
  "Z0386004|5": 8744.169921875,
  "Z0386004|6": 5995.71044921875,
  "Z0386004|7": 7183.3505859375,
  "Z0386005|1": 607.2720336914062,
  "Z0386005|2": 1685.484619140625,
  "Z0386005|3": 1128.428588867188,
  "Z0386005|4": 689.6614990234375,
  "Z0386005|5": 1247.510864257812,
  "Z0386005|6": 1250.7998046875,
  "Z0386005|7": 3245.15673828125,
  "Z0386006|1": 3699.360595703125,
  "Z0386006|2": 3396.169677734375,
  "Z0386006|3": 5286.09912109375,
  "Z0386006|4": 3390.388427734375,
  "Z0386006|5": 3342.45166015625,
  "Z0386006|6": 1673.501342773438,
  "Z0386006|7": 4413.736328125,
  "Z0386007|1": 11963.779296875,
  "Z0386007|2": 8556.802734375,
  "Z0386007|3": 9096.400390625,
  "Z0386007|4": 8697.822265625,
  "Z0386007|5": 5052.48193359375,
  "Z0386007|6": 2775.326171875,
  "Z0386007|7": 6596.24267578125,
  "Z0646001|1": 15658.48828125,
  "Z0646001|2": 51981.66015625,
  "Z0646001|3": 27526.49609375,
  "Z0646001|4": 27782.322265625,
  "Z0646001|5": 20973.720703125,
  "Z0646001|6": 20469.833984375,
  "Z0646001|7": 14058.4833984375,
  "Z0646002|1": 35139.92578125,
  "Z0646002|2": 36510.90234375,
  "Z0646002|3": 28274.05078125,
  "Z0646002|4": 24133.97265625,
  "Z0646002|5": 21637.591796875,
  "Z0646002|6": 19498.044921875,
  "Z0646002|7": 17212.126953125,
  "Z0646003|1": 889.0668334960938,
  "Z0646003|2": 2709.585693359375,
  "Z0646003|3": 3000.121337890625,
  "Z0646003|4": 976.2076416015625,
  "Z0646003|5": 2761.94775390625,
  "Z0646003|6": 544.0310668945312,
  "Z0646003|7": 148.8715972900391,
  "Z0646004|1": 2262.243408203125,
  "Z0646004|2": 1914.876220703125,
  "Z0646004|3": 846.7944946289062,
  "Z0646004|4": 465.7171630859375,
  "Z0646004|5": 208.2683410644531,
  "Z0646004|6": 2.072574138641357,
  "Z0646004|7": 1.939790725708008,
  "Z0899001|1": 77750.6171875,
  "Z0899001|2": 60204.5625,
  "Z0899001|3": 29657.51953125,
  "Z0899001|4": 50265.07421875,
  "Z0899001|5": 30402.72265625,
  "Z0899001|6": 0.0,
  "Z0899001|7": 0.0,
  "Z0908001|1": 68409.265625,
  "Z0908001|2": 34947.1171875,
  "Z0908001|3": 29835.28125,
  "Z0908001|4": 46531.16015625,
  "Z0908001|5": 22705.072265625,
  "Z0908001|6": 0.0,
  "Z0908001|7": 0.0,
  "Z0951001|1": 64308.76171875,
  "Z0951001|2": 56939.84375,
  "Z0951001|3": 55065.4609375,
  "Z0951001|4": 51164.62109375,
  "Z0951001|5": 48127.3046875,
  "Z0951001|6": 12711.4169921875,
  "Z0951001|7": 8103.8974609375,
  "Z0951002|1": 67080.015625,
  "Z0951002|2": 72953.5,
  "Z0951002|3": 66437.6796875,
  "Z0951002|4": 49372.91796875,
  "Z0951002|5": 33134.16796875,
  "Z0951002|6": 15961.361328125,
  "Z0951002|7": 9808.4716796875,
  "Z0972001|1": 50508.078125,
  "Z0972001|2": 58090.7109375,
  "Z0972001|3": 36722.98046875,
  "Z0972001|4": 23813.923828125,
  "Z0972001|5": 33554.7578125,
  "Z0972001|6": 0.0,
  "Z0972001|7": 0.0,
  "Z1031001|1": 22939.927734375,
  "Z1031001|2": 17165.142578125,
  "Z1031001|3": 13583.396484375,
  "Z1031001|4": 8212.169921875,
  "Z1031001|5": 8032.875,
  "Z1031001|6": 9555.5439453125,
  "Z1031001|7": 6216.98095703125,
  "Z1031002|1": 26554.794921875,
  "Z1031002|2": 21537.7578125,
  "Z1031002|3": 21248.75,
  "Z1031002|4": 19122.685546875,
  "Z1031002|5": 14014.1591796875,
  "Z1031002|6": 11307.4853515625,
  "Z1031002|7": 12392.30078125,
  "Z1119001|1": 71672.453125,
  "Z1119001|2": 56189.9609375,
  "Z1119001|3": 34022.45703125,
  "Z1119001|4": 24686.392578125,
  "Z1119001|5": 21599.2421875,
  "Z1119001|6": 16640.05859375,
  "Z1119001|7": 8421.458984375,
  "Z1169001|1": 57916.7890625,
  "Z1169001|2": 28089.45703125,
  "Z1169001|3": 22099.3984375,
  "Z1169001|4": 28827.822265625,
  "Z1169001|5": 53340.96875,
  "Z1169001|6": 0.0,
  "Z1169001|7": 0.0,
  "Z1367001|1": 115286.734375,
  "Z1367001|2": 54595.83203125,
  "Z1367001|3": 37906.3671875,
  "Z1367001|4": 32786.87890625,
  "Z1367001|5": 41321.234375,
  "Z1367001|6": 0.0,
  "Z1367001|7": 0.0,
  "Z1524001|1": 35978.72265625,
  "Z1524001|2": 17933.20703125,
  "Z1524001|3": 18398.681640625,
  "Z1524001|4": 19377.455078125,
  "Z1524001|5": 16711.099609375,
  "Z1524001|6": 15061.611328125,
  "Z1524001|7": 20599.580078125,
  "Z1665001|1": 73980.484375,
  "Z1665001|2": 61770.23046875,
  "Z1665001|3": 25545.0078125,
  "Z1665001|4": 19771.8203125,
  "Z1665001|5": 26496.001953125,
  "Z1665001|6": 0.0,
  "Z1665001|7": 0.0,
  "Z1769001|1": 66782.2421875,
  "Z1769001|2": 57060.5234375,
  "Z1769001|3": 32073.046875,
  "Z1769001|4": 25708.46484375,
  "Z1769001|5": 22486.75,
  "Z1769001|6": 0.0,
  "Z1769001|7": 0.0,
  "Z1899001|1": 50805.53125,
  "Z1899001|2": 42297.89453125,