{
  "Z0241002|1": 112176.9765625,
  "Z0241002|2": 51932.75390625,
  "Z0241002|3": 27791.408203125,
  "Z0241002|4": 21016.359375,
  "Z0241002|5": 34770.734375,
  "Z0241002|6": 9836.5234375,
  "Z0241002|7": 36752.53125,
  "Z0241003|1": 122558.5703125,
  "Z0241003|2": 44407.203125,
  "Z0241003|3": 32677.826171875,
  "Z0241003|4": 27937.142578125,
  "Z0241003|5": 16831.40234375,
  "Z0241003|6": 1562.546630859375,
  "Z0241003|7": 17421.474609375,
  "Z0241004|1": 151571.265625,
  "Z0241004|2": 47967.38671875,
  "Z0241004|3": 33530.52734375,
  "Z0241004|4": 22899.40625,
  "Z0241004|5": 46081.02734375,
  "Z0241004|6": 1293.396240234375,
  "Z0241004|7": 26139.640625,
  "Z0241005|1": 34826.82421875,
  "Z0241005|2": 5576.736328125,
  "Z0241005|3": 4956.9521484375,
  "Z0241005|4": 14250.482421875,
  "Z0241005|5": 11024.5751953125,
  "Z0241005|6": 2300.72607421875,
  "Z0241005|7": 1887.327880859375,
  "Z0241006|1": 15463.9990234375,
  "Z0241006|2": 3324.873291015625,
  "Z0241006|3": 3983.37353515625,
  "Z0241006|4": 7671.5625,
  "Z0241006|5": 9003.4873046875,
  "Z0241006|6": 797.59521484375,
  "Z0241006|7": 1016.555541992188,
  "Z0241007|1": 52717.6484375,
  "Z0241007|2": 16969.6015625,
  "Z0241007|3": 5077.7802734375,
  "Z0241007|4": 12640.08984375,
  "Z0241007|5": 14012.095703125,
  "Z0241007|6": 1685.30810546875,
  "Z0241007|7": 11416.1259765625,
  "Z0241008|1": 0.3646885752677917,
  "Z0241008|2": 0.3305465281009674,
  "Z0241008|3": 0.300089031457901,
  "Z0241008|4": 0.5100892782211304,
  "Z0241008|5": 0.5057429075241089,
  "Z0241008|6": 0.1035033687949181,
  "Z0241008|7": 0.1252758949995041,
  "Z0276001|1": 89277.0,
  "Z0276001|2": 21947.671875,
  "Z0276001|3": 22627.36328125,
  "Z0276001|4": 20315.57421875,
  "Z0276001|5": 49823.93359375,
  "Z0276001|6": 40162.64453125,
  "Z0276001|7": 36189.58984375,
  "Z0276002|1": 52530.953125,
  "Z0276002|2": 7648.5556640625,
  "Z0276002|3": 6358.673828125,
  "Z0276002|4": 21523.248046875,
  "Z0276002|5": 27586.9375,
  "Z0276002|6": 28703.921875,
  "Z0276002|7": 27701.5703125,
  "Z0276003|1": 20025.408203125,
  "Z0276003|2": 6043.4677734375,
  "Z0276003|3": 5211.505859375,
  "Z0276003|4": 11034.779296875,
  "Z0276003|5": 9988.23046875,
  "Z0276003|6": 1809.79736328125,
  "Z0276003|7": 1452.165893554688,
  "Z0283001|1": 155782.203125,
  "Z0283001|2": 76833.765625,
  "Z0283001|3": 41485.18359375,
  "Z0283001|4": 47277.9140625,
  "Z0283001|5": 38746.8203125,
  "Z0284001|1": 203568.25,
  "Z0284001|2": 156354.203125,
  "Z0284001|3": 80228.03125,
  "Z0284001|4": 94264.7890625,
  "Z0284001|5": 136686.796875,
  "Z0386001|1": 122492.6640625,
  "Z0386001|2": 49688.7890625,
  "Z0386001|3": 38047.8125,
  "Z0386001|4": 20877.67578125,
  "Z0386001|5": 23053.541015625,
  "Z0386001|6": 1880.268310546875,
  "Z0386001|7": 36183.4453125,
  "Z0386002|1": 125830.1015625,
  "Z0386002|2": 65613.796875,
  "Z0386002|3": 41980.09765625,
  "Z0386002|4": 21869.37890625,
  "Z0386002|5": 72416.6015625,
  "Z0386002|6": 16361.6083984375,
  "Z0386002|7": 37499.16796875,
  "Z0386003|1": 117933.9921875,
  "Z0386003|2": 68939.546875,
  "Z0386003|3": 50954.44921875,
  "Z0386003|4": 25455.630859375,
  "Z0386003|5": 53117.546875,
  "Z0386003|6": 60798.1015625,
  "Z0386003|7": 46080.67578125,
  "Z0386004|1": 39325.41796875,
  "Z0386004|2": 7916.92822265625,
  "Z0386004|3": 7765.6552734375,
  "Z0386004|4": 12747.900390625,
  "Z0386004|5": 12497.845703125,
  "Z0386004|6": 2492.61767578125,
  "Z0386004|7": 2929.580810546875,
  "Z0386005|1": 5079.20458984375,
  "Z0386005|2": 2008.927734375,
  "Z0386005|3": 1086.998413085938,
  "Z0386005|4": 3269.724365234375,
  "Z0386005|5": 2605.28515625,
  "Z0386005|6": 1093.21630859375,
  "Z0386005|7": 1644.542846679688,
  "Z0386006|1": 17418.865234375,
  "Z0386006|2": 5921.06494140625,
  "Z0386006|3": 4633.14892578125,
  "Z0386006|4": 8708.0732421875,
  "Z0386006|5": 9774.23828125,
  "Z0386006|6": 2942.17626953125,
  "Z0386006|7": 2284.223388671875,
  "Z0386007|1": 0.208793580532074,
  "Z0386007|2": 0.1722277402877808,
  "Z0386007|3": 0.2679404616355896,
  "Z0386007|4": 0.2595566511154175,
  "Z0386007|5": 0.2539891600608826,
  "Z0386007|6": 0.09532401710748672,
  "Z0386007|7": 0.1052019521594048,
  "Z0646001|1": 190857.65625,
  "Z0646001|2": 98089.109375,
  "Z0646001|3": 52152.078125,
  "Z0646001|4": 79766.921875,
  "Z0646001|5": 119797.828125,
  "Z0646001|6": 79242.609375,
  "Z0646001|7": 60339.57421875,
  "Z0646002|1": 200654.515625,
  "Z0646002|2": 99753.2265625,
  "Z0646002|3": 58027.6875,
  "Z0646002|4": 81899.4765625,
  "Z0646002|5": 146820.046875,
  "Z0646002|6": 82700.6796875,
  "Z0646002|7": 50649.89453125,
  "Z0646003|1": 0.3176733255386353,
  "Z0646003|2": 0.2838722169399261,
  "Z0646003|3": 0.1981722265481949,
  "Z0646003|4": 0.2351640611886978,
  "Z0646003|5": 0.26165571808815,
  "Z0646003|6": 0.07108374685049057,
  "Z0646003|7": 0.08090902864933014,
  "Z0646004|1": 0.316618949174881,
  "Z0646004|2": 0.2798640131950378,
  "Z0646004|3": 0.1943540871143341,
  "Z0646004|4": 0.2447743564844131,
  "Z0646004|5": 0.2744118869304657,
  "Z0646004|6": 0.07860559225082397,
  "Z0646004|7": 0.08802982419729233,
  "Z0899001|1": 360061.90625,
  "Z0899001|2": 187109.359375,
  "Z0899001|3": 158148.6875,
  "Z0899001|4": 138274.6875,
  "Z0899001|5": 149136.984375,
  "Z0908001|1": 249120.359375,
  "Z0908001|2": 75851.6875,
  "Z0908001|3": 107705.2578125,
  "Z0908001|4": 84778.8828125,
  "Z0908001|5": 68874.03125,
  "Z0951001|1": 128857.3515625,
  "Z0951001|2": 80211.3515625,
  "Z0951001|3": 59822.5703125,
  "Z0951001|4": 82091.765625,
  "Z0951001|5": 135699.03125,
  "Z0951001|6": 65116.96484375,
  "Z0951001|7": 50980.59765625,
  "Z0951002|1": 116259.15625,
  "Z0951002|2": 62331.8046875,
  "Z0951002|3": 57560.62109375,
  "Z0951002|4": 109391.6796875,
  "Z0951002|5": 142084.65625,
  "Z0951002|6": 83664.6875,
  "Z0951002|7": 27913.78515625,
  "Z0972001|1": 224020.453125,
  "Z0972001|2": 70553.6328125,
  "Z0972001|3": 58760.55859375,
  "Z0972001|4": 62478.62890625,
  "Z0972001|5": 102856.375,
  "Z1031001|1": 75342.4765625,
  "Z1031001|2": 23387.873046875,
  "Z1031001|3": 10268.736328125,
  "Z1031001|4": 11992.9833984375,
  "Z1031001|5": 14566.28515625,
  "Z1031001|6": 2148.138671875,
  "Z1031001|7": 1410.067016601562,
  "Z1031002|1": 141947.1875,
  "Z1031002|2": 50046.80859375,
  "Z1031002|3": 34042.10546875,
  "Z1031002|4": 20749.0859375,
  "Z1031002|5": 20694.99609375,
  "Z1031002|6": 1834.846923828125,
  "Z1031002|7": 10814.3642578125,
  "Z1119001|1": 210514.53125,
  "Z1119001|2": 113857.1640625,
  "Z1119001|3": 84439.6640625,
  "Z1119001|4": 59668.55859375,
  "Z1119001|5": 62841.72265625,
  "Z1119001|6": 24522.16015625,
  "Z1119001|7": 29113.142578125,
  "Z1169001|1": 166763.0,
  "Z1169001|2": 84668.4296875,
  "Z1169001|3": 97009.7734375,
  "Z1169001|4": 69982.6796875,
  "Z1169001|5": 64373.48046875,
  "Z1367001|1": 337535.59375,
  "Z1367001|2": 163458.75,
  "Z1367001|3": 102539.046875,
  "Z1367001|4": 79980.96875,
  "Z1367001|5": 109811.9765625,
  "Z1524001|1": 140346.421875,
  "Z1524001|2": 47564.4609375,
  "Z1524001|3": 5803.54296875,
  "Z1524001|4": 11313.5,
  "Z1524001|5": 94249.8671875,
  "Z1524001|6": 96776.8203125,
  "Z1524001|7": 1756.863159179688,
  "Z1665001|1": 184155.265625,
  "Z1665001|2": 69025.53125,
  "Z1665001|3": 82318.8828125,
  "Z1665001|4": 65387.60546875,
  "Z1665001|5": 63130.7734375,
  "Z1769001|1": 314851.84375,
  "Z1769001|2": 146194.375,
  "Z1769001|3": 82893.7421875,
  "Z1769001|4": 179879.171875,
  "Z1769001|5": 195171.625,
  "Z1899001|1": 82087.3828125,
  "Z1899001|2": 39913.6484375,
  "Z1899001|3": 10001.681640625,
  "Z1899001|4": 18708.099609375,
  "Z1899001|5": 64930.125,
  "Z1899001|6": 11388.7958984375,
  "Z1899001|7": 1539.88427734375,
  "Z1899002|1": 110210.4453125,
  "Z1899002|2": 50463.15625,
  "Z1899002|3": 31369.35546875,
  "Z1899002|4": 29115.66796875,
  "Z1899002|5": 101107.609375,
  "Z1899002|6": 58701.74609375,
  "Z1899002|7": 43122.30078125,
  "Z2011001|1": 93878.03125,