{
  "Z0241002|1": 58228.62890625,
  "Z0241002|2": 59877.80859375,
  "Z0241002|3": 43443.890625,
  "Z0241002|4": 21904.265625,
  "Z0241002|5": 23415.6015625,
  "Z0241002|6": 14169.802734375,
  "Z0241002|7": 10567.9345703125,
  "Z0241003|1": 70277.2109375,
  "Z0241003|2": 61601.1875,
  "Z0241003|3": 33710.48828125,
  "Z0241003|4": 23388.439453125,
  "Z0241003|5": 22584.8984375,
  "Z0241003|6": 13160.6865234375,
  "Z0241003|7": 10283.267578125,
  "Z0241004|1": 73330.6171875,
  "Z0241004|2": 68180.296875,
  "Z0241004|3": 38171.41015625,
  "Z0241004|4": 28833.025390625,
  "Z0241004|5": 24750.80859375,
  "Z0241004|6": 12972.4853515625,
  "Z0241004|7": 10868.263671875,
  "Z0241005|1": 34701.546875,
  "Z0241005|2": 25518.134765625,
  "Z0241005|3": 13639.3701171875,
  "Z0241005|4": 9841.9248046875,
  "Z0241005|5": 13364.294921875,
  "Z0241005|6": 7079.8251953125,
  "Z0241005|7": 4864.39697265625,
  "Z0241006|1": 14470.576171875,
  "Z0241006|2": 9222.53125,
  "Z0241006|3": 5696.40283203125,
  "Z0241006|4": 4976.63818359375,
  "Z0241006|5": 6460.00634765625,
  "Z0241006|6": 2348.240234375,
  "Z0241006|7": 189.749267578125,
  "Z0241007|1": 38672.82421875,
  "Z0241007|2": 24342.630859375,
  "Z0241007|3": 15758.51171875,
  "Z0241007|4": 13402.2431640625,
  "Z0241007|5": 10757.66796875,
  "Z0241007|6": 6800.25537109375,
  "Z0241007|7": 4425.80078125,
  "Z0241008|1": 13897.4775390625,
  "Z0241008|2": 10636.91015625,
  "Z0241008|3": 6579.5078125,
  "Z0241008|4": 7509.36279296875,
  "Z0241008|5": 5686.23486328125,
  "Z0241008|6": 4979.0263671875,
  "Z0241008|7": 1837.56640625,
  "Z0276001|1": 64927.75390625,
  "Z0276001|2": 47336.73046875,
  "Z0276001|3": 32895.62890625,
  "Z0276001|4": 23308.744140625,
  "Z0276001|5": 18535.30078125,
  "Z0276001|6": 19243.029296875,
  "Z0276001|7": 12821.669921875,
  "Z0276002|1": 70530.875,
  "Z0276002|2": 55191.5703125,
  "Z0276002|3": 34411.56640625,
  "Z0276002|4": 29570.818359375,
  "Z0276002|5": 28515.314453125,
  "Z0276002|6": 12962.740234375,
  "Z0276002|7": 8440.158203125,
  "Z0276003|1": 9255.162109375,
  "Z0276003|2": 10958.255859375,
  "Z0276003|3": 10950.1171875,
  "Z0276003|4": 8739.6201171875,
  "Z0276003|5": 9170.6484375,
  "Z0276003|6": 4887.3359375,
  "Z0276003|7": 4282.2265625,
  "Z0283001|1": 45351.3046875,
  "Z0283001|2": 43694.31640625,
  "Z0283001|3": 23911.04296875,
  "Z0283001|4": 16772.513671875,
  "Z0283001|5": 16783.01171875,
  "Z0283001|6": 0.0,
  "Z0283001|7": 0.0,
  "Z0284001|1": 87510.453125,
  "Z0284001|2": 72867.5078125,
  "Z0284001|3": 40155.43359375,
  "Z0284001|4": 53360.33203125,
  "Z0284001|5": 45835.9140625,
  "Z0284001|6": 0.0,
  "Z0284001|7": 0.0,
  "Z0386001|1": 48937.91015625,
  "Z0386001|2": 43468.21484375,
  "Z0386001|3": 32335.337890625,
  "Z0386001|4": 22828.98046875,
  "Z0386001|5": 23083.20703125,
  "Z0386001|6": 15780.259765625,
  "Z0386001|7": 12352.181640625,
  "Z0386002|1": 49157.4765625,
  "Z0386002|2": 42298.89453125,
  "Z0386002|3": 27321.11328125,
  "Z0386002|4": 26845.3203125,
  "Z0386002|5": 22511.76171875,
  "Z0386002|6": 17841.087890625,
  "Z0386002|7": 10256.6142578125,
  "Z0386003|1": 49669.6328125,
  "Z0386003|2": 44067.94921875,
  "Z0386003|3": 28883.2265625,
  "Z0386003|4": 29123.625,
  "Z0386003|5": 27054.046875,
  "Z0386003|6": 16056.1494140625,
  "Z0386003|7": 12305.69921875,
  "Z0386004|1": 6183.5146484375,
  "Z0386004|2": 5847.521484375,
  "Z0386004|3": 5481.53564453125,
  "Z0386004|4": 5697.27783203125,
  "Z0386004|5": 6368.67041015625,
  "Z0386004|6": 4141.25439453125,
  "Z0386004|7": 376.5724792480469,
  "Z0386005|1": 8500.20703125,
  "Z0386005|2": 7086.03369140625,
  "Z0386005|3": 4701.98974609375,
  "Z0386005|4": 6115.64404296875,
  "Z0386005|5": 6471.0947265625,
  "Z0386005|6": 3031.934326171875,
  "Z0386005|7": 3203.285400390625,
  "Z0386006|1": 5716.23681640625,
  "Z0386006|2": 5571.0078125,
  "Z0386006|3": 5045.462890625,
  "Z0386006|4": 4773.57373046875,
  "Z0386006|5": 4295.00634765625,
  "Z0386006|6": 2888.500732421875,
  "Z0386006|7": 2685.354248046875,
  "Z0386007|1": 30174.640625,
  "Z0386007|2": 19654.33203125,
  "Z0386007|3": 14992.638671875,
  "Z0386007|4": 13154.3125,
  "Z0386007|5": 13963.322265625,
  "Z0386007|6": 11686.0146484375,
  "Z0386007|7": 409.3308715820312,
  "Z0646001|1": 91707.15625,
  "Z0646001|2": 66768.8359375,
  "Z0646001|3": 48261.22265625,
  "Z0646001|4": 39313.96875,
  "Z0646001|5": 37534.9296875,
  "Z0646001|6": 25302.66796875,
  "Z0646001|7": 13902.75390625,
  "Z0646002|1": 91695.0859375,
  "Z0646002|2": 70315.359375,
  "Z0646002|3": 41155.4140625,
  "Z0646002|4": 36022.8046875,
  "Z0646002|5": 33476.38671875,
  "Z0646002|6": 20598.88671875,
  "Z0646002|7": 12752.49609375,
  "Z0646003|1": 3640.70068359375,
  "Z0646003|2": 2597.211669921875,
  "Z0646003|3": 2508.366455078125,
  "Z0646003|4": 1816.531982421875,
  "Z0646003|5": 1385.040649414062,
  "Z0646003|6": 1625.714965820312,
  "Z0646003|7": 1463.433837890625,
  "Z0646004|1": 6665.66064453125,
  "Z0646004|2": 1589.138427734375,
  "Z0646004|3": 1222.40478515625,
  "Z0646004|4": 1229.2705078125,
  "Z0646004|5": 960.9127197265625,
  "Z0646004|6": 1397.255126953125,
  "Z0646004|7": 585.7244262695312,
  "Z0899001|1": 172624.3125,
  "Z0899001|2": 99193.4921875,
  "Z0899001|3": 54238.5546875,
  "Z0899001|4": 61473.24609375,
  "Z0899001|5": 51744.52734375,
  "Z0899001|6": 0.0,
  "Z0899001|7": 0.0,
  "Z0908001|1": 116239.1796875,
  "Z0908001|2": 88029.59375,
  "Z0908001|3": 68781.265625,
  "Z0908001|4": 47167.65234375,
  "Z0908001|5": 51167.62890625,
  "Z0908001|6": 0.0,
  "Z0908001|7": 0.0,
  "Z0951001|1": 97199.046875,
  "Z0951001|2": 81524.0859375,
  "Z0951001|3": 54693.734375,
  "Z0951001|4": 37931.3515625,
  "Z0951001|5": 38733.69140625,
  "Z0951001|6": 16044.255859375,
  "Z0951001|7": 9281.4609375,
  "Z0951002|1": 85379.625,
  "Z0951002|2": 80592.734375,
  "Z0951002|3": 58581.375,
  "Z0951002|4": 39987.43359375,
  "Z0951002|5": 39371.7109375,
  "Z0951002|6": 13320.6337890625,
  "Z0951002|7": 2394.052001953125,
  "Z0972001|1": 78304.21875,
  "Z0972001|2": 63626.7578125,
  "Z0972001|3": 43211.328125,
  "Z0972001|4": 32301.435546875,
  "Z0972001|5": 50190.95703125,
  "Z0972001|6": 0.0,
  "Z0972001|7": 0.0,
  "Z1031001|1": 27123.283203125,
  "Z1031001|2": 21711.423828125,
  "Z1031001|3": 15707.298828125,
  "Z1031001|4": 12979.5029296875,
  "Z1031001|5": 12373.59375,
  "Z1031001|6": 4826.7138671875,
  "Z1031001|7": 4264.45361328125,
  "Z1031002|1": 54069.56640625,
  "Z1031002|2": 27474.703125,
  "Z1031002|3": 23374.146484375,
  "Z1031002|4": 20309.419921875,
  "Z1031002|5": 17762.666015625,
  "Z1031002|6": 10602.6640625,
  "Z1031002|7": 6673.07177734375,
  "Z1119001|1": 43605.234375,
  "Z1119001|2": 57052.61328125,
  "Z1119001|3": 26608.673828125,
  "Z1119001|4": 19641.083984375,
  "Z1119001|5": 20250.890625,
  "Z1119001|6": 15972.1015625,
  "Z1119001|7": 3837.407470703125,
  "Z1169001|1": 87326.625,
  "Z1169001|2": 58993.171875,
  "Z1169001|3": 58990.58203125,
  "Z1169001|4": 35565.515625,
  "Z1169001|5": 34325.69140625,
  "Z1169001|6": 0.0,
  "Z1169001|7": 0.0,
  "Z1367001|1": 175540.375,
  "Z1367001|2": 87173.0234375,
  "Z1367001|3": 71691.8984375,
  "Z1367001|4": 57028.62109375,
  "Z1367001|5": 74204.0859375,
  "Z1367001|6": 0.0,
  "Z1367001|7": 0.0,
  "Z1524001|1": 77671.5,
  "Z1524001|2": 58899.6875,
  "Z1524001|3": 30091.18359375,
  "Z1524001|4": 18844.251953125,
  "Z1524001|5": 20509.244140625,
  "Z1524001|6": 13586.412109375,
  "Z1524001|7": 11701.7734375,
  "Z1665001|1": 81368.1953125,
  "Z1665001|2": 50436.390625,
  "Z1665001|3": 46965.07421875,
  "Z1665001|4": 44927.57421875,
  "Z1665001|5": 34967.1875,
  "Z1665001|6": 0.0,
  "Z1665001|7": 0.0,
  "Z1769001|1": 137685.0,
  "Z1769001|2": 91719.6640625,
  "Z1769001|3": 53776.59375,
  "Z1769001|4": 32002.1640625,
  "Z1769001|5": 32757.72265625,
  "Z1769001|6": 0.0,
  "Z1769001|7": 0.0,
  "Z1899001|1": 55029.48046875,
  "Z1899001|2": 35516.8046875,
  "Z1899001|3": 16205.3935546875,
  "Z1899001|4": 14769.3232421875,