{
  "Z0241002|1": 92701.8125,
  "Z0241002|2": 68944.2109375,
  "Z0241002|3": 111354.8046875,
  "Z0241002|4": 135445.5625,
  "Z0241002|5": 147043.515625,
  "Z0241002|6": 62675.859375,
  "Z0241002|7": 50071.2734375,
  "Z0241003|1": 86178.734375,
  "Z0241003|2": 77681.0859375,
  "Z0241003|3": 109413.2265625,
  "Z0241003|4": 133226.6875,
  "Z0241003|5": 141958.921875,
  "Z0241003|6": 60346.12109375,
  "Z0241003|7": 45121.68359375,
  "Z0241004|1": 83339.6328125,
  "Z0241004|2": 77239.171875,
  "Z0241004|3": 120644.484375,
  "Z0241004|4": 156772.390625,
  "Z0241004|5": 158212.15625,
  "Z0241004|6": 46054.67578125,
  "Z0241004|7": 48448.44140625,
  "Z0241005|1": 51650.4453125,
  "Z0241005|2": 29042.673828125,
  "Z0241005|3": 37012.35546875,
  "Z0241005|4": 53563.09765625,
  "Z0241005|5": 43185.84765625,
  "Z0241005|6": 21584.998046875,
  "Z0241005|7": 22016.6015625,
  "Z0241006|1": 47762.12109375,
  "Z0241006|2": 40149.23828125,
  "Z0241006|3": 48461.1484375,
  "Z0241006|4": 42039.99609375,
  "Z0241006|5": 38613.09375,
  "Z0241006|6": 4076.5546875,
  "Z0241006|7": 1182.769775390625,
  "Z0241007|1": 57070.18359375,
  "Z0241007|2": 34671.94140625,
  "Z0241007|3": 48198.28515625,
  "Z0241007|4": 63539.8671875,
  "Z0241007|5": 59003.63671875,
  "Z0241007|6": 28323.59375,
  "Z0241007|7": 28080.369140625,
  "Z0241008|1": 0.06267982721328735,
  "Z0241008|2": 0.05068477615714073,
  "Z0241008|3": 0.05702454969286919,
  "Z0241008|4": 0.05181913450360298,
  "Z0241008|5": 0.09635819494724274,
  "Z0241008|6": 0.04325111210346222,
  "Z0241008|7": 0.04325111210346222,
  "Z0276001|1": 102147.40625,
  "Z0276001|2": 57239.59765625,
  "Z0276001|3": 90378.3515625,
  "Z0276001|4": 104211.984375,
  "Z0276001|5": 106889.65625,
  "Z0276001|6": 56902.19921875,
  "Z0276001|7": 43022.7734375,
  "Z0276002|1": 70995.328125,
  "Z0276002|2": 71868.6015625,
  "Z0276002|3": 69171.6953125,
  "Z0276002|4": 72496.6875,
  "Z0276002|5": 77088.9765625,
  "Z0276002|6": 42993.1171875,
  "Z0276002|7": 31494.9375,
  "Z0276003|1": 14928.1279296875,
  "Z0276003|2": 15812.802734375,
  "Z0276003|3": 13033.3759765625,
  "Z0276003|4": 16557.4453125,
  "Z0276003|5": 11035.7841796875,
  "Z0276003|6": 9331.712890625,
  "Z0276003|7": 9108.5830078125,
  "Z0283001|1": 74962.8359375,
  "Z0283001|2": 91514.03125,
  "Z0283001|3": 95795.78125,
  "Z0283001|4": 44507.6953125,
  "Z0283001|5": 48825.22265625,
  "Z0283001|6": 0.0,
  "Z0283001|7": 0.0,
  "Z0284001|1": 114976.5390625,
  "Z0284001|2": 172647.875,
  "Z0284001|3": 118262.3671875,
  "Z0284001|4": 79163.984375,
  "Z0284001|5": 117900.3203125,
  "Z0284001|6": 0.0,
  "Z0284001|7": 0.0,
  "Z0386001|1": 84707.78125,
  "Z0386001|2": 76076.28125,
  "Z0386001|3": 95197.796875,
  "Z0386001|4": 115947.1953125,
  "Z0386001|5": 144052.203125,
  "Z0386001|6": 58901.3671875,
  "Z0386001|7": 33380.515625,
  "Z0386002|1": 95811.59375,
  "Z0386002|2": 86840.8984375,
  "Z0386002|3": 132072.828125,
  "Z0386002|4": 132303.40625,
  "Z0386002|5": 153322.234375,
  "Z0386002|6": 64544.6171875,
  "Z0386002|7": 39571.3515625,
  "Z0386003|1": 102104.1640625,
  "Z0386003|2": 97785.96875,
  "Z0386003|3": 132761.203125,
  "Z0386003|4": 138091.71875,
  "Z0386003|5": 159727.921875,
  "Z0386003|6": 62925.19140625,
  "Z0386003|7": 43495.3984375,
  "Z0386004|1": 39724.71484375,
  "Z0386004|2": 19795.7265625,
  "Z0386004|3": 24975.171875,
  "Z0386004|4": 36560.5234375,
  "Z0386004|5": 35475.203125,
  "Z0386004|6": 21886.80078125,
  "Z0386004|7": 15170.0283203125,
  "Z0386005|1": 4107.54443359375,
  "Z0386005|2": 7761.77294921875,
  "Z0386005|3": 5510.416015625,
  "Z0386005|4": 6061.76416015625,
  "Z0386005|5": 5467.96337890625,
  "Z0386005|6": 5215.9892578125,
  "Z0386005|7": 5744.43310546875,
  "Z0386006|1": 20028.68359375,
  "Z0386006|2": 12992.1845703125,
  "Z0386006|3": 20321.166015625,
  "Z0386006|4": 33152.52734375,
  "Z0386006|5": 35090.828125,
  "Z0386006|6": 10844.888671875,
  "Z0386006|7": 8910.1689453125,
  "Z0386007|1": 0.06817291676998138,
  "Z0386007|2": 0.05694796144962311,
  "Z0386007|3": 0.06598223000764847,
  "Z0386007|4": 0.09276629239320755,
  "Z0386007|5": 0.1222845539450645,
  "Z0386007|6": 0.06737395375967026,
  "Z0386007|7": 0.06737395375967026,
  "Z0646001|1": 113930.8671875,
  "Z0646001|2": 125503.9453125,
  "Z0646001|3": 170441.4375,
  "Z0646001|4": 160270.828125,
  "Z0646001|5": 183832.71875,
  "Z0646001|6": 94535.625,
  "Z0646001|7": 51608.39453125,
  "Z0646002|1": 126202.96875,
  "Z0646002|2": 125211.53125,
  "Z0646002|3": 165825.21875,
  "Z0646002|4": 159354.390625,
  "Z0646002|5": 185499.953125,
  "Z0646002|6": 104384.4609375,
  "Z0646002|7": 51828.23046875,
  "Z0646003|1": 7069.47021484375,
  "Z0646003|2": 7146.0849609375,
  "Z0646003|3": 5140.3349609375,
  "Z0646003|4": 7601.87451171875,
  "Z0646003|5": 8223.7841796875,
  "Z0646003|6": 6600.34228515625,
  "Z0646003|7": 5406.95947265625,
  "Z0646004|1": 7100.56982421875,
  "Z0646004|2": 6967.44970703125,
  "Z0646004|3": 7578.396484375,
  "Z0646004|4": 5430.94287109375,
  "Z0646004|5": 5784.2578125,
  "Z0646004|6": 4808.88671875,
  "Z0646004|7": 3751.594970703125,
  "Z0899001|1": 221926.75,
  "Z0899001|2": 183524.421875,
  "Z0899001|3": 240169.15625,
  "Z0899001|4": 274544.15625,
  "Z0899001|5": 246087.484375,
  "Z0899001|6": 0.0,
  "Z0899001|7": 0.0,
  "Z0908001|1": 203272.984375,
  "Z0908001|2": 110861.0234375,
  "Z0908001|3": 113270.7578125,
  "Z0908001|4": 90707.9453125,
  "Z0908001|5": 133596.03125,
  "Z0908001|6": 0.0,
  "Z0908001|7": 0.0,
  "Z0951001|1": 104822.3046875,
  "Z0951001|2": 82437.5234375,
  "Z0951001|3": 99496.2578125,
  "Z0951001|4": 95647.8984375,
  "Z0951001|5": 111411.953125,
  "Z0951001|6": 69457.7265625,
  "Z0951001|7": 35998.6328125,
  "Z0951002|1": 116623.34375,
  "Z0951002|2": 92251.328125,
  "Z0951002|3": 112508.734375,
  "Z0951002|4": 99137.3828125,
  "Z0951002|5": 122965.0,
  "Z0951002|6": 67645.515625,
  "Z0951002|7": 6400.99072265625,
  "Z0972001|1": 105618.5546875,
  "Z0972001|2": 94960.9453125,
  "Z0972001|3": 77259.65625,
  "Z0972001|4": 90474.6796875,
  "Z0972001|5": 146764.4375,
  "Z0972001|6": 0.0,
  "Z0972001|7": 0.0,
  "Z1031001|1": 52649.54296875,
  "Z1031001|2": 47120.06640625,
  "Z1031001|3": 46732.1015625,
  "Z1031001|4": 44431.4453125,
  "Z1031001|5": 65916.09375,
  "Z1031001|6": 40107.79296875,
  "Z1031001|7": 26343.025390625,
  "Z1031002|1": 86522.2265625,
  "Z1031002|2": 63964.30859375,
  "Z1031002|3": 85502.125,
  "Z1031002|4": 110809.015625,
  "Z1031002|5": 120179.2890625,
  "Z1031002|6": 56180.0234375,
  "Z1031002|7": 43447.5546875,
  "Z1119001|1": 192084.890625,
  "Z1119001|2": 187915.671875,
  "Z1119001|3": 224596.09375,
  "Z1119001|4": 211133.984375,
  "Z1119001|5": 249924.90625,
  "Z1119001|6": 6178.96142578125,
  "Z1119001|7": 95183.8125,
  "Z1169001|1": 93876.359375,
  "Z1169001|2": 132421.5625,
  "Z1169001|3": 96210.71875,
  "Z1169001|4": 85167.71875,
  "Z1169001|5": 78823.9921875,
  "Z1169001|6": 0.0,
  "Z1169001|7": 0.0,
  "Z1367001|1": 246280.46875,
  "Z1367001|2": 158400.28125,
  "Z1367001|3": 150825.0,
  "Z1367001|4": 185304.234375,
  "Z1367001|5": 164872.78125,
  "Z1367001|6": 0.0,
  "Z1367001|7": 0.0,
  "Z1524001|1": 80578.5390625,
  "Z1524001|2": 69922.1640625,
  "Z1524001|3": 83989.921875,
  "Z1524001|4": 63993.109375,
  "Z1524001|5": 86601.4765625,
  "Z1524001|6": 61215.19140625,
  "Z1524001|7": 47185.9453125,
  "Z1665001|1": 122928.0703125,
  "Z1665001|2": 144230.21875,
  "Z1665001|3": 99857.390625,
  "Z1665001|4": 94368.984375,
  "Z1665001|5": 103590.5,
  "Z1665001|6": 0.0,
  "Z1665001|7": 0.0,
  "Z1769001|1": 209684.78125,
  "Z1769001|2": 186489.5625,
  "Z1769001|3": 178237.59375,
  "Z1769001|4": 108006.0703125,
  "Z1769001|5": 146790.328125,
  "Z1769001|6": 0.0,
  "Z1769001|7": 0.0,
  "Z1899001|1": 68246.265625,
  "Z1899001|2": 40953.90625,
  "Z1899001|3": 64905.53515625,
  "Z1899001|4": 56728.59375,
  "Z1899001|5": 73367.078125,
  "Z1899001|6": 52774.06640625,
  "Z1899001|7": 41567.0859375,
  "Z1899002|1": 33655.6796875,