{
  "Z0241002|1": 19860.9140625,
  "Z0241002|2": 17852.384765625,
  "Z0241002|3": 36101.796875,
  "Z0241002|4": 45359.10546875,
  "Z0241002|5": 67036.6171875,
  "Z0241002|6": 53791.55078125,
  "Z0241002|7": 25288.107421875,
  "Z0241003|1": 19978.150390625,
  "Z0241003|2": 17757.765625,
  "Z0241003|3": 35680.09765625,
  "Z0241003|4": 43418.171875,
  "Z0241003|5": 67069.875,
  "Z0241003|6": 43032.36328125,
  "Z0241003|7": 24327.01953125,
  "Z0241004|1": 23702.029296875,
  "Z0241004|2": 33123.21875,
  "Z0241004|3": 40284.6953125,
  "Z0241004|4": 53117.51171875,
  "Z0241004|5": 84210.2421875,
  "Z0241004|6": 47123.87109375,
  "Z0241004|7": 24751.85546875,
  "Z0241005|1": 8462.24609375,
  "Z0241005|2": 6312.23876953125,
  "Z0241005|3": 950.5607299804688,
  "Z0241005|4": 9855.4130859375,
  "Z0241005|5": 26375.16015625,
  "Z0241005|6": 25449.75390625,
  "Z0241005|7": 9147.4814453125,
  "Z0241006|1": 1245.541625976562,
  "Z0241006|2": 5335.2001953125,
  "Z0241006|3": 8366.4296875,
  "Z0241006|4": 9625.517578125,
  "Z0241006|5": 8768.9501953125,
  "Z0241006|6": 3377.829833984375,
  "Z0241006|7": 1358.984619140625,
  "Z0241007|1": 7806.6591796875,
  "Z0241007|2": 6503.73876953125,
  "Z0241007|3": 719.9135131835938,
  "Z0241007|4": 1503.2734375,
  "Z0241007|5": 16985.154296875,
  "Z0241007|6": 30890.4765625,
  "Z0241007|7": 12452.6923828125,
  "Z0241008|1": 1445.48193359375,
  "Z0241008|2": 3531.802001953125,
  "Z0241008|3": 5985.0224609375,
  "Z0241008|4": 7927.5263671875,
  "Z0241008|5": 7383.88623046875,
  "Z0241008|6": 6907.58642578125,
  "Z0241008|7": 7611.01220703125,
  "Z0276001|1": 26667.884765625,
  "Z0276001|2": 27082.615234375,
  "Z0276001|3": 52497.11328125,
  "Z0276001|4": 76622.1484375,
  "Z0276001|5": 95789.75,
  "Z0276001|6": 47552.58203125,
  "Z0276001|7": 26613.943359375,
  "Z0276002|1": 20878.390625,
  "Z0276002|2": 21498.546875,
  "Z0276002|3": 48424.63671875,
  "Z0276002|4": 59906.9296875,
  "Z0276002|5": 80690.1953125,
  "Z0276002|6": 39681.6875,
  "Z0276002|7": 21796.6484375,
  "Z0276003|1": 3469.722900390625,
  "Z0276003|2": 5054.884765625,
  "Z0276003|3": 10032.13671875,
  "Z0276003|4": 14211.6533203125,
  "Z0276003|5": 17306.390625,
  "Z0276003|6": 14032.4921875,
  "Z0276003|7": 9187.73046875,
  "Z0283001|1": 18074.951171875,
  "Z0283001|2": 35482.9375,
  "Z0283001|3": 33980.80078125,
  "Z0283001|4": 46166.359375,
  "Z0283001|5": 54274.5,
  "Z0283001|6": 0.0,
  "Z0283001|7": 0.0,
  "Z0284001|1": 49092.94140625,
  "Z0284001|2": 45824.078125,
  "Z0284001|3": 65504.9921875,
  "Z0284001|4": 73491.234375,
  "Z0284001|5": 200709.625,
  "Z0284001|6": 0.0,
  "Z0284001|7": 0.0,
  "Z0386001|1": 25742.689453125,
  "Z0386001|2": 19867.431640625,
  "Z0386001|3": 35078.6015625,
  "Z0386001|4": 44324.3515625,
  "Z0386001|5": 62821.8046875,
  "Z0386001|6": 46942.12109375,
  "Z0386001|7": 26227.341796875,
  "Z0386002|1": 23176.23046875,
  "Z0386002|2": 29412.861328125,
  "Z0386002|3": 36064.90625,
  "Z0386002|4": 51539.1796875,
  "Z0386002|5": 64561.53515625,
  "Z0386002|6": 46942.12109375,
  "Z0386002|7": 26002.73828125,
  "Z0386003|1": 22968.02734375,
  "Z0386003|2": 31025.58203125,
  "Z0386003|3": 34748.7265625,
  "Z0386003|4": 51928.2578125,
  "Z0386003|5": 81427.1328125,
  "Z0386003|6": 49687.80078125,
  "Z0386003|7": 25835.880859375,
  "Z0386004|1": 1125.05859375,
  "Z0386004|2": 4497.28076171875,
  "Z0386004|3": 6148.9169921875,
  "Z0386004|4": 6673.185546875,
  "Z0386004|5": 5424.88232421875,
  "Z0386004|6": 9919.8427734375,
  "Z0386004|7": 9400.6953125,
  "Z0386005|1": 4614.5185546875,
  "Z0386005|2": 6021.07373046875,
  "Z0386005|3": 14390.7138671875,
  "Z0386005|4": 12734.1240234375,
  "Z0386005|5": 16748.94140625,
  "Z0386005|6": 15908.2353515625,
  "Z0386005|7": 9649.646484375,
  "Z0386006|1": 3606.33349609375,
  "Z0386006|2": 3970.178955078125,
  "Z0386006|3": 4607.49853515625,
  "Z0386006|4": 8430.8271484375,
  "Z0386006|5": 11564.88671875,
  "Z0386006|6": 10071.828125,
  "Z0386006|7": 6561.40625,
  "Z0386007|1": 3040.072021484375,
  "Z0386007|2": 7433.99658203125,
  "Z0386007|3": 14346.791015625,
  "Z0386007|4": 26500.171875,
  "Z0386007|5": 24224.87109375,
  "Z0386007|6": 13903.2978515625,
  "Z0386007|7": 8850.3701171875,
  "Z0646001|1": 31342.134765625,
  "Z0646001|2": 37523.3984375,
  "Z0646001|3": 52414.96484375,
  "Z0646001|4": 61836.08984375,
  "Z0646001|5": 91748.5703125,
  "Z0646001|6": 56254.85546875,
  "Z0646001|7": 17845.931640625,
  "Z0646002|1": 25920.7578125,
  "Z0646002|2": 37347.49609375,
  "Z0646002|3": 50218.94140625,
  "Z0646002|4": 54978.5234375,
  "Z0646002|5": 70841.71875,
  "Z0646002|6": 53999.87890625,
  "Z0646002|7": 24875.671875,
  "Z0646003|1": 1265.802734375,
  "Z0646003|2": 1171.137451171875,
  "Z0646003|3": 2259.437255859375,
  "Z0646003|4": 4110.53662109375,
  "Z0646003|5": 4301.22705078125,
  "Z0646003|6": 5174.59130859375,
  "Z0646003|7": 5074.43603515625,
  "Z0646004|1": 2511.537841796875,
  "Z0646004|2": 1217.444091796875,
  "Z0646004|3": 2339.295166015625,
  "Z0646004|4": 2160.5556640625,
  "Z0646004|5": 6511.39208984375,
  "Z0646004|6": 5002.5751953125,
  "Z0646004|7": 4947.58349609375,
  "Z0899001|1": 63543.4921875,
  "Z0899001|2": 63543.4921875,
  "Z0899001|3": 87331.6484375,
  "Z0899001|4": 61665.71875,
  "Z0899001|5": 195711.390625,
  "Z0899001|6": 0.0,
  "Z0899001|7": 0.0,
  "Z0908001|1": 31676.8984375,
  "Z0908001|2": 39213.9453125,
  "Z0908001|3": 131041.8984375,
  "Z0908001|4": 48828.88671875,
  "Z0908001|5": 195005.65625,
  "Z0908001|6": 0.0,
  "Z0908001|7": 0.0,
  "Z0951001|1": 33119.23828125,
  "Z0951001|2": 45741.2109375,
  "Z0951001|3": 60491.890625,
  "Z0951001|4": 63414.7265625,
  "Z0951001|5": 85580.2734375,
  "Z0951001|6": 45595.6484375,
  "Z0951001|7": 13893.0517578125,
  "Z0951002|1": 27342.30078125,
  "Z0951002|2": 42287.484375,
  "Z0951002|3": 50547.890625,
  "Z0951002|4": 59242.64453125,
  "Z0951002|5": 84549.1796875,
  "Z0951002|6": 40576.93359375,
  "Z0951002|7": 6327.10400390625,
  "Z0972001|1": 34682.609375,
  "Z0972001|2": 22066.720703125,
  "Z0972001|3": 24946.638671875,
  "Z0972001|4": 40085.75390625,
  "Z0972001|5": 108489.203125,
  "Z0972001|6": 0.0,
  "Z0972001|7": 0.0,
  "Z1031001|1": 15882.3427734375,
  "Z1031001|2": 9114.3095703125,
  "Z1031001|3": 17089.603515625,
  "Z1031001|4": 20217.82421875,
  "Z1031001|5": 31021.943359375,
  "Z1031001|6": 36997.41796875,
  "Z1031001|7": 17963.96484375,
  "Z1031002|1": 19124.9296875,
  "Z1031002|2": 11060.6357421875,
  "Z1031002|3": 24940.4296875,
  "Z1031002|4": 30748.59765625,
  "Z1031002|5": 46928.9609375,
  "Z1031002|6": 44643.08203125,
  "Z1031002|7": 25733.408203125,
  "Z1119001|1": 21543.23046875,
  "Z1119001|2": 18894.931640625,
  "Z1119001|3": 34490.2734375,
  "Z1119001|4": 46009.97265625,
  "Z1119001|5": 106365.6484375,
  "Z1119001|6": 80986.3125,
  "Z1119001|7": 17008.755859375,
  "Z1169001|1": 43934.55078125,
  "Z1169001|2": 40159.94921875,
  "Z1169001|3": 91265.453125,
  "Z1169001|4": 40066.91015625,
  "Z1169001|5": 145488.625,
  "Z1169001|6": 0.0,
  "Z1169001|7": 0.0,
  "Z1367001|1": 70662.1015625,
  "Z1367001|2": 86912.8984375,
  "Z1367001|3": 97891.21875,
  "Z1367001|4": 63913.9921875,
  "Z1367001|5": 228349.796875,
  "Z1367001|6": 0.0,
  "Z1367001|7": 0.0,
  "Z1524001|1": 20899.986328125,
  "Z1524001|2": 18185.009765625,
  "Z1524001|3": 30936.763671875,
  "Z1524001|4": 35139.0390625,
  "Z1524001|5": 51032.65625,
  "Z1524001|6": 46628.09375,
  "Z1524001|7": 16787.291015625,
  "Z1665001|1": 45341.7578125,
  "Z1665001|2": 35601.171875,
  "Z1665001|3": 54184.0390625,
  "Z1665001|4": 54037.17578125,
  "Z1665001|5": 97364.3203125,
  "Z1665001|6": 0.0,
  "Z1665001|7": 0.0,
  "Z1769001|1": 32308.099609375,
  "Z1769001|2": 27235.59375,
  "Z1769001|3": 29567.830078125,
  "Z1769001|4": 36951.3984375,
  "Z1769001|5": 113884.796875,
  "Z1769001|6": 0.0,
  "Z1769001|7": 0.0,
  "Z1899001|1": 18546.048828125,
  "Z1899001|2": 11514.9501953125,
  "Z1899001|3": 15994.14453125,
  "Z1899001|4": 18250.755859375,