{
  "Z0241002|1": 160955.546875,
  "Z0241002|2": 125601.09375,
  "Z0241002|3": 48340.4609375,
  "Z0241002|4": 20154.943359375,
  "Z0241002|5": 26298.04296875,
  "Z0241002|6": 22716.765625,
  "Z0241002|7": 40776.4921875,
  "Z0241003|1": 119851.0703125,
  "Z0241003|2": 131727.0625,
  "Z0241003|3": 55742.2421875,
  "Z0241003|4": 35353.01171875,
  "Z0241003|5": 26866.099609375,
  "Z0241003|6": 21193.5390625,
  "Z0241003|7": 32127.91796875,
  "Z0241004|1": 163447.828125,
  "Z0241004|2": 155164.359375,
  "Z0241004|3": 56756.203125,
  "Z0241004|4": 36825.2578125,
  "Z0241004|5": 28910.8203125,
  "Z0241004|6": 25996.607421875,
  "Z0241004|7": 44768.38671875,
  "Z0241005|1": 61975.8515625,
  "Z0241005|2": 47249.73828125,
  "Z0241005|3": 17826.82421875,
  "Z0241005|4": 12246.2978515625,
  "Z0241005|5": 9373.1591796875,
  "Z0241005|6": 9830.2236328125,
  "Z0241005|7": 13909.470703125,
  "Z0241006|1": 32575.6015625,
  "Z0241006|2": 11823.96484375,
  "Z0241006|3": 5992.1806640625,
  "Z0241006|4": 5444.59716796875,
  "Z0241006|5": 7859.75537109375,
  "Z0241006|6": 2360.753662109375,
  "Z0241006|7": 6595.1591796875,
  "Z0241007|1": 84127.21875,
  "Z0241007|2": 55594.96875,
  "Z0241007|3": 24254.392578125,
  "Z0241007|4": 16570.40234375,
  "Z0241007|5": 12003.9052734375,
  "Z0241007|6": 10235.1025390625,
  "Z0241007|7": 25447.90625,
  "Z0241008|1": 19750.11328125,
  "Z0241008|2": 16347.828125,
  "Z0241008|3": 7265.3916015625,
  "Z0241008|4": 5557.38525390625,
  "Z0241008|5": 5238.0771484375,
  "Z0241008|6": 6131.84814453125,
  "Z0241008|7": 6560.01318359375,
  "Z0276001|1": 100530.8984375,
  "Z0276001|2": 88620.5,
  "Z0276001|3": 35818.1953125,
  "Z0276001|4": 25031.216796875,
  "Z0276001|5": 26305.91796875,
  "Z0276001|6": 24347.677734375,
  "Z0276001|7": 34236.63671875,
  "Z0276002|1": 80204.3828125,
  "Z0276002|2": 83896.234375,
  "Z0276002|3": 34585.453125,
  "Z0276002|4": 22732.044921875,
  "Z0276002|5": 20702.37109375,
  "Z0276002|6": 23459.353515625,
  "Z0276002|7": 22230.755859375,
  "Z0276003|1": 21515.83203125,
  "Z0276003|2": 16560.9375,
  "Z0276003|3": 5469.43115234375,
  "Z0276003|4": 5121.74365234375,
  "Z0276003|5": 4037.806884765625,
  "Z0276003|6": 5716.89306640625,
  "Z0276003|7": 11596.9306640625,
  "Z0283001|1": 59722.1796875,
  "Z0283001|2": 129815.484375,
  "Z0283001|3": 33871.8828125,
  "Z0283001|4": 20013.46875,
  "Z0283001|5": 16865.234375,
  "Z0283001|6": 0.0,
  "Z0283001|7": 0.0,
  "Z0284001|1": 235862.5625,
  "Z0284001|2": 190393.515625,
  "Z0284001|3": 239521.59375,
  "Z0284001|4": 42542.00390625,
  "Z0284001|5": 86719.2109375,
  "Z0284001|6": 0.0,
  "Z0284001|7": 0.0,
  "Z0386001|1": 119370.265625,
  "Z0386001|2": 124263.2265625,
  "Z0386001|3": 45574.515625,
  "Z0386001|4": 24613.0390625,
  "Z0386001|5": 23833.4375,
  "Z0386001|6": 21784.54296875,
  "Z0386001|7": 26942.97265625,
  "Z0386002|1": 146008.5,
  "Z0386002|2": 129164.0625,
  "Z0386002|3": 45642.45703125,
  "Z0386002|4": 29036.962890625,
  "Z0386002|5": 25022.43359375,
  "Z0386002|6": 18836.263671875,
  "Z0386002|7": 25100.7109375,
  "Z0386003|1": 147777.09375,
  "Z0386003|2": 160846.90625,
  "Z0386003|3": 67200.875,
  "Z0386003|4": 40641.23046875,
  "Z0386003|5": 29889.37890625,
  "Z0386003|6": 28720.017578125,
  "Z0386003|7": 35224.1484375,
  "Z0386004|1": 48372.69921875,
  "Z0386004|2": 33274.11328125,
  "Z0386004|3": 16734.921875,
  "Z0386004|4": 9789.7939453125,
  "Z0386004|5": 9232.703125,
  "Z0386004|6": 7900.28125,
  "Z0386004|7": 5899.0,
  "Z0386005|1": 24646.88671875,
  "Z0386005|2": 25588.3046875,
  "Z0386005|3": 14411.62109375,
  "Z0386005|4": 9376.6103515625,
  "Z0386005|5": 6699.8837890625,
  "Z0386005|6": 3765.851318359375,
  "Z0386005|7": 6383.6806640625,
  "Z0386006|1": 21752.240234375,
  "Z0386006|2": 22842.599609375,
  "Z0386006|3": 12312.232421875,
  "Z0386006|4": 6857.62646484375,
  "Z0386006|5": 5782.2197265625,
  "Z0386006|6": 5770.14208984375,
  "Z0386006|7": 7543.0009765625,
  "Z0386007|1": 58355.0546875,
  "Z0386007|2": 41095.8828125,
  "Z0386007|3": 24857.45703125,
  "Z0386007|4": 17589.169921875,
  "Z0386007|5": 11792.611328125,
  "Z0386007|6": 10185.0107421875,
  "Z0386007|7": 15010.4296875,
  "Z0646001|1": 188597.1875,
  "Z0646001|2": 197283.0625,
  "Z0646001|3": 80500.25,
  "Z0646001|4": 45529.7265625,
  "Z0646001|5": 42371.453125,
  "Z0646001|6": 35802.9296875,
  "Z0646001|7": 37007.55859375,
  "Z0646002|1": 185541.03125,
  "Z0646002|2": 198559.609375,
  "Z0646002|3": 74119.71875,
  "Z0646002|4": 45021.859375,
  "Z0646002|5": 32791.64453125,
  "Z0646002|6": 28588.87109375,
  "Z0646002|7": 35636.6875,
  "Z0646003|1": 18857.634765625,
  "Z0646003|2": 12894.0908203125,
  "Z0646003|3": 5269.77490234375,
  "Z0646003|4": 4405.875,
  "Z0646003|5": 3613.7529296875,
  "Z0646003|6": 1782.997192382812,
  "Z0646003|7": 5263.00390625,
  "Z0646004|1": 12383.3408203125,
  "Z0646004|2": 12080.6962890625,
  "Z0646004|3": 9076.84765625,
  "Z0646004|4": 3359.802734375,
  "Z0646004|5": 4089.201171875,
  "Z0646004|6": 4491.0791015625,
  "Z0646004|7": 5149.04296875,
  "Z0899001|1": 298356.75,
  "Z0899001|2": 263968.34375,
  "Z0899001|3": 255755.609375,
  "Z0899001|4": 67918.375,
  "Z0899001|5": 57828.62890625,
  "Z0899001|6": 0.0,
  "Z0899001|7": 0.0,
  "Z0908001|1": 231875.234375,
  "Z0908001|2": 230849.015625,
  "Z0908001|3": 112529.3828125,
  "Z0908001|4": 95451.0234375,
  "Z0908001|5": 44701.4453125,
  "Z0908001|6": 0.0,
  "Z0908001|7": 0.0,
  "Z0951001|1": 169007.671875,
  "Z0951001|2": 172919.609375,
  "Z0951001|3": 72578.9296875,
  "Z0951001|4": 45034.18359375,
  "Z0951001|5": 43077.94140625,
  "Z0951001|6": 36877.66015625,
  "Z0951001|7": 30234.046875,
  "Z0951002|1": 147735.671875,
  "Z0951002|2": 176101.265625,
  "Z0951002|3": 68101.4765625,
  "Z0951002|4": 44682.9453125,
  "Z0951002|5": 43714.5,
  "Z0951002|6": 36291.16015625,
  "Z0951002|7": 16605.5859375,
  "Z0972001|1": 130970.84375,
  "Z0972001|2": 134541.328125,
  "Z0972001|3": 68618.8515625,
  "Z0972001|4": 36564.3671875,
  "Z0972001|5": 43873.0859375,
  "Z0972001|6": 0.0,
  "Z0972001|7": 0.0,
  "Z1031001|1": 97321.8671875,
  "Z1031001|2": 71502.4921875,
  "Z1031001|3": 22771.146484375,
  "Z1031001|4": 16137.75390625,
  "Z1031001|5": 12786.51953125,
  "Z1031001|6": 178.1192169189453,
  "Z1031001|7": 84.69073486328125,
  "Z1031002|1": 125998.5703125,
  "Z1031002|2": 116338.671875,
  "Z1031002|3": 43629.53515625,
  "Z1031002|4": 25736.349609375,
  "Z1031002|5": 25884.955078125,
  "Z1031002|6": 21642.296875,
  "Z1031002|7": 32494.400390625,
  "Z1119001|1": 255462.09375,
  "Z1119001|2": 256577.421875,
  "Z1119001|3": 96752.171875,
  "Z1119001|4": 62114.546875,
  "Z1119001|5": 52600.375,
  "Z1119001|6": 41480.07421875,
  "Z1119001|7": 3876.8720703125,
  "Z1169001|1": 199425.71875,
  "Z1169001|2": 200114.828125,
  "Z1169001|3": 122760.1171875,
  "Z1169001|4": 58057.5703125,
  "Z1169001|5": 62986.375,
  "Z1169001|6": 0.0,
  "Z1169001|7": 0.0,
  "Z1367001|1": 253614.328125,
  "Z1367001|2": 280591.21875,
  "Z1367001|3": 147399.75,
  "Z1367001|4": 73957.3125,
  "Z1367001|5": 74035.359375,
  "Z1367001|6": 0.0,
  "Z1367001|7": 0.0,
  "Z1524001|1": 131698.171875,
  "Z1524001|2": 94016.2734375,
  "Z1524001|3": 39258.859375,
  "Z1524001|4": 29891.80078125,
  "Z1524001|5": 26200.109375,
  "Z1524001|6": 20725.150390625,
  "Z1524001|7": 52477.8671875,
  "Z1665001|1": 129063.8359375,
  "Z1665001|2": 145851.234375,
  "Z1665001|3": 97099.640625,
  "Z1665001|4": 28475.861328125,
  "Z1665001|5": 38182.73828125,
  "Z1665001|6": 0.0,
  "Z1665001|7": 0.0,
  "Z1769001|1": 180320.578125,
  "Z1769001|2": 139488.6875,
  "Z1769001|3": 78472.125,
  "Z1769001|4": 34075.84765625,
  "Z1769001|5": 28787.53125,
  "Z1769001|6": 0.0,
  "Z1769001|7": 0.0,
  "Z1899001|1": 105835.484375,
  "Z1899001|2": 104123.3125,
  "Z1899001|3": 31720.25,
  "Z1899001|4": 17869.515625,
  "Z1899001|5": 19073.640625,
  "Z1899001|6": 12697.7919921875,
  "Z1899001|7": 13830.5107421875,
  "Z1899002|1": 105800.0625,
  "Z1899002|2": 108646.2109375,