{
  "Z0241002|1": 27817.236328125,
  "Z0241002|2": 45874.62890625,
  "Z0241002|3": 56165.46875,
  "Z0241002|4": 81832.71875,
  "Z0241002|5": 99632.765625,
  "Z0241002|6": 70136.8203125,
  "Z0241002|7": 47453.5,
  "Z0241003|1": 28545.55859375,
  "Z0241003|2": 46824.5703125,
  "Z0241003|3": 51056.84375,
  "Z0241003|4": 83348.28125,
  "Z0241003|5": 101582.5546875,
  "Z0241003|6": 63494.32421875,
  "Z0241003|7": 35647.40234375,
  "Z0241004|1": 35653.08203125,
  "Z0241004|2": 45712.078125,
  "Z0241004|3": 56255.3125,
  "Z0241004|4": 94417.921875,
  "Z0241004|5": 96947.8046875,
  "Z0241004|6": 69896.1640625,
  "Z0241004|7": 39411.51171875,
  "Z0241005|1": 14407.4775390625,
  "Z0241005|2": 26059.341796875,
  "Z0241005|3": 23963.884765625,
  "Z0241005|4": 41713.3828125,
  "Z0241005|5": 49040.33984375,
  "Z0241005|6": 22248.431640625,
  "Z0241005|7": 9888.984375,
  "Z0241006|1": 33740.4140625,
  "Z0241006|2": 44361.828125,
  "Z0241006|3": 42583.53515625,
  "Z0241006|4": 53903.484375,
  "Z0241006|5": 40955.390625,
  "Z0241006|6": 1474.420166015625,
  "Z0241006|7": 317.1277770996094,
  "Z0241007|1": 7134.9658203125,
  "Z0241007|2": 14987.119140625,
  "Z0241007|3": 20826.1484375,
  "Z0241007|4": 33177.47265625,
  "Z0241007|5": 48049.5234375,
  "Z0241007|6": 25846.603515625,
  "Z0241007|7": 9712.5419921875,
  "Z0241008|1": 4297.6220703125,
  "Z0241008|2": 8769.0751953125,
  "Z0241008|3": 13111.5390625,
  "Z0241008|4": 14102.4453125,
  "Z0241008|5": 14082.0966796875,
  "Z0241008|6": 9427.48046875,
  "Z0241008|7": 4624.98486328125,
  "Z0276001|1": 28712.9296875,
  "Z0276001|2": 57940.6484375,
  "Z0276001|3": 56823.3671875,
  "Z0276001|4": 80209.2890625,
  "Z0276001|5": 72474.1484375,
  "Z0276001|6": 52980.19140625,
  "Z0276001|7": 36779.109375,
  "Z0276002|1": 19254.884765625,
  "Z0276002|2": 38242.109375,
  "Z0276002|3": 45571.52734375,
  "Z0276002|4": 65027.91015625,
  "Z0276002|5": 55075.171875,
  "Z0276002|6": 37632.37109375,
  "Z0276002|7": 22217.177734375,
  "Z0276003|1": 5368.44091796875,
  "Z0276003|2": 13719.634765625,
  "Z0276003|3": 16080.8681640625,
  "Z0276003|4": 17688.701171875,
  "Z0276003|5": 17155.50390625,
  "Z0276003|6": 9221.6826171875,
  "Z0276003|7": 9957.8017578125,
  "Z0283001|1": 39168.8515625,
  "Z0283001|2": 59638.578125,
  "Z0283001|3": 43548.6875,
  "Z0283001|4": 66714.109375,
  "Z0283001|5": 85806.5546875,
  "Z0283001|6": 0.0,
  "Z0283001|7": 0.0,
  "Z0284001|1": 74858.453125,
  "Z0284001|2": 79754.8984375,
  "Z0284001|3": 55136.44921875,
  "Z0284001|4": 160748.453125,
  "Z0284001|5": 129058.671875,
  "Z0284001|6": 0.0,
  "Z0284001|7": 0.0,
  "Z0386001|1": 16769.041015625,
  "Z0386001|2": 30414.921875,
  "Z0386001|3": 36277.22265625,
  "Z0386001|4": 75248.984375,
  "Z0386001|5": 75662.328125,
  "Z0386001|6": 45577.00390625,
  "Z0386001|7": 29533.0390625,
  "Z0386002|1": 17042.572265625,
  "Z0386002|2": 29885.59375,
  "Z0386002|3": 36762.1015625,
  "Z0386002|4": 49601.05859375,
  "Z0386002|5": 54062.51953125,
  "Z0386002|6": 50573.05078125,
  "Z0386002|7": 35288.04296875,
  "Z0386003|1": 16783.328125,
  "Z0386003|2": 32123.20703125,
  "Z0386003|3": 38240.87109375,
  "Z0386003|4": 69090.5390625,
  "Z0386003|5": 76103.40625,
  "Z0386003|6": 53955.125,
  "Z0386003|7": 37571.765625,
  "Z0386004|1": 3743.3828125,
  "Z0386004|2": 6588.53271484375,
  "Z0386004|3": 10654.9052734375,
  "Z0386004|4": 16493.794921875,
  "Z0386004|5": 19487.21875,
  "Z0386004|6": 14095.8974609375,
  "Z0386004|7": 11891.2275390625,
  "Z0386005|1": 1660.894165039062,
  "Z0386005|2": 1737.3935546875,
  "Z0386005|3": 2351.26171875,
  "Z0386005|4": 2606.01220703125,
  "Z0386005|5": 2601.70458984375,
  "Z0386005|6": 2401.32568359375,
  "Z0386005|7": 4704.65869140625,
  "Z0386006|1": 3363.8271484375,
  "Z0386006|2": 6673.8359375,
  "Z0386006|3": 8963.5927734375,
  "Z0386006|4": 17636.96875,
  "Z0386006|5": 14685.046875,
  "Z0386006|6": 4896.36865234375,
  "Z0386006|7": 3560.793701171875,
  "Z0386007|1": 4178.91455078125,
  "Z0386007|2": 10911.775390625,
  "Z0386007|3": 18608.962890625,
  "Z0386007|4": 29673.751953125,
  "Z0386007|5": 31451.5859375,
  "Z0386007|6": 34170.19921875,
  "Z0386007|7": 19315.23046875,
  "Z0646001|1": 25632.88671875,
  "Z0646001|2": 45031.01171875,
  "Z0646001|3": 45737.4140625,
  "Z0646001|4": 74139.65625,
  "Z0646001|5": 108004.890625,
  "Z0646001|6": 71533.125,
  "Z0646001|7": 43964.8203125,
  "Z0646002|1": 25164.37890625,
  "Z0646002|2": 37044.04296875,
  "Z0646002|3": 43161.51171875,
  "Z0646002|4": 67716.5234375,
  "Z0646002|5": 108933.1953125,
  "Z0646002|6": 69057.859375,
  "Z0646002|7": 44419.65625,
  "Z0646003|1": 4337.728515625,
  "Z0646003|2": 8658.4228515625,
  "Z0646003|3": 12442.08984375,
  "Z0646003|4": 13141.986328125,
  "Z0646003|5": 12979.7021484375,
  "Z0646003|6": 9361.4169921875,
  "Z0646003|7": 12801.6806640625,
  "Z0646004|1": 15.03729057312012,
  "Z0646004|2": 1740.367797851562,
  "Z0646004|3": 4608.892578125,
  "Z0646004|4": 2249.375732421875,
  "Z0646004|5": 12117.41015625,
  "Z0646004|6": 5802.60205078125,
  "Z0646004|7": 10905.1796875,
  "Z0899001|1": 54002.3828125,
  "Z0899001|2": 63899.6875,
  "Z0899001|3": 59658.94140625,
  "Z0899001|4": 174951.4375,
  "Z0899001|5": 184108.03125,
  "Z0899001|6": 0.0,
  "Z0899001|7": 0.0,
  "Z0908001|1": 39322.68359375,
  "Z0908001|2": 66107.046875,
  "Z0908001|3": 43436.15625,
  "Z0908001|4": 220685.5625,
  "Z0908001|5": 143151.109375,
  "Z0908001|6": 0.0,
  "Z0908001|7": 0.0,
  "Z0951001|1": 65517.00390625,
  "Z0951001|2": 53470.484375,
  "Z0951001|3": 71838.171875,
  "Z0951001|4": 94430.078125,
  "Z0951001|5": 131162.71875,
  "Z0951001|6": 71796.390625,
  "Z0951001|7": 42185.6640625,
  "Z0951002|1": 76913.6796875,
  "Z0951002|2": 70073.90625,
  "Z0951002|3": 73099.1640625,
  "Z0951002|4": 97443.90625,
  "Z0951002|5": 134733.171875,
  "Z0951002|6": 73511.5625,
  "Z0951002|7": 32494.591796875,
  "Z0972001|1": 35352.8203125,
  "Z0972001|2": 50642.98828125,
  "Z0972001|3": 27551.783203125,
  "Z0972001|4": 103432.90625,
  "Z0972001|5": 76969.3046875,
  "Z0972001|6": 0.0,
  "Z0972001|7": 0.0,
  "Z1031001|1": 10510.291015625,
  "Z1031001|2": 18970.708984375,
  "Z1031001|3": 20559.255859375,
  "Z1031001|4": 25778.87890625,
  "Z1031001|5": 51086.9921875,
  "Z1031001|6": 43849.0390625,
  "Z1031001|7": 10827.1298828125,
  "Z1031002|1": 14868.609375,
  "Z1031002|2": 27552.9921875,
  "Z1031002|3": 24785.26171875,
  "Z1031002|4": 57094.5390625,
  "Z1031002|5": 73083.625,
  "Z1031002|6": 57749.27734375,
  "Z1031002|7": 30483.890625,
  "Z1119001|1": 60186.52734375,
  "Z1119001|2": 67651.0078125,
  "Z1119001|3": 94496.921875,
  "Z1119001|4": 177131.421875,
  "Z1119001|5": 241604.5,
  "Z1119001|6": 95653.703125,
  "Z1119001|7": 69715.0859375,
  "Z1169001|1": 44818.67578125,
  "Z1169001|2": 32355.744140625,
  "Z1169001|3": 42709.49609375,
  "Z1169001|4": 107973.6796875,
  "Z1169001|5": 94517.65625,
  "Z1169001|6": 0.0,
  "Z1169001|7": 0.0,
  "Z1367001|1": 87101.4921875,
  "Z1367001|2": 46263.98828125,
  "Z1367001|3": 74534.0390625,
  "Z1367001|4": 196149.578125,
  "Z1367001|5": 201312.34375,
  "Z1367001|6": 0.0,
  "Z1367001|7": 0.0,
  "Z1524001|1": 22424.818359375,
  "Z1524001|2": 31249.37890625,
  "Z1524001|3": 33101.3984375,
  "Z1524001|4": 59427.82421875,
  "Z1524001|5": 81118.4921875,
  "Z1524001|6": 63483.7890625,
  "Z1524001|7": 40962.734375,
  "Z1665001|1": 42626.84765625,
  "Z1665001|2": 40278.06640625,
  "Z1665001|3": 39615.078125,
  "Z1665001|4": 88278.125,
  "Z1665001|5": 98622.1796875,
  "Z1665001|6": 0.0,
  "Z1665001|7": 0.0,
  "Z1769001|1": 26887.484375,
  "Z1769001|2": 31655.82421875,
  "Z1769001|3": 31030.029296875,
  "Z1769001|4": 115587.8671875,
  "Z1769001|5": 94106.25,
  "Z1769001|6": 0.0,
  "Z1769001|7": 0.0,
  "Z1899001|1": 11408.4951171875,
  "Z1899001|2": 30406.482421875,
  "Z1899001|3": 26394.736328125,
  "Z1899001|4": 39570.3359375,
  "Z1899001|5": 61265.2578125,
  "Z1899001|6": 41053.15234375,
  "Z1899001|7": 22813.62890625,
  "Z1899002|1": 17737.640625,