{
  "Z0241002|1": 72901.84375,
  "Z0241002|2": 30265.169921875,
  "Z0241002|3": 22285.2890625,
  "Z0241002|4": 19465.99609375,
  "Z0241002|5": 28786.787109375,
  "Z0241002|6": 60312.11328125,
  "Z0241002|7": 45096.92578125,
  "Z0241003|1": 60298.25390625,
  "Z0241003|2": 23859.9296875,
  "Z0241003|3": 18519.986328125,
  "Z0241003|4": 16395.154296875,
  "Z0241003|5": 23991.04296875,
  "Z0241003|6": 24093.46875,
  "Z0241003|7": 28242.072265625,
  "Z0241004|1": 65483.06640625,
  "Z0241004|2": 29010.443359375,
  "Z0241004|3": 25921.119140625,
  "Z0241004|4": 21740.791015625,
  "Z0241004|5": 26872.34765625,
  "Z0241004|6": 62856.20703125,
  "Z0241004|7": 59740.51171875,
  "Z0241005|1": 20295.09765625,
  "Z0241005|2": 11191.236328125,
  "Z0241005|3": 10361.98828125,
  "Z0241005|4": 10057.8671875,
  "Z0241005|5": 17350.87890625,
  "Z0241005|6": 20619.806640625,
  "Z0241005|7": 17060.111328125,
  "Z0241006|1": 25595.990234375,
  "Z0241006|2": 8853.65625,
  "Z0241006|3": 5674.578125,
  "Z0241006|4": 4866.84765625,
  "Z0241006|5": 3265.235107421875,
  "Z0241006|6": 840.8206787109375,
  "Z0241006|7": 2278.833251953125,
  "Z0241007|1": 28558.046875,
  "Z0241007|2": 12932.2333984375,
  "Z0241007|3": 9446.0341796875,
  "Z0241007|4": 9635.833984375,
  "Z0241007|5": 12520.3642578125,
  "Z0241007|6": 23789.9921875,
  "Z0241007|7": 24598.345703125,
  "Z0241008|1": 6150.69384765625,
  "Z0241008|2": 3512.039306640625,
  "Z0241008|3": 3040.71142578125,
  "Z0241008|4": 2848.7734375,
  "Z0241008|5": 3309.070068359375,
  "Z0241008|6": 4744.54296875,
  "Z0241008|7": 10992.4521484375,
  "Z0276001|1": 50568.890625,
  "Z0276001|2": 24282.025390625,
  "Z0276001|3": 21350.849609375,
  "Z0276001|4": 19853.20703125,
  "Z0276001|5": 40511.5859375,
  "Z0276001|6": 59863.24609375,
  "Z0276001|7": 40085.796875,
  "Z0276002|1": 37035.44921875,
  "Z0276002|2": 21580.56640625,
  "Z0276002|3": 15105.37109375,
  "Z0276002|4": 15361.990234375,
  "Z0276002|5": 30328.62109375,
  "Z0276002|6": 47385.2890625,
  "Z0276002|7": 27323.4375,
  "Z0276003|1": 11029.4072265625,
  "Z0276003|2": 6075.78369140625,
  "Z0276003|3": 3678.103271484375,
  "Z0276003|4": 3373.052001953125,
  "Z0276003|5": 11719.6630859375,
  "Z0276003|6": 19260.533203125,
  "Z0276003|7": 29764.35546875,
  "Z0283001|1": 30871.65625,
  "Z0283001|2": 25464.337890625,
  "Z0283001|3": 15422.78125,
  "Z0283001|4": 16498.806640625,
  "Z0283001|5": 44960.53515625,
  "Z0283001|6": 0.0,
  "Z0283001|7": 0.0,
  "Z0284001|1": 103580.0546875,
  "Z0284001|2": 84100.8984375,
  "Z0284001|3": 46280.43359375,
  "Z0284001|4": 67662.015625,
  "Z0284001|5": 164582.75,
  "Z0284001|6": 0.0,
  "Z0284001|7": 0.0,
  "Z0386001|1": 47936.2265625,
  "Z0386001|2": 24760.87109375,
  "Z0386001|3": 17316.34375,
  "Z0386001|4": 14731.275390625,
  "Z0386001|5": 27848.23046875,
  "Z0386001|6": 51620.85546875,
  "Z0386001|7": 39327.62109375,
  "Z0386002|1": 53685.17578125,
  "Z0386002|2": 23495.287109375,
  "Z0386002|3": 16344.7724609375,
  "Z0386002|4": 16332.7265625,
  "Z0386002|5": 41960.5078125,
  "Z0386002|6": 49166.203125,
  "Z0386002|7": 36996.68359375,
  "Z0386003|1": 50968.52734375,
  "Z0386003|2": 25211.64453125,
  "Z0386003|3": 19682.41796875,
  "Z0386003|4": 15979.1474609375,
  "Z0386003|5": 13683.57421875,
  "Z0386003|6": 42797.67578125,
  "Z0386003|7": 30077.12890625,
  "Z0386004|1": 18392.984375,
  "Z0386004|2": 8304.4091796875,
  "Z0386004|3": 5826.8125,
  "Z0386004|4": 6486.84326171875,
  "Z0386004|5": 8376.265625,
  "Z0386004|6": 6119.41015625,
  "Z0386004|7": 4685.732421875,
  "Z0386005|1": 7510.3955078125,
  "Z0386005|2": 3674.10205078125,
  "Z0386005|3": 233.6833801269531,
  "Z0386005|4": 141.5211639404297,
  "Z0386005|5": 2088.36376953125,
  "Z0386005|6": 2804.931640625,
  "Z0386005|7": 2037.457275390625,
  "Z0386006|1": 15103.7001953125,
  "Z0386006|2": 8487.69921875,
  "Z0386006|3": 6333.3740234375,
  "Z0386006|4": 9928.123046875,
  "Z0386006|5": 21615.458984375,
  "Z0386006|6": 14781.0400390625,
  "Z0386006|7": 11760.970703125,
  "Z0386007|1": 39108.92578125,
  "Z0386007|2": 15763.869140625,
  "Z0386007|3": 14456.9130859375,
  "Z0386007|4": 13333.416015625,
  "Z0386007|5": 12953.107421875,
  "Z0386007|6": 8159.80859375,
  "Z0386007|7": 17313.48828125,
  "Z0646001|1": 73185.8515625,
  "Z0646001|2": 45691.05859375,
  "Z0646001|3": 32426.970703125,
  "Z0646001|4": 27047.98828125,
  "Z0646001|5": 31335.9140625,
  "Z0646001|6": 72061.984375,
  "Z0646001|7": 54521.30078125,
  "Z0646002|1": 53807.8359375,
  "Z0646002|2": 44866.00390625,
  "Z0646002|3": 29237.564453125,
  "Z0646002|4": 24440.666015625,
  "Z0646002|5": 27667.2890625,
  "Z0646002|6": 69269.0546875,
  "Z0646002|7": 59024.234375,
  "Z0646003|1": 5032.5126953125,
  "Z0646003|2": 3125.91064453125,
  "Z0646003|3": 1598.804443359375,
  "Z0646003|4": 1666.32861328125,
  "Z0646003|5": 1530.635375976562,
  "Z0646003|6": 5778.3232421875,
  "Z0646003|7": 8064.70947265625,
  "Z0646004|1": 6712.806640625,
  "Z0646004|2": 4987.46826171875,
  "Z0646004|3": 4800.99951171875,
  "Z0646004|4": 2427.078369140625,
  "Z0646004|5": 11902.6015625,
  "Z0646004|6": 5635.53125,
  "Z0646004|7": 4255.41748046875,
  "Z0899001|1": 236088.234375,
  "Z0899001|2": 61583.03515625,
  "Z0899001|3": 46782.5546875,
  "Z0899001|4": 83227.2109375,
  "Z0899001|5": 160075.28125,
  "Z0899001|6": 0.0,
  "Z0899001|7": 0.0,
  "Z0908001|1": 103057.734375,
  "Z0908001|2": 71310.84375,
  "Z0908001|3": 66826.8671875,
  "Z0908001|4": 83474.6640625,
  "Z0908001|5": 81618.515625,
  "Z0908001|6": 0.0,
  "Z0908001|7": 0.0,
  "Z0951001|1": 87591.1875,
  "Z0951001|2": 49584.15625,
  "Z0951001|3": 35196.07421875,
  "Z0951001|4": 30717.8203125,
  "Z0951001|5": 54624.1953125,
  "Z0951001|6": 45774.88671875,
  "Z0951001|7": 29308.755859375,
  "Z0951002|1": 77072.5546875,
  "Z0951002|2": 47116.08203125,
  "Z0951002|3": 35135.4375,
  "Z0951002|4": 31227.888671875,
  "Z0951002|5": 39462.5,
  "Z0951002|6": 51109.58984375,
  "Z0951002|7": 36891.58203125,
  "Z0972001|1": 60779.18359375,
  "Z0972001|2": 32371.75390625,
  "Z0972001|3": 33876.4375,
  "Z0972001|4": 40056.98046875,
  "Z0972001|5": 70950.5,
  "Z0972001|6": 0.0,
  "Z0972001|7": 0.0,
  "Z1031001|1": 22713.75390625,
  "Z1031001|2": 12459.2900390625,
  "Z1031001|3": 10892.990234375,
  "Z1031001|4": 7906.1171875,
  "Z1031001|5": 11255.6875,
  "Z1031001|6": 13641.380859375,
  "Z1031001|7": 16631.119140625,
  "Z1031002|1": 40619.484375,
  "Z1031002|2": 19792.78515625,
  "Z1031002|3": 17156.1171875,
  "Z1031002|4": 14620.6015625,
  "Z1031002|5": 23448.8828125,
  "Z1031002|6": 30025.140625,
  "Z1031002|7": 24194.13671875,
  "Z1119001|1": 5087.6806640625,
  "Z1119001|2": 61496.0546875,
  "Z1119001|3": 35178.1171875,
  "Z1119001|4": 25806.69140625,
  "Z1119001|5": 63658.6171875,
  "Z1119001|6": 75784.2734375,
  "Z1119001|7": 2969.2587890625,
  "Z1169001|1": 87060.5234375,
  "Z1169001|2": 46624.65625,
  "Z1169001|3": 39696.453125,
  "Z1169001|4": 57072.2578125,
  "Z1169001|5": 87488.0,
  "Z1169001|6": 0.0,
  "Z1169001|7": 0.0,
  "Z1367001|1": 147640.4375,
  "Z1367001|2": 46444.5625,
  "Z1367001|3": 54678.609375,
  "Z1367001|4": 61981.92578125,
  "Z1367001|5": 100799.6875,
  "Z1367001|6": 0.0,
  "Z1367001|7": 0.0,
  "Z1524001|1": 46217.80078125,
  "Z1524001|2": 32999.26171875,
  "Z1524001|3": 20450.88671875,
  "Z1524001|4": 19957.162109375,
  "Z1524001|5": 48059.40625,
  "Z1524001|6": 72495.421875,
  "Z1524001|7": 54005.55859375,
  "Z1665001|1": 102111.8828125,
  "Z1665001|2": 39768.48828125,
  "Z1665001|3": 35391.56640625,
  "Z1665001|4": 35321.296875,
  "Z1665001|5": 81432.46875,
  "Z1665001|6": 0.0,
  "Z1665001|7": 0.0,
  "Z1769001|1": 81464.5390625,
  "Z1769001|2": 35173.45703125,
  "Z1769001|3": 31229.376953125,
  "Z1769001|4": 32419.20703125,
  "Z1769001|5": 159780.015625,
  "Z1769001|6": 0.0,
  "Z1769001|7": 0.0,
  "Z1899001|1": 34811.203125,
  "Z1899001|2": 15722.083984375,
  "Z1899001|3": 12168.7802734375,
  "Z1899001|4": 10258.060546875,
  "Z1899001|5": 25973.58203125,