{
  "Z0241002|1": 89981.421875,
  "Z0241002|2": 118782.03125,
  "Z0241002|3": 99231.359375,
  "Z0241002|4": 92222.6171875,
  "Z0241002|5": 103148.3203125,
  "Z0241002|6": 70475.4921875,
  "Z0241002|7": 34473.26953125,
  "Z0241003|1": 61767.03515625,
  "Z0241003|2": 78637.8515625,
  "Z0241003|3": 50641.0546875,
  "Z0241003|4": 36259.9609375,
  "Z0241003|5": 45346.12890625,
  "Z0241003|6": 14698.400390625,
  "Z0241003|7": 15205.517578125,
  "Z0241004|1": 94004.8046875,
  "Z0241004|2": 113035.34375,
  "Z0241004|3": 91656.546875,
  "Z0241004|4": 84333.1875,
  "Z0241004|5": 108135.78125,
  "Z0241004|6": 68166.390625,
  "Z0241004|7": 49823.79296875,
  "Z0241005|1": 20833.1015625,
  "Z0241005|2": 23817.7421875,
  "Z0241005|3": 36966.578125,
  "Z0241005|4": 34081.8671875,
  "Z0241005|5": 38188.64453125,
  "Z0241005|6": 37516.765625,
  "Z0241005|7": 28562.197265625,
  "Z0241006|1": 9862.1123046875,
  "Z0241006|2": 6288.56884765625,
  "Z0241006|3": 4201.505859375,
  "Z0241006|4": 3703.47412109375,
  "Z0241006|5": 5075.98876953125,
  "Z0241006|6": 2728.154052734375,
  "Z0241006|7": 1747.180053710938,
  "Z0241007|1": 23332.732421875,
  "Z0241007|2": 26618.51171875,
  "Z0241007|3": 25417.30078125,
  "Z0241007|4": 35738.42578125,
  "Z0241007|5": 41121.01953125,
  "Z0241007|6": 40269.30859375,
  "Z0241007|7": 29759.255859375,
  "Z0241008|1": 11453.7412109375,
  "Z0241008|2": 11940.322265625,
  "Z0241008|3": 6974.00341796875,
  "Z0241008|4": 9999.0966796875,
  "Z0241008|5": 13079.365234375,
  "Z0241008|6": 8441.5966796875,
  "Z0241008|7": 9846.388671875,
  "Z0276001|1": 115563.1796875,
  "Z0276001|2": 110495.65625,
  "Z0276001|3": 92255.609375,
  "Z0276001|4": 87986.1328125,
  "Z0276001|5": 87027.0078125,
  "Z0276001|6": 61236.57421875,
  "Z0276001|7": 40362.203125,
  "Z0276002|1": 78554.0546875,
  "Z0276002|2": 58855.453125,
  "Z0276002|3": 57970.71484375,
  "Z0276002|4": 53448.55859375,
  "Z0276002|5": 71388.4375,
  "Z0276002|6": 48050.07421875,
  "Z0276002|7": 23286.537109375,
  "Z0276003|1": 14456.46484375,
  "Z0276003|2": 11038.8955078125,
  "Z0276003|3": 11774.0517578125,
  "Z0276003|4": 11748.890625,
  "Z0276003|5": 13435.0966796875,
  "Z0276003|6": 10438.8203125,
  "Z0276003|7": 12452.3115234375,
  "Z0283001|1": 77074.6328125,
  "Z0283001|2": 81404.6875,
  "Z0283001|3": 56431.5078125,
  "Z0283001|4": 39673.265625,
  "Z0283001|5": 76645.5390625,
  "Z0283001|6": 0.0,
  "Z0283001|7": 0.0,
  "Z0284001|1": 157107.984375,
  "Z0284001|2": 129574.671875,
  "Z0284001|3": 142704.4375,
  "Z0284001|4": 141896.828125,
  "Z0284001|5": 166940.109375,
  "Z0284001|6": 0.0,
  "Z0284001|7": 0.0,
  "Z0386001|1": 83838.171875,
  "Z0386001|2": 80863.671875,
  "Z0386001|3": 92961.8046875,
  "Z0386001|4": 93408.4609375,
  "Z0386001|5": 96007.0234375,
  "Z0386001|6": 64086.8671875,
  "Z0386001|7": 40469.85546875,
  "Z0386002|1": 82786.7734375,
  "Z0386002|2": 97151.1484375,
  "Z0386002|3": 101421.3828125,
  "Z0386002|4": 96141.0703125,
  "Z0386002|5": 99644.0703125,
  "Z0386002|6": 66778.2109375,
  "Z0386002|7": 33179.0859375,
  "Z0386003|1": 92691.1796875,
  "Z0386003|2": 106089.4453125,
  "Z0386003|3": 103515.109375,
  "Z0386003|4": 103397.890625,
  "Z0386003|5": 111898.2109375,
  "Z0386003|6": 67703.15625,
  "Z0386003|7": 26159.8671875,
  "Z0386004|1": 10575.671875,
  "Z0386004|2": 8496.013671875,
  "Z0386004|3": 9313.166015625,
  "Z0386004|4": 13769.75,
  "Z0386004|5": 14669.970703125,
  "Z0386004|6": 9598.259765625,
  "Z0386004|7": 8931.0791015625,
  "Z0386005|1": 18318.119140625,
  "Z0386005|2": 19851.888671875,
  "Z0386005|3": 17374.9296875,
  "Z0386005|4": 23939.123046875,
  "Z0386005|5": 20209.34765625,
  "Z0386005|6": 22688.49609375,
  "Z0386005|7": 22180.953125,
  "Z0386006|1": 9573.208984375,
  "Z0386006|2": 13448.5576171875,
  "Z0386006|3": 10401.005859375,
  "Z0386006|4": 13618.8203125,
  "Z0386006|5": 17495.552734375,
  "Z0386006|6": 8663.37109375,
  "Z0386006|7": 6703.84716796875,
  "Z0386007|1": 13577.552734375,
  "Z0386007|2": 11443.16015625,
  "Z0386007|3": 10671.70703125,
  "Z0386007|4": 2880.94677734375,
  "Z0386007|5": 2794.07080078125,
  "Z0386007|6": 2142.491455078125,
  "Z0386007|7": 1298.055297851562,
  "Z0646001|1": 152471.578125,
  "Z0646001|2": 133577.984375,
  "Z0646001|3": 144996.515625,
  "Z0646001|4": 133016.875,
  "Z0646001|5": 159486.84375,
  "Z0646001|6": 70759.2890625,
  "Z0646001|7": 36405.66796875,
  "Z0646002|1": 142011.09375,
  "Z0646002|2": 148035.390625,
  "Z0646002|3": 130698.84375,
  "Z0646002|4": 109683.140625,
  "Z0646002|5": 151770.140625,
  "Z0646002|6": 69992.3515625,
  "Z0646002|7": 36217.0390625,
  "Z0646003|1": 8931.275390625,
  "Z0646003|2": 11145.8427734375,
  "Z0646003|3": 11811.201171875,
  "Z0646003|4": 10919.177734375,
  "Z0646003|5": 11542.326171875,
  "Z0646003|6": 7694.07373046875,
  "Z0646003|7": 7841.73828125,
  "Z0646004|1": 6414.4609375,
  "Z0646004|2": 8397.990234375,
  "Z0646004|3": 9168.421875,
  "Z0646004|4": 10033.8232421875,
  "Z0646004|5": 12069.578125,
  "Z0646004|6": 7424.2138671875,
  "Z0646004|7": 5510.84423828125,
  "Z0899001|1": 262865.75,
  "Z0899001|2": 185828.796875,
  "Z0899001|3": 222944.78125,
  "Z0899001|4": 214910.9375,
  "Z0899001|5": 224098.015625,
  "Z0899001|6": 0.0,
  "Z0899001|7": 0.0,
  "Z0908001|1": 158984.03125,
  "Z0908001|2": 139875.015625,
  "Z0908001|3": 111813.1875,
  "Z0908001|4": 136594.65625,
  "Z0908001|5": 118067.3515625,
  "Z0908001|6": 0.0,
  "Z0908001|7": 0.0,
  "Z0951001|1": 87048.09375,
  "Z0951001|2": 129569.609375,
  "Z0951001|3": 121578.25,
  "Z0951001|4": 109021.640625,
  "Z0951001|5": 130083.0625,
  "Z0951001|6": 72620.2734375,
  "Z0951001|7": 23945.880859375,
  "Z0951002|1": 105406.1875,
  "Z0951002|2": 128437.5078125,
  "Z0951002|3": 112103.609375,
  "Z0951002|4": 105330.515625,
  "Z0951002|5": 120448.984375,
  "Z0951002|6": 64950.5,
  "Z0951002|7": 21337.015625,
  "Z0972001|1": 146382.4375,
  "Z0972001|2": 92696.65625,
  "Z0972001|3": 96779.8671875,
  "Z0972001|4": 65060.35546875,
  "Z0972001|5": 140370.796875,
  "Z0972001|6": 0.0,
  "Z0972001|7": 0.0,
  "Z1031001|1": 60037.7578125,
  "Z1031001|2": 83109.1328125,
  "Z1031001|3": 56992.48046875,
  "Z1031001|4": 60233.78515625,
  "Z1031001|5": 51299.8125,
  "Z1031001|6": 43166.8203125,
  "Z1031001|7": 21622.541015625,
  "Z1031002|1": 93698.6953125,
  "Z1031002|2": 88032.296875,
  "Z1031002|3": 92666.875,
  "Z1031002|4": 91839.859375,
  "Z1031002|5": 94444.3125,
  "Z1031002|6": 58296.54296875,
  "Z1031002|7": 30093.408203125,
  "Z1119001|1": 204669.65625,
  "Z1119001|2": 198678.1875,
  "Z1119001|3": 164971.578125,
  "Z1119001|4": 176275.015625,
  "Z1119001|5": 207304.546875,
  "Z1119001|6": 124416.0859375,
  "Z1119001|7": 27704.79296875,
  "Z1169001|1": 228398.359375,
  "Z1169001|2": 115391.6015625,
  "Z1169001|3": 146298.296875,
  "Z1169001|4": 145526.40625,
  "Z1169001|5": 153218.484375,
  "Z1169001|6": 0.0,
  "Z1169001|7": 0.0,
  "Z1367001|1": 228132.125,
  "Z1367001|2": 193347.734375,
  "Z1367001|3": 147138.234375,
  "Z1367001|4": 162186.078125,
  "Z1367001|5": 233742.015625,
  "Z1367001|6": 0.0,
  "Z1367001|7": 0.0,
  "Z1524001|1": 63721.6875,
  "Z1524001|2": 63695.92578125,
  "Z1524001|3": 55470.04296875,
  "Z1524001|4": 80081.640625,
  "Z1524001|5": 94885.328125,
  "Z1524001|6": 67394.90625,
  "Z1524001|7": 36301.0,
  "Z1665001|1": 120924.5625,
  "Z1665001|2": 110594.4375,
  "Z1665001|3": 123043.4140625,
  "Z1665001|4": 99805.84375,
  "Z1665001|5": 131355.375,
  "Z1665001|6": 0.0,
  "Z1665001|7": 0.0,
  "Z1769001|1": 141386.625,
  "Z1769001|2": 130056.265625,
  "Z1769001|3": 127470.5703125,
  "Z1769001|4": 117779.0,
  "Z1769001|5": 141143.453125,
  "Z1769001|6": 0.0,
  "Z1769001|7": 0.0,
  "Z1899001|1": 60203.51953125,
  "Z1899001|2": 74094.6328125,
  "Z1899001|3": 80385.7265625,
  "Z1899001|4": 70974.4765625,
  "Z1899001|5": 94095.75,
  "Z1899001|6": 54905.46484375,
  "Z1899001|7": 24612.201171875,
  "Z1899002|1": 85328.4375,
  "Z1899002|2": 82333.40625,
  "Z1899002|3": 84993.09375,