{
  "Z0241002|1": 83542.7578125,
  "Z0241002|2": 35234.546875,
  "Z0241002|3": 32160.849609375,
  "Z0241002|4": 20025.833984375,
  "Z0241002|5": 19932.958984375,
  "Z0241002|6": 27095.076171875,
  "Z0241002|7": 30692.962890625,
  "Z0241003|1": 97814.4609375,
  "Z0241003|2": 47333.76171875,
  "Z0241003|3": 36182.3203125,
  "Z0241003|4": 22587.169921875,
  "Z0241003|5": 23786.390625,
  "Z0241003|6": 32896.3984375,
  "Z0241003|7": 31019.81640625,
  "Z0241004|1": 99905.734375,
  "Z0241004|2": 50563.74609375,
  "Z0241004|3": 41973.95703125,
  "Z0241004|4": 25624.654296875,
  "Z0241004|5": 31255.783203125,
  "Z0241004|6": 44911.6875,
  "Z0241004|7": 31462.86328125,
  "Z0241005|1": 45046.296875,
  "Z0241005|2": 24798.12890625,
  "Z0241005|3": 16860.375,
  "Z0241005|4": 7215.67626953125,
  "Z0241005|5": 7844.83740234375,
  "Z0241005|6": 11578.734375,
  "Z0241005|7": 20883.95703125,
  "Z0241006|1": 6219.48095703125,
  "Z0241006|2": 2893.33154296875,
  "Z0241006|3": 1628.9072265625,
  "Z0241006|4": 844.1217651367188,
  "Z0241006|5": 1554.12353515625,
  "Z0241006|6": 966.0283813476562,
  "Z0241006|7": 1164.498779296875,
  "Z0241007|1": 47457.56640625,
  "Z0241007|2": 26244.291015625,
  "Z0241007|3": 21059.466796875,
  "Z0241007|4": 8892.5029296875,
  "Z0241007|5": 11627.9033203125,
  "Z0241007|6": 19850.150390625,
  "Z0241007|7": 29766.626953125,
  "Z0241008|1": 17724.783203125,
  "Z0241008|2": 8112.54296875,
  "Z0241008|3": 4783.45361328125,
  "Z0241008|4": 2944.35791015625,
  "Z0241008|5": 4936.64990234375,
  "Z0241008|6": 4430.791015625,
  "Z0241008|7": 12858.7744140625,
  "Z0276001|1": 79040.90625,
  "Z0276001|2": 39300.203125,
  "Z0276001|3": 31918.171875,
  "Z0276001|4": 23583.02734375,
  "Z0276001|5": 23380.22265625,
  "Z0276001|6": 39470.96484375,
  "Z0276001|7": 33012.2421875,
  "Z0276002|1": 71399.03125,
  "Z0276002|2": 33564.25,
  "Z0276002|3": 27536.76953125,
  "Z0276002|4": 16042.9560546875,
  "Z0276002|5": 17458.708984375,
  "Z0276002|6": 43828.7109375,
  "Z0276002|7": 29226.580078125,
  "Z0276003|1": 15265.3671875,
  "Z0276003|2": 5754.7255859375,
  "Z0276003|3": 4819.00244140625,
  "Z0276003|4": 2534.24755859375,
  "Z0276003|5": 3826.443603515625,
  "Z0276003|6": 9781.21875,
  "Z0276003|7": 18942.03515625,
  "Z0283001|1": 60474.6875,
  "Z0283001|2": 39561.6015625,
  "Z0283001|3": 27918.3515625,
  "Z0283001|5": 32687.146484375,
  "Z0283001|6": 0.0,
  "Z0283001|7": 0.0,
  "Z0284001|1": 146746.03125,
  "Z0284001|2": 87483.8359375,
  "Z0284001|3": 60858.68359375,
  "Z0284001|5": 68376.7265625,
  "Z0284001|6": 0.0,
  "Z0284001|7": 0.0,
  "Z0386001|1": 67272.671875,
  "Z0386001|2": 35563.9765625,
  "Z0386001|3": 27827.7578125,
  "Z0386001|4": 7069.560546875,
  "Z0386001|5": 14202.0361328125,
  "Z0386001|6": 27288.302734375,
  "Z0386001|7": 28790.98828125,
  "Z0386002|1": 87499.2734375,
  "Z0386002|2": 43729.3828125,
  "Z0386002|3": 32294.642578125,
  "Z0386002|4": 22023.505859375,
  "Z0386002|5": 19711.603515625,
  "Z0386002|6": 40545.1328125,
  "Z0386002|7": 29697.3828125,
  "Z0386003|1": 95882.6640625,
  "Z0386003|2": 49169.12109375,
  "Z0386003|3": 37640.20703125,
  "Z0386003|4": 25476.44921875,
  "Z0386003|5": 21138.46875,
  "Z0386003|6": 47798.0546875,
  "Z0386003|7": 30128.12109375,
  "Z0386004|1": 9967.4814453125,
  "Z0386004|2": 8610.791015625,
  "Z0386004|3": 6316.38037109375,
  "Z0386004|4": 4680.1630859375,
  "Z0386004|5": 3186.621337890625,
  "Z0386004|6": 2456.70849609375,
  "Z0386004|7": 7232.66796875,
  "Z0386005|1": 37798.12890625,
  "Z0386005|2": 20806.263671875,
  "Z0386005|3": 13151.564453125,
  "Z0386005|4": 7202.34375,
  "Z0386005|5": 9544.4013671875,
  "Z0386005|6": 12116.697265625,
  "Z0386005|7": 28006.384765625,
  "Z0386006|1": 13383.6591796875,
  "Z0386006|2": 6428.0927734375,
  "Z0386006|3": 6316.38037109375,
  "Z0386006|4": 4672.865234375,
  "Z0386006|5": 3086.05419921875,
  "Z0386006|6": 3841.207763671875,
  "Z0386006|7": 9828.2568359375,
  "Z0386007|1": 54055.66796875,
  "Z0386007|2": 24294.845703125,
  "Z0386007|3": 17460.44140625,
  "Z0386007|4": 6548.6103515625,
  "Z0386007|5": 11082.216796875,
  "Z0386007|6": 9819.09375,
  "Z0386007|7": 14908.4638671875,
  "Z0646001|1": 106085.6953125,
  "Z0646001|2": 53138.68359375,
  "Z0646001|3": 48640.59765625,
  "Z0646001|4": 23709.724609375,
  "Z0646001|5": 26374.69140625,
  "Z0646001|6": 50194.51171875,
  "Z0646001|7": 39383.9140625,
  "Z0646002|1": 106085.6953125,
  "Z0646002|2": 53138.68359375,
  "Z0646002|3": 45129.45703125,
  "Z0646002|4": 22389.57421875,
  "Z0646002|5": 23428.97265625,
  "Z0646002|6": 42531.81640625,
  "Z0646002|7": 31380.154296875,
  "Z0646003|1": 4645.44384765625,
  "Z0646003|2": 3329.232666015625,
  "Z0646003|3": 1264.26611328125,
  "Z0646003|4": 729.9091796875,
  "Z0646003|5": 1455.870727539062,
  "Z0646003|6": 1949.496459960938,
  "Z0646003|7": 1118.419067382812,
  "Z0646004|1": 6687.21875,
  "Z0646004|2": 3519.512451171875,
  "Z0646004|3": 1536.17041015625,
  "Z0646004|4": 1661.656860351562,
  "Z0646004|5": 2410.171630859375,
  "Z0646004|6": 1721.391357421875,
  "Z0646004|7": 7085.708984375,
  "Z0899001|1": 234022.703125,
  "Z0899001|2": 71910.6640625,
  "Z0899001|3": 51976.01171875,
  "Z0899001|5": 68643.765625,
  "Z0899001|6": 0.0,
  "Z0899001|7": 0.0,
  "Z0908001|1": 112301.4609375,
  "Z0908001|2": 45319.14453125,
  "Z0908001|3": 30771.984375,
  "Z0908001|5": 60820.21484375,
  "Z0908001|6": 0.0,
  "Z0908001|7": 0.0,
  "Z0951001|1": 128809.6875,
  "Z0951001|2": 48351.0234375,
  "Z0951001|3": 39552.84765625,
  "Z0951001|4": 28666.7890625,
  "Z0951001|5": 24743.88671875,
  "Z0951001|6": 45079.42578125,
  "Z0951001|7": 16962.24609375,
  "Z0951002|1": 118032.5703125,
  "Z0951002|2": 44772.2265625,
  "Z0951002|3": 42938.1953125,
  "Z0951002|4": 27155.197265625,
  "Z0951002|5": 21077.26953125,
  "Z0951002|6": 39725.76171875,
  "Z0951002|7": 8843.16796875,
  "Z0972001|1": 112301.4609375,
  "Z0972001|2": 41803.734375,
  "Z0972001|3": 32090.962890625,
  "Z0972001|5": 38851.66796875,
  "Z0972001|6": 0.0,
  "Z0972001|7": 0.0,
  "Z1031001|1": 49156.8359375,
  "Z1031001|2": 32566.724609375,
  "Z1031001|3": 21103.9609375,
  "Z1031001|4": 11471.548828125,
  "Z1031001|5": 12447.7939453125,
  "Z1031001|6": 12185.6298828125,
  "Z1031001|7": 15462.2587890625,
  "Z1031002|1": 76512.1484375,
  "Z1031002|2": 39855.92578125,
  "Z1031002|3": 27099.1328125,
  "Z1031002|4": 14827.240234375,
  "Z1031002|5": 14847.7451171875,
  "Z1031002|6": 27285.93359375,
  "Z1031002|7": 24655.689453125,
  "Z1119001|1": 112135.796875,
  "Z1119001|2": 58321.86328125,
  "Z1119001|3": 56280.81640625,
  "Z1119001|4": 26612.505859375,
  "Z1119001|5": 32040.837890625,
  "Z1119001|6": 42906.8359375,
  "Z1119001|7": 35988.76953125,
  "Z1169001|1": 152359.53125,
  "Z1169001|2": 69935.40625,
  "Z1169001|3": 51807.75,
  "Z1169001|5": 68548.0546875,
  "Z1169001|6": 0.0,
  "Z1169001|7": 0.0,
  "Z1367001|1": 193182.09375,
  "Z1367001|2": 99156.90625,
  "Z1367001|3": 53892.75,
  "Z1367001|5": 68999.0390625,
  "Z1367001|6": 0.0,
  "Z1367001|7": 0.0,
  "Z1524001|1": 71341.0390625,
  "Z1524001|2": 31626.400390625,
  "Z1524001|3": 29967.927734375,
  "Z1524001|4": 16060.7607421875,
  "Z1524001|5": 18831.69140625,
  "Z1524001|6": 43716.875,
  "Z1524001|7": 34407.41796875,
  "Z1665001|1": 140937.546875,
  "Z1665001|2": 50259.41796875,
  "Z1665001|3": 45989.12890625,
  "Z1665001|5": 52917.73046875,
  "Z1665001|6": 0.0,
  "Z1665001|7": 0.0,
  "Z1769001|1": 127232.046875,
  "Z1769001|2": 44529.671875,
  "Z1769001|3": 31327.34765625,
  "Z1769001|5": 28483.978515625,
  "Z1769001|6": 0.0,
  "Z1769001|7": 0.0,
  "Z1899001|1": 80846.8359375,
  "Z1899001|2": 37617.4921875,
  "Z1899001|3": 22367.568359375,
  "Z1899001|4": 11304.275390625,
  "Z1899001|5": 13505.6923828125,
  "Z1899001|6": 20711.904296875,
  "Z1899001|7": 28890.228515625,
  "Z1899002|1": 82598.578125,
  "Z1899002|2": 41761.09375,
  "Z1899002|3": 34705.34375,
  "Z1899002|4": 16855.021484375,
  "Z1899002|5": 17330.619140625,
  "Z1899002|6": 35442.15234375,