{
  "Z0241002|1": 87134.640625,
  "Z0241003|1": 33639.84375,
  "Z0241004|1": 97210.09375,
  "Z0241005|1": 31018.962890625,
  "Z0241006|1": 48040.6796875,
  "Z0241007|1": 20262.787109375,
  "Z0241008|1": 19695.36328125,
  "Z0276001|1": 65127.4609375,
  "Z0276002|1": 11207.9267578125,
  "Z0276003|1": 24087.25,
  "Z0283001|1": 23358.2265625,
  "Z0284001|1": 75628.1328125,
  "Z0386001|1": 63456.4296875,
  "Z0386002|1": 59474.6015625,
  "Z0386003|1": 30246.13671875,
  "Z0386004|1": 7512.2197265625,
  "Z0386005|1": 3057.39990234375,
  "Z0386006|1": 5302.20703125,
  "Z0386007|1": 17272.625,
  "Z0646001|1": 79848.203125,
  "Z0646002|1": 80833.375,
  "Z0646003|1": 4911.4541015625,
  "Z0646004|1": 5116.3642578125,
  "Z0899001|1": 251399.125,
  "Z0908001|1": 105611.453125,
  "Z0951001|1": 35753.2578125,
  "Z0951002|1": 93159.1875,
  "Z0972001|1": 112175.046875,
  "Z1031001|1": 22211.9453125,
  "Z1031002|1": 36568.41796875,
  "Z1119001|1": 85611.03125,
  "Z1169001|1": 105059.1484375,
  "Z1367001|1": 188566.09375,
  "Z1524001|1": 81812.3515625,
  "Z1665001|1": 98088.4609375,
  "Z1769001|1": 138309.109375,
  "Z1899001|1": 59112.75,
  "Z1899002|1": 66594.28125,
  "Z2011001|1": 53572.9765625,
  "Z2135001|1": 90011.6328125,
  "Z2135002|1": 89870.1015625,
  "Z2136001|1": 29727.173828125,
  "Z0241002|2": 50361.375,
  "Z0241003|2": 15141.3515625,
  "Z0241004|2": 54122.4609375,
  "Z0241005|2": 17657.046875,
  "Z0241006|2": 36738.96875,
  "Z0241007|2": 8397.517578125,
  "Z0241008|2": 8438.97265625,
  "Z0276001|2": 31367.140625,
  "Z0276002|2": 34651.03125,
  "Z0276003|2": 12672.48828125,
  "Z0283001|2": 20732.8671875,
  "Z0284001|2": 51469.8125,
  "Z0386001|2": 22203.853515625,
  "Z0386002|2": 27712.21875,
  "Z0386003|2": 15553.412109375,
  "Z0386004|2": 5060.421875,
  "Z0386005|2": 2199.4189453125,
  "Z0386006|2": 2886.586669921875,
  "Z0386007|2": 8350.513671875,
  "Z0646001|2": 49537.7109375,
  "Z0646002|2": 51162.51953125,
  "Z0646003|2": 2001.073608398438,
  "Z0646004|2": 2580.1650390625,
  "Z0899001|2": 70943.6875,
  "Z0908001|2": 96190.4140625,
  "Z0951001|2": 63402.89453125,
  "Z0951002|2": 62350.35546875,
  "Z0972001|2": 52207.1171875,
  "Z1031001|2": 11466.3984375,
  "Z1031002|2": 21870.984375,
  "Z1119001|2": 35665.52734375,
  "Z1169001|2": 48805.8359375,
  "Z1367001|2": 56653.83984375,
  "Z1524001|2": 44346.26171875,
  "Z1665001|2": 37715.078125,
  "Z1769001|2": 53820.16796875,
  "Z1899001|2": 29623.22265625,
  "Z1899002|2": 25396.65625,
  "Z2011001|2": 26780.43359375,
  "Z2135001|2": 55046.2890625,
  "Z2135002|2": 54500.6796875,
  "Z2136001|2": 14049.7392578125,
  "Z0241002|3": 24052.44921875,
  "Z0241003|3": 16603.818359375,
  "Z0241004|3": 25453.033203125,
  "Z0241005|3": 14963.1962890625,
  "Z0241006|3": 33684.01953125,
  "Z0241007|3": 6552.3095703125,
  "Z0241008|3": 6185.16796875,
  "Z0276001|3": 24197.193359375,
  "Z0276002|3": 20123.740234375,
  "Z0276003|3": 10041.6640625,
  "Z0283001|3": 14304.7333984375,
  "Z0284001|3": 43894.1015625,
  "Z0386001|3": 21459.87109375,
  "Z0386002|3": 20739.3125,
  "Z0386003|3": 17002.666015625,
  "Z0386004|3": 5887.10693359375,
  "Z0386005|3": 1897.03955078125,
  "Z0386006|3": 2899.189453125,
  "Z0386007|3": 9101.3701171875,
  "Z0646001|3": 36792.23046875,
  "Z0646002|3": 35044.2890625,
  "Z0646003|3": 1925.592163085938,
  "Z0646004|3": 2065.802734375,
  "Z0899001|3": 71409.0703125,
  "Z0908001|3": 48723.66015625,
  "Z0951001|3": 55209.58984375,
  "Z0951002|3": 57033.42578125,
  "Z0972001|3": 38082.26171875,
  "Z1031001|3": 10813.6318359375,
  "Z1031002|3": 16797.1328125,
  "Z1119001|3": 29752.01953125,
  "Z1169001|3": 44004.2109375,
  "Z1367001|3": 62263.95703125,
  "Z1524001|3": 25980.578125,
  "Z1665001|3": 36462.72265625,
  "Z1769001|3": 37828.94921875,
  "Z1899001|3": 13626.3037109375,
  "Z1899002|3": 18523.84375,
  "Z2011001|3": 11484.1279296875,
  "Z2135001|3": 40510.90625,
  "Z2135002|3": 34474.2890625,
  "Z2136001|3": 23951.01953125,
  "Z0241002|4": 25804.6328125,
  "Z0241003|4": 12586.7841796875,
  "Z0241004|4": 20729.623046875,
  "Z0241005|4": 13457.8857421875,
  "Z0241006|4": 31480.724609375,
  "Z0241007|4": 9477.9326171875,
  "Z0241008|4": 5343.443359375,
  "Z0276001|4": 20624.96875,
  "Z0276002|4": 14777.2119140625,
  "Z0276003|4": 9459.0576171875,
  "Z0283001|4": 25910.796875,
  "Z0284001|4": 38322.140625,
  "Z0386001|4": 16501.615234375,
  "Z0386002|4": 17008.666015625,
  "Z0386003|4": 17580.658203125,
  "Z0386004|4": 4547.31884765625,
  "Z0386005|4": 1598.165649414062,
  "Z0386006|4": 3881.63330078125,
  "Z0386007|4": 8046.11328125,
  "Z0646001|4": 26979.904296875,
  "Z0646002|4": 22988.552734375,
  "Z0646003|4": 977.0968017578125,
  "Z0646004|4": 2700.531494140625,
  "Z0899001|4": 54119.5703125,
  "Z0908001|4": 27452.8203125,
  "Z0951001|4": 45248.84375,
  "Z0951002|4": 50300.3203125,
  "Z0972001|4": 33535.29296875,
  "Z1031001|4": 8936.7880859375,
  "Z1031002|4": 14262.896484375,
  "Z1119001|4": 22346.251953125,
  "Z1169001|4": 39360.27734375,
  "Z1367001|4": 45512.28515625,
  "Z1524001|4": 19456.41015625,
  "Z1665001|4": 27607.888671875,
  "Z1769001|4": 33112.51171875,
  "Z1899001|4": 11381.54296875,
  "Z1899002|4": 17803.265625,
  "Z2011001|4": 11605.578125,
  "Z2135001|4": 26703.5390625,
  "Z2135002|4": 26039.44140625,
  "Z2136001|4": 23556.4375,
  "Z0241002|5": 20371.802734375,
  "Z0241003|5": 10522.31640625,
  "Z0241004|5": 21263.55859375,
  "Z0241005|5": 12816.1572265625,
  "Z0241006|5": 27890.58203125,
  "Z0241007|5": 9636.5009765625,
  "Z0241008|5": 3636.791259765625,
  "Z0276001|5": 23573.224609375,
  "Z0276002|5": 14628.3212890625,
  "Z0276003|5": 6236.50537109375,
  "Z0283001|5": 11823.4072265625,
  "Z0284001|5": 37728.6796875,
  "Z0386001|5": 17360.37109375,
  "Z0386002|5": 20563.86328125,
  "Z0386003|5": 18615.9921875,
  "Z0386004|5": 5539.05419921875,
  "Z0386005|5": 2469.353759765625,
  "Z0386006|5": 3602.150146484375,
  "Z0386007|5": 8646.91015625,
  "Z0646001|5": 25570.916015625,
  "Z0646002|5": 22323.501953125,
  "Z0646003|5": 718.173095703125,
  "Z0646004|5": 2270.27685546875,
  "Z0899001|5": 36929.54296875,
  "Z0908001|5": 23515.830078125,
  "Z0951001|5": 36057.46875,
  "Z0951002|5": 54401.390625,
  "Z0972001|5": 25787.830078125,
  "Z1031001|5": 7530.04638671875,
  "Z1031002|5": 12689.904296875,
  "Z1119001|5": 21279.70703125,
  "Z1169001|5": 45230.3359375,
  "Z1367001|5": 48024.37109375,
  "Z1524001|5": 16094.1240234375,
  "Z1665001|5": 30280.251953125,
  "Z1769001|5": 22136.615234375,
  "Z1899001|5": 12280.19921875,
  "Z1899002|5": 14482.4501953125,
  "Z2011001|5": 10185.66796875,
  "Z2135001|5": 21492.396484375,
  "Z2135002|5": 22295.162109375,
  "Z2136001|5": 21781.912109375,
  "Z0241002|6": 14678.1015625,
  "Z0241003|6": 14146.8740234375,
  "Z0241004|6": 11527.474609375,
  "Z0241005|6": 8610.591796875,
  "Z0241006|6": 2960.895263671875,
  "Z0241007|6": 6065.3369140625,
  "Z0241008|6": 2950.382080078125,
  "Z0276001|6": 20491.603515625,
  "Z0276002|6": 12109.6806640625,
  "Z0276003|6": 4941.15673828125,
  "Z0386001|6": 13573.70703125,
  "Z0386002|6": 11525.66015625,
  "Z0386003|6": 9189.3896484375,
  "Z0386004|6": 3607.44580078125,
  "Z0386005|6": 1782.9462890625,
  "Z0386006|6": 1977.389282226562,
  "Z0386007|6": 3036.984375,
  "Z0646001|6": 14496.283203125,
  "Z0646002|6": 15045.7958984375,
  "Z0646003|6": 318.6634216308594,
  "Z0646004|6": 175.148193359375,
  "Z0951001|6": 34237.984375,
  "Z0951002|6": 29000.521484375,
  "Z1031001|6": 4716.953125,
  "Z1031002|6": 8619.4248046875,
  "Z1119001|6": 16781.375,
  "Z1524001|6": 14299.78125,
  "Z1899001|6": 6869.41650390625,
  "Z1899002|6": 10427.2978515625,
  "Z2135001|6": 21405.05078125,
  "Z2135002|6": 12425.7958984375,
  "Z0241002|7": 11339.015625,
  "Z0241003|7": 8285.830078125,
  "Z0241004|7": 7896.302734375,
  "Z0241005|7": 7469.21630859375,
  "Z0241006|7": 1661.384033203125,
  "Z0241007|7": 4021.23876953125,
  "Z0241008|7": 3081.228515625,
  "Z0276001|7": 15578.650390625,
  "Z0276002|7": 8088.48681640625,