{
  "Z0241002|1": 77983.328125,
  "Z0241003|1": 81751.984375,
  "Z0241004|1": 76893.4375,
  "Z0241005|1": 44536.98828125,
  "Z0241006|1": 53873.01171875,
  "Z0241007|1": 42849.8046875,
  "Z0241008|1": 0.0,
  "Z0276001|1": 84180.921875,
  "Z0276002|1": 67752.5078125,
  "Z0276003|1": 12164.9560546875,
  "Z0283001|1": 67228.125,
  "Z0284001|1": 108721.265625,
  "Z0386001|1": 75230.5390625,
  "Z0386002|1": 86834.2578125,
  "Z0386003|1": 88424.984375,
  "Z0386004|1": 34613.7421875,
  "Z0386005|1": 3890.875244140625,
  "Z0386006|1": 18464.4921875,
  "Z0386007|1": 0.0,
  "Z0646001|1": 85002.171875,
  "Z0646002|1": 104453.2265625,
  "Z0646003|1": 6172.89111328125,
  "Z0646004|1": 5576.55517578125,
  "Z0899001|1": 189390.265625,
  "Z0908001|1": 178823.65625,
  "Z0951001|1": 100188.2578125,
  "Z0951002|1": 107719.125,
  "Z0972001|1": 99441.484375,
  "Z1031001|1": 45772.5859375,
  "Z1031002|1": 68978.0234375,
  "Z1119001|1": 167344.5,
  "Z1169001|1": 84071.7265625,
  "Z1367001|1": 212470.15625,
  "Z1524001|1": 64041.04296875,
  "Z1665001|1": 107833.625,
  "Z1769001|1": 181923.875,
  "Z1899001|1": 51257.5078125,
  "Z1899002|1": 9866.2890625,
  "Z2011001|1": 75723.3984375,
  "Z2135001|1": 88001.4921875,
  "Z2135002|1": 88006.2734375,
  "Z2136001|1": 2.477935552597046,
  "Z0241002|2": 53438.21484375,
  "Z0241003|2": 63982.68359375,
  "Z0241004|2": 63766.9140625,
  "Z0241005|2": 25050.185546875,
  "Z0241006|2": 34869.39453125,
  "Z0241007|2": 28000.654296875,
  "Z0241008|2": 0.0,
  "Z0276001|2": 47191.15234375,
  "Z0276002|2": 56388.36328125,
  "Z0276003|2": 10759.7021484375,
  "Z0283001|2": 80258.640625,
  "Z0284001|2": 165573.046875,
  "Z0386001|2": 49350.4140625,
  "Z0386002|2": 71599.9453125,
  "Z0386003|2": 80859.6640625,
  "Z0386004|2": 17628.22265625,
  "Z0386005|2": 7129.82958984375,
  "Z0386006|2": 12910.7958984375,
  "Z0386007|2": 0.0,
  "Z0646001|2": 92072.6953125,
  "Z0646002|2": 92610.15625,
  "Z0646003|2": 7583.4404296875,
  "Z0646004|2": 5607.35302734375,
  "Z0899001|2": 162070.578125,
  "Z0908001|2": 99289.578125,
  "Z0951001|2": 89148.8671875,
  "Z0951002|2": 95470.8828125,
  "Z0972001|2": 84885.515625,
  "Z1031001|2": 37142.8828125,
  "Z1031002|2": 52105.9921875,
  "Z1119001|2": 153013.171875,
  "Z1169001|2": 115044.484375,
  "Z1367001|2": 138638.203125,
  "Z1524001|2": 59865.03515625,
  "Z1665001|2": 126834.421875,
  "Z1769001|2": 164968.28125,
  "Z1899001|2": 22597.775390625,
  "Z1899002|2": 10618.7080078125,
  "Z2011001|2": 64352.42578125,
  "Z2135001|2": 67614.2421875,
  "Z2135002|2": 69081.640625,
  "Z2136001|2": 2.425516605377197,
  "Z0241002|3": 96962.4140625,
  "Z0241003|3": 89557.1328125,
  "Z0241004|3": 100075.1015625,
  "Z0241005|3": 33817.05078125,
  "Z0241006|3": 42624.37109375,
  "Z0241007|3": 40584.84375,
  "Z0241008|3": 0.0,
  "Z0276001|3": 76802.703125,
  "Z0276002|3": 57281.28125,
  "Z0276003|3": 10966.3095703125,
  "Z0283001|3": 89094.8125,
  "Z0284001|3": 119622.125,
  "Z0386001|3": 87937.6484375,
  "Z0386002|3": 107713.2734375,
  "Z0386003|3": 109328.5859375,
  "Z0386004|3": 24896.16015625,
  "Z0386005|3": 5496.27685546875,
  "Z0386006|3": 19867.912109375,
  "Z0386007|3": 0.0,
  "Z0646001|3": 134218.265625,
  "Z0646002|3": 127270.015625,
  "Z0646003|3": 5451.78515625,
  "Z0646004|3": 6508.0302734375,
  "Z0899001|3": 213444.390625,
  "Z0908001|3": 104386.90625,
  "Z0951001|3": 112614.09375,
  "Z0951002|3": 130900.9296875,
  "Z0972001|3": 74210.046875,
  "Z1031001|3": 40035.98828125,
  "Z1031002|3": 70630.109375,
  "Z1119001|3": 194808.25,
  "Z1169001|3": 92089.46875,
  "Z1367001|3": 138988.078125,
  "Z1524001|3": 69078.3515625,
  "Z1665001|3": 91361.3125,
  "Z1769001|3": 171098.9375,
  "Z1899001|3": 46801.1328125,
  "Z1899002|3": 19039.115234375,
  "Z2011001|3": 69616.2265625,
  "Z2135001|3": 127537.3203125,
  "Z2135002|3": 104806.6640625,
  "Z2136001|3": 2.62028169631958,
  "Z0241002|4": 119182.2421875,
  "Z0241003|4": 105374.9296875,
  "Z0241004|4": 128333.1875,
  "Z0241005|4": 44469.29296875,
  "Z0241006|4": 39007.28515625,
  "Z0241007|4": 53946.015625,
  "Z0241008|4": 0.002295467769727111,
  "Z0276001|4": 85769.5703125,
  "Z0276002|4": 56700.86328125,
  "Z0276003|4": 12365.6083984375,
  "Z0283001|4": 42749.67578125,
  "Z0284001|4": 74248.765625,
  "Z0386001|4": 96236.9296875,
  "Z0386002|4": 118682.8359375,
  "Z0386003|4": 126121.921875,
  "Z0386004|4": 28249.677734375,
  "Z0386005|4": 5889.57275390625,
  "Z0386006|4": 25663.021484375,
  "Z0386007|4": 0.007064326200634241,
  "Z0646001|4": 131486.71875,
  "Z0646002|4": 125328.65625,
  "Z0646003|4": 8043.0439453125,
  "Z0646004|4": 6271.1982421875,
  "Z0899001|4": 242514.953125,
  "Z0908001|4": 85128.890625,
  "Z0951001|4": 109491.7734375,
  "Z0951002|4": 101789.109375,
  "Z0972001|4": 85280.515625,
  "Z1031001|4": 44753.1953125,
  "Z1031002|4": 87620.2890625,
  "Z1119001|4": 170312.609375,
  "Z1169001|4": 82790.328125,
  "Z1367001|4": 180510.703125,
  "Z1524001|4": 51962.625,
  "Z1665001|4": 89413.9296875,
  "Z1769001|4": 102142.3984375,
  "Z1899001|4": 38485.1953125,
  "Z1899002|4": 23150.2421875,
  "Z2011001|4": 70963.921875,
  "Z2135001|4": 128009.0234375,
  "Z2135002|4": 105650.140625,
  "Z2136001|4": 2.608899593353271,
  "Z0241002|5": 116734.0,
  "Z0241003|5": 108510.46875,
  "Z0241004|5": 123746.546875,
  "Z0241005|5": 36680.88671875,
  "Z0241006|5": 34153.2578125,
  "Z0241007|5": 54556.0625,
  "Z0241008|5": 0.05857115983963013,
  "Z0276001|5": 80957.8125,
  "Z0276002|5": 63859.78515625,
  "Z0276003|5": 11462.52734375,
  "Z0283001|5": 46822.0703125,
  "Z0284001|5": 126291.6328125,
  "Z0386001|5": 123130.1640625,
  "Z0386002|5": 133375.84375,
  "Z0386003|5": 134335.296875,
  "Z0386004|5": 35546.47265625,
  "Z0386005|5": 5188.7236328125,
  "Z0386006|5": 35528.94921875,
  "Z0386007|5": 0.07419408857822418,
  "Z0646001|5": 150101.703125,
  "Z0646002|5": 150129.90625,
  "Z0646003|5": 8203.0439453125,
  "Z0646004|5": 6555.54736328125,
  "Z0899001|5": 222275.203125,
  "Z0908001|5": 127915.421875,
  "Z0951001|5": 124414.3046875,
  "Z0951002|5": 129964.390625,
  "Z0972001|5": 141082.765625,
  "Z1031001|5": 56283.1640625,
  "Z1031002|5": 94185.890625,
  "Z1119001|5": 195268.4375,
  "Z1169001|5": 76362.4453125,
  "Z1367001|5": 158493.703125,
  "Z1524001|5": 78374.609375,
  "Z1665001|5": 98839.1171875,
  "Z1769001|5": 142486.4375,
  "Z1899001|5": 45093.71484375,
  "Z1899002|5": 26084.953125,
  "Z2011001|5": 71854.890625,
  "Z2135001|5": 142949.890625,
  "Z2135002|5": 100526.2109375,
  "Z2136001|5": 2.605974435806274,
  "Z0241002|6": 60626.25390625,
  "Z0241003|6": 54916.56640625,
  "Z0241004|6": 35228.45703125,
  "Z0241005|6": 20083.2265625,
  "Z0241006|6": 3757.50732421875,
  "Z0241007|6": 19801.326171875,
  "Z0241008|6": 0.01312385406345129,
  "Z0276001|6": 52156.10546875,
  "Z0276002|6": 28826.578125,
  "Z0276003|6": 9578.140625,
  "Z0386001|6": 58791.66796875,
  "Z0386002|6": 64518.77734375,
  "Z0386003|6": 70455.4609375,
  "Z0386004|6": 22577.50390625,
  "Z0386005|6": 4697.12109375,
  "Z0386006|6": 12127.4921875,
  "Z0386007|6": 0.06120987981557846,
  "Z0646001|6": 91428.25,
  "Z0646002|6": 99687.03125,
  "Z0646003|6": 6587.06201171875,
  "Z0646004|6": 5759.0634765625,
  "Z0951001|6": 94201.0703125,
  "Z0951002|6": 83473.3359375,
  "Z1031001|6": 27025.41015625,
  "Z1031002|6": 50719.30859375,
  "Z1119001|6": 7547.84326171875,
  "Z1524001|6": 54833.51171875,
  "Z1899001|6": 37608.22265625,
  "Z1899002|6": 23362.904296875,
  "Z2135001|6": 63546.05859375,
  "Z2135002|6": 54373.2265625,
  "Z0241002|7": 50484.09765625,
  "Z0241003|7": 40356.8515625,
  "Z0241004|7": 50930.3515625,
  "Z0241005|7": 16577.474609375,
  "Z0241006|7": 1723.542114257812,
  "Z0241007|7": 24511.98828125,
  "Z0241008|7": 0.0264454074203968,
  "Z0276001|7": 34855.234375,
  "Z0276002|7": 22533.25390625,
  "Z0276003|7": 7835.87646484375,
  "Z0386001|7": 24682.791015625,
  "Z0386002|7": 40485.83984375,
  "Z0386003|7": 41216.94140625,
  "Z0386004|7": 15142.6513671875,
  "Z0386005|7": 5011.17724609375,