{
  "Z0241002|1": 96309.375,
  "Z0241002|2": 81433.484375,
  "Z0241002|3": 82274.4453125,
  "Z0241002|4": 123711.53125,
  "Z0241002|5": 84359.5625,
  "Z0241002|6": 46236.94140625,
  "Z0241002|7": 27374.232421875,
  "Z0241003|1": 71685.6640625,
  "Z0241003|2": 69714.59375,
  "Z0241003|3": 72900.4453125,
  "Z0241003|4": 131616.234375,
  "Z0241003|5": 74928.421875,
  "Z0241003|6": 47754.265625,
  "Z0241003|7": 28116.287109375,
  "Z0241004|1": 74394.40625,
  "Z0241004|2": 75184.2578125,
  "Z0241004|3": 92599.109375,
  "Z0241004|4": 137809.484375,
  "Z0241004|5": 74300.8125,
  "Z0241004|6": 39674.03515625,
  "Z0241004|7": 27610.658203125,
  "Z0241005|1": 23963.96484375,
  "Z0241005|2": 18056.912109375,
  "Z0241005|3": 19582.48828125,
  "Z0241005|4": 48246.875,
  "Z0241005|5": 30552.595703125,
  "Z0241005|6": 19386.55078125,
  "Z0241005|7": 18040.3359375,
  "Z0241006|1": 14599.4521484375,
  "Z0241006|2": 33061.859375,
  "Z0241006|3": 33958.80078125,
  "Z0241006|4": 26617.267578125,
  "Z0241006|5": 21939.533203125,
  "Z0241006|6": 4853.96142578125,
  "Z0241006|7": 8670.7998046875,
  "Z0241007|1": 35585.27734375,
  "Z0241007|2": 32633.376953125,
  "Z0241007|3": 51924.6796875,
  "Z0241007|4": 68882.2109375,
  "Z0241007|5": 34560.9609375,
  "Z0241007|6": 19928.369140625,
  "Z0241007|7": 13035.88671875,
  "Z0241008|1": 0.1384297311306,
  "Z0241008|2": 0.1378710567951202,
  "Z0241008|3": 0.1520256549119949,
  "Z0241008|4": 0.1885581165552139,
  "Z0241008|5": 0.1045197620987892,
  "Z0241008|6": 0.1144349575042725,
  "Z0241008|7": 0.08098360896110535,
  "Z0276001|1": 72654.46875,
  "Z0276001|2": 64197.4296875,
  "Z0276001|3": 72271.2734375,
  "Z0276001|4": 100231.7421875,
  "Z0276001|5": 57687.69140625,
  "Z0276001|6": 36461.65234375,
  "Z0276001|7": 30196.865234375,
  "Z0276002|1": 53638.77734375,
  "Z0276002|2": 59350.8125,
  "Z0276002|3": 70143.1484375,
  "Z0276002|4": 97755.2578125,
  "Z0276002|5": 45711.8046875,
  "Z0276002|6": 34303.3828125,
  "Z0276002|7": 18421.76953125,
  "Z0276003|1": 6209.111328125,
  "Z0276003|2": 6786.29931640625,
  "Z0276003|3": 16528.0703125,
  "Z0276003|4": 21661.015625,
  "Z0276003|5": 20045.140625,
  "Z0276003|6": 13438.1083984375,
  "Z0276003|7": 12139.529296875,
  "Z0283001|1": 54870.453125,
  "Z0283001|2": 40787.796875,
  "Z0283001|3": 34810.5859375,
  "Z0283001|4": 39707.0078125,
  "Z0283001|5": 53913.46875,
  "Z0283001|6": 0.0,
  "Z0283001|7": 0.0,
  "Z0284001|1": 115980.875,
  "Z0284001|2": 202223.578125,
  "Z0284001|3": 196007.5625,
  "Z0284001|4": 135641.75,
  "Z0284001|5": 171954.859375,
  "Z0284001|6": 0.0,
  "Z0284001|7": 0.0,
  "Z0386001|1": 67583.0078125,
  "Z0386001|2": 62761.4296875,
  "Z0386001|3": 67870.3046875,
  "Z0386001|4": 93269.5859375,
  "Z0386001|5": 44631.3671875,
  "Z0386001|6": 32369.25390625,
  "Z0386001|7": 22604.63671875,
  "Z0386002|1": 52409.453125,
  "Z0386002|2": 54604.79296875,
  "Z0386002|3": 54038.5,
  "Z0386002|4": 90565.7265625,
  "Z0386002|5": 43268.94140625,
  "Z0386002|6": 33198.86328125,
  "Z0386002|7": 21597.767578125,
  "Z0386003|1": 73549.265625,
  "Z0386003|2": 63929.3984375,
  "Z0386003|3": 64945.6953125,
  "Z0386003|4": 96755.8671875,
  "Z0386003|5": 49871.90234375,
  "Z0386003|6": 35435.3515625,
  "Z0386003|7": 21038.8984375,
  "Z0386004|1": 11955.5927734375,
  "Z0386004|2": 12367.9482421875,
  "Z0386004|3": 11768.9755859375,
  "Z0386004|4": 17417.01953125,
  "Z0386004|5": 15414.509765625,
  "Z0386004|6": 8843.373046875,
  "Z0386004|7": 7582.9111328125,
  "Z0386005|1": 1542.07080078125,
  "Z0386005|2": 864.3411254882812,
  "Z0386005|3": 937.7437744140625,
  "Z0386005|4": 1583.172729492188,
  "Z0386005|5": 2550.475830078125,
  "Z0386005|6": 488.4742126464844,
  "Z0386005|7": 1301.727905273438,
  "Z0386006|1": 2573.548095703125,
  "Z0386006|2": 5606.9775390625,
  "Z0386006|3": 3128.16650390625,
  "Z0386006|4": 4783.0966796875,
  "Z0386006|5": 5953.75244140625,
  "Z0386006|6": 3696.364990234375,
  "Z0386006|7": 2632.99462890625,
  "Z0386007|1": 7003.0302734375,
  "Z0386007|2": 3700.323486328125,
  "Z0386007|3": 10420.5546875,
  "Z0386007|4": 20820.150390625,
  "Z0386007|5": 18948.890625,
  "Z0386007|6": 11317.552734375,
  "Z0386007|7": 8687.75390625,
  "Z0646001|1": 105592.2265625,
  "Z0646001|2": 107957.734375,
  "Z0646001|3": 142423.328125,
  "Z0646001|4": 202760.625,
  "Z0646001|5": 99969.03125,
  "Z0646001|6": 43351.09375,
  "Z0646001|7": 21816.865234375,
  "Z0646002|1": 122686.8828125,
  "Z0646002|2": 121101.390625,
  "Z0646002|3": 155963.015625,
  "Z0646002|4": 202760.625,
  "Z0646002|5": 99969.03125,
  "Z0646002|6": 45416.625,
  "Z0646002|7": 20462.01171875,
  "Z0646003|1": 1143.766723632812,
  "Z0646003|2": 772.5928955078125,
  "Z0646003|3": 1070.2177734375,
  "Z0646003|4": 1946.395629882812,
  "Z0646003|5": 2005.812622070312,
  "Z0646003|6": 1273.752075195312,
  "Z0646003|7": 1485.912841796875,
  "Z0646004|1": 7763.412109375,
  "Z0646004|2": 4339.44677734375,
  "Z0646004|3": 8708.6845703125,
  "Z0646004|4": 7516.912109375,
  "Z0646004|5": 9979.396484375,
  "Z0646004|6": 3964.392333984375,
  "Z0646004|7": 1961.279052734375,
  "Z0899001|1": 159769.3125,
  "Z0899001|2": 127148.734375,
  "Z0899001|3": 113472.25,
  "Z0899001|4": 197042.875,
  "Z0899001|5": 106998.1328125,
  "Z0899001|6": 0.0,
  "Z0899001|7": 0.0,
  "Z0908001|1": 109261.265625,
  "Z0908001|2": 64766.87890625,
  "Z0908001|3": 67072.4140625,
  "Z0908001|4": 165061.203125,
  "Z0908001|5": 66665.1640625,
  "Z0908001|6": 0.0,
  "Z0908001|7": 0.0,
  "Z0951001|1": 102934.984375,
  "Z0951001|2": 88866.1875,
  "Z0951001|3": 93494.90625,
  "Z0951001|4": 86508.1640625,
  "Z0951001|5": 77624.921875,
  "Z0951001|6": 46257.23046875,
  "Z0951001|7": 32463.515625,
  "Z0951002|1": 81802.5078125,
  "Z0951002|2": 84612.4765625,
  "Z0951002|3": 96582.0859375,
  "Z0951002|4": 128208.328125,
  "Z0951002|5": 79447.8046875,
  "Z0951002|6": 44720.1171875,
  "Z0951002|7": 13683.400390625,
  "Z0972001|1": 135670.34375,
  "Z0972001|2": 70612.1015625,
  "Z0972001|3": 81922.9765625,
  "Z0972001|4": 81836.140625,
  "Z0972001|5": 59934.6328125,
  "Z0972001|6": 0.0,
  "Z0972001|7": 0.0,
  "Z1031001|1": 15875.560546875,
  "Z1031001|2": 22314.20703125,
  "Z1031001|3": 21749.2421875,
  "Z1031001|4": 50905.921875,
  "Z1031001|5": 34870.2265625,
  "Z1031001|6": 24346.4453125,
  "Z1031001|7": 8888.71484375,
  "Z1031002|1": 34021.10546875,
  "Z1031002|2": 34156.28515625,
  "Z1031002|3": 45693.84765625,
  "Z1031002|4": 73505.3046875,
  "Z1031002|5": 40402.50390625,
  "Z1031002|6": 32899.71484375,
  "Z1031002|7": 19774.21875,
  "Z1119001|1": 81232.421875,
  "Z1119001|2": 68041.3984375,
  "Z1119001|3": 83357.0859375,
  "Z1119001|4": 117420.6875,
  "Z1119001|5": 71261.5546875,
  "Z1119001|6": 55526.3671875,
  "Z1119001|7": 7503.9033203125,
  "Z1169001|1": 97957.9609375,
  "Z1169001|2": 85381.5,
  "Z1169001|3": 100421.578125,
  "Z1169001|4": 70904.5625,
  "Z1169001|5": 58617.33984375,
  "Z1169001|6": 0.0,
  "Z1169001|7": 0.0,
  "Z1367001|1": 145149.3125,
  "Z1367001|2": 145122.453125,
  "Z1367001|3": 127309.3828125,
  "Z1367001|4": 154564.5,
  "Z1367001|5": 89337.2890625,
  "Z1367001|6": 0.0,
  "Z1367001|7": 0.0,
  "Z1524001|1": 87726.546875,
  "Z1524001|2": 83340.0,
  "Z1524001|3": 136759.0625,
  "Z1524001|4": 182855.765625,
  "Z1524001|5": 63013.86328125,
  "Z1524001|6": 39675.69921875,
  "Z1524001|7": 14563.9052734375,
  "Z1665001|1": 90077.3125,
  "Z1665001|2": 75959.671875,
  "Z1665001|3": 85788.7109375,
  "Z1665001|4": 140444.625,
  "Z1665001|5": 73122.0078125,
  "Z1665001|6": 0.0,
  "Z1665001|7": 0.0,
  "Z1769001|1": 151337.46875,
  "Z1769001|2": 127091.390625,
  "Z1769001|3": 171651.4375,
  "Z1769001|4": 262662.9375,
  "Z1769001|5": 143126.453125,
  "Z1769001|6": 0.0,
  "Z1769001|7": 0.0,
  "Z1899001|1": 46961.23046875,
  "Z1899001|2": 50271.30078125,
  "Z1899001|3": 61551.12890625,
  "Z1899001|4": 90802.4296875,
  "Z1899001|5": 58086.9453125,
  "Z1899001|6": 36746.40234375,
  "Z1899001|7": 28619.193359375,
  "Z1899002|1": 70854.609375,