{
  "Z0241002|1": 30408.91796875,
  "Z0241002|2": 61489.09375,
  "Z0241002|3": 57398.80078125,
  "Z0241002|4": 112406.578125,
  "Z0241002|5": 158428.109375,
  "Z0241002|6": 70626.5390625,
  "Z0241002|7": 14218.86328125,
  "Z0241003|1": 7436.53125,
  "Z0241003|2": 19449.396484375,
  "Z0241003|3": 20397.892578125,
  "Z0241003|4": 39681.515625,
  "Z0241003|5": 47052.46875,
  "Z0241003|6": 16143.7490234375,
  "Z0241003|7": 19386.671875,
  "Z0241004|1": 5708.64892578125,
  "Z0241004|2": 19812.943359375,
  "Z0241004|3": 21298.40625,
  "Z0241004|4": 27655.533203125,
  "Z0241004|5": 50081.80859375,
  "Z0241004|6": 45255.6640625,
  "Z0241004|7": 41304.140625,
  "Z0241005|1": 10318.0,
  "Z0241005|2": 8162.10986328125,
  "Z0241005|3": 10921.15625,
  "Z0241005|4": 19146.66015625,
  "Z0241005|5": 23028.423828125,
  "Z0241005|6": 22241.451171875,
  "Z0241005|7": 22073.623046875,
  "Z0241006|1": 245.345458984375,
  "Z0241006|2": 6078.50732421875,
  "Z0241006|3": 11721.0439453125,
  "Z0241006|4": 18383.837890625,
  "Z0241006|5": 18366.837890625,
  "Z0241006|6": 3908.51904296875,
  "Z0241006|7": 2365.00927734375,
  "Z0241007|1": 7476.00146484375,
  "Z0241007|2": 12331.9951171875,
  "Z0241007|3": 12570.46875,
  "Z0241007|4": 36147.16015625,
  "Z0241007|5": 44149.78125,
  "Z0241007|6": 36187.27734375,
  "Z0241007|7": 32695.220703125,
  "Z0241008|1": 3360.353759765625,
  "Z0241008|2": 4801.6767578125,
  "Z0241008|3": 4672.11962890625,
  "Z0241008|4": 6453.57763671875,
  "Z0241008|5": 4558.72802734375,
  "Z0241008|6": 15793.59765625,
  "Z0241008|7": 22099.2578125,
  "Z0276001|1": 42144.60546875,
  "Z0276001|2": 28443.94921875,
  "Z0276001|3": 28154.947265625,
  "Z0276001|4": 69297.546875,
  "Z0276001|5": 70978.671875,
  "Z0276001|6": 63387.65625,
  "Z0276001|7": 27123.16796875,
  "Z0276002|1": 24413.30078125,
  "Z0276002|2": 19896.337890625,
  "Z0276002|3": 26080.998046875,
  "Z0276002|4": 57040.71484375,
  "Z0276002|5": 60207.25,
  "Z0276002|6": 43977.78125,
  "Z0276002|7": 28689.19921875,
  "Z0276003|1": 5346.6962890625,
  "Z0276003|2": 4781.36572265625,
  "Z0276003|3": 5986.1142578125,
  "Z0276003|4": 15359.228515625,
  "Z0276003|5": 22610.279296875,
  "Z0276003|6": 28150.517578125,
  "Z0276003|7": 21742.001953125,
  "Z0283001|2": 28508.666015625,
  "Z0283001|3": 15550.7421875,
  "Z0283001|4": 39253.703125,
  "Z0283001|5": 33805.60546875,
  "Z0283001|6": 0.0,
  "Z0283001|7": 0.0,
  "Z0284001|2": 68181.28125,
  "Z0284001|3": 65995.7421875,
  "Z0284001|4": 130152.421875,
  "Z0284001|5": 157833.03125,
  "Z0284001|6": 0.0,
  "Z0284001|7": 0.0,
  "Z0386001|1": 20175.857421875,
  "Z0386001|2": 18382.646484375,
  "Z0386001|3": 19616.478515625,
  "Z0386001|4": 45188.0390625,
  "Z0386001|5": 54654.12109375,
  "Z0386001|6": 42731.9453125,
  "Z0386001|7": 31155.55078125,
  "Z0386002|1": 24903.0234375,
  "Z0386002|2": 21428.0703125,
  "Z0386002|3": 20689.470703125,
  "Z0386002|4": 45896.640625,
  "Z0386002|5": 60201.05078125,
  "Z0386002|6": 41729.5,
  "Z0386002|7": 23547.744140625,
  "Z0386003|1": 39100.84765625,
  "Z0386003|2": 25982.857421875,
  "Z0386003|3": 30654.67578125,
  "Z0386003|4": 50257.35546875,
  "Z0386003|5": 63733.5390625,
  "Z0386003|6": 49965.49609375,
  "Z0386003|7": 28331.1328125,
  "Z0386004|1": 4243.3134765625,
  "Z0386004|2": 7181.03662109375,
  "Z0386004|3": 5679.43994140625,
  "Z0386004|4": 5068.46044921875,
  "Z0386004|5": 3555.518798828125,
  "Z0386004|6": 1650.2626953125,
  "Z0386004|7": 1388.648193359375,
  "Z0386005|1": 2793.456298828125,
  "Z0386005|2": 2106.625,
  "Z0386005|3": 1374.753784179688,
  "Z0386005|4": 6021.4072265625,
  "Z0386005|5": 3923.513671875,
  "Z0386005|6": 3888.02587890625,
  "Z0386005|7": 3234.323974609375,
  "Z0386006|1": 4514.80419921875,
  "Z0386006|2": 2713.39501953125,
  "Z0386006|3": 5293.84326171875,
  "Z0386006|4": 7807.654296875,
  "Z0386006|5": 4773.96923828125,
  "Z0386006|6": 3573.339599609375,
  "Z0386006|7": 3715.377685546875,
  "Z0386007|1": 18412.4921875,
  "Z0386007|2": 13211.7724609375,
  "Z0386007|3": 8333.6376953125,
  "Z0386007|4": 20595.0703125,
  "Z0386007|5": 16560.61328125,
  "Z0386007|6": 12353.9501953125,
  "Z0386007|7": 24492.1953125,
  "Z0646001|1": 49806.21484375,
  "Z0646001|2": 37977.58984375,
  "Z0646001|3": 35750.6640625,
  "Z0646001|4": 80642.953125,
  "Z0646001|5": 101834.1640625,
  "Z0646001|6": 88918.0859375,
  "Z0646001|7": 46807.78515625,
  "Z0646002|1": 44248.29296875,
  "Z0646002|2": 29387.38671875,
  "Z0646002|3": 33916.5,
  "Z0646002|4": 72733.6015625,
  "Z0646002|5": 99765.3984375,
  "Z0646002|6": 79347.4921875,
  "Z0646002|7": 48699.828125,
  "Z0646003|1": 340.654296875,
  "Z0646003|2": 1945.488891601562,
  "Z0646003|3": 1533.940551757812,
  "Z0646003|4": 828.9064331054688,
  "Z0646003|5": 1889.107055664062,
  "Z0646003|6": 2190.45361328125,
  "Z0646003|7": 3434.180419921875,
  "Z0646004|1": 715.408935546875,
  "Z0646004|2": 2681.974853515625,
  "Z0646004|3": 1059.35205078125,
  "Z0646004|4": 522.4873046875,
  "Z0646004|5": 6687.0,
  "Z0646004|6": 9290.2060546875,
  "Z0646004|7": 13083.6318359375,
  "Z0899001|2": 87377.7890625,
  "Z0899001|3": 71140.9140625,
  "Z0899001|4": 102748.3359375,
  "Z0899001|5": 139261.140625,
  "Z0899001|6": 0.0,
  "Z0899001|7": 0.0,
  "Z0908001|2": 44351.84375,
  "Z0908001|3": 48003.21875,
  "Z0908001|4": 48021.8984375,
  "Z0908001|5": 72790.2890625,
  "Z0908001|6": 0.0,
  "Z0908001|7": 0.0,
  "Z0951001|1": 33922.6796875,
  "Z0951001|2": 33833.53515625,
  "Z0951001|3": 34233.87109375,
  "Z0951001|4": 61706.33203125,
  "Z0951001|5": 48112.0703125,
  "Z0951001|6": 22974.482421875,
  "Z0951001|7": 562.6997680664062,
  "Z0951002|1": 27984.07421875,
  "Z0951002|2": 35951.640625,
  "Z0951002|3": 34988.6875,
  "Z0951002|4": 56681.99609375,
  "Z0951002|5": 45323.38671875,
  "Z0951002|6": 24481.033203125,
  "Z0951002|7": 216.7020111083984,
  "Z0972001|2": 59713.1328125,
  "Z0972001|3": 30878.291015625,
  "Z0972001|4": 42501.375,
  "Z0972001|5": 82778.484375,
  "Z0972001|6": 0.0,
  "Z0972001|7": 0.0,
  "Z1031001|1": 5801.7880859375,
  "Z1031001|2": 14932.7021484375,
  "Z1031001|3": 12570.2412109375,
  "Z1031001|4": 20469.31640625,
  "Z1031001|5": 24024.13671875,
  "Z1031001|6": 18508.904296875,
  "Z1031001|7": 15538.392578125,
  "Z1031002|1": 25413.228515625,
  "Z1031002|2": 15584.1337890625,
  "Z1031002|3": 15786.369140625,
  "Z1031002|4": 29595.15234375,
  "Z1031002|5": 47320.859375,
  "Z1031002|6": 33498.1484375,
  "Z1031002|7": 13262.158203125,
  "Z1119001|1": 37014.6953125,
  "Z1119001|2": 46779.98046875,
  "Z1119001|3": 28942.498046875,
  "Z1119001|4": 68656.234375,
  "Z1119001|5": 79324.1171875,
  "Z1119001|6": 58406.78515625,
  "Z1119001|7": 9553.21484375,
  "Z1169001|2": 59339.64453125,
  "Z1169001|3": 51258.29296875,
  "Z1169001|4": 68000.625,
  "Z1169001|5": 92449.109375,
  "Z1169001|6": 0.0,
  "Z1169001|7": 0.0,
  "Z1367001|2": 88415.8828125,
  "Z1367001|3": 63955.53515625,
  "Z1367001|4": 115306.234375,
  "Z1367001|5": 113223.5,
  "Z1367001|6": 0.0,
  "Z1367001|7": 0.0,
  "Z1524001|1": 31199.111328125,
  "Z1524001|2": 18734.91796875,
  "Z1524001|3": 18319.533203125,
  "Z1524001|4": 54085.72265625,
  "Z1524001|5": 90977.09375,
  "Z1524001|6": 92357.4609375,
  "Z1524001|7": 34622.02734375,
  "Z1665001|2": 44428.89453125,
  "Z1665001|3": 39332.01953125,
  "Z1665001|4": 72508.4375,
  "Z1665001|5": 83294.6484375,
  "Z1665001|6": 0.0,
  "Z1665001|7": 0.0,
  "Z1769001|2": 41155.19140625,
  "Z1769001|3": 30936.359375,
  "Z1769001|4": 102733.046875,
  "Z1769001|5": 125447.0390625,
  "Z1769001|6": 0.0,
  "Z1769001|7": 0.0,
  "Z1899001|1": 16269.58203125,
  "Z1899001|2": 18588.24609375,
  "Z1899001|3": 14212.4638671875,
  "Z1899001|4": 37159.21875,
  "Z1899001|5": 57017.1640625,
  "Z1899001|6": 44895.29296875,
  "Z1899001|7": 26804.14453125,
  "Z1899002|1": 29427.267578125,
  "Z1899002|2": 18639.212890625,
  "Z1899002|3": 20876.4609375,
  "Z1899002|4": 49169.49609375,
  "Z1899002|5": 69433.8203125,
  "Z1899002|6": 57187.5078125,