{
  "Z0241002|1": 149049.234375,
  "Z0241002|2": 217820.734375,
  "Z0241002|3": 176444.53125,
  "Z0241002|4": 120513.6484375,
  "Z0241002|5": 155356.8125,
  "Z0241002|6": 111598.1796875,
  "Z0241002|7": 54147.21875,
  "Z0241003|1": 135759.96875,
  "Z0241003|2": 181181.25,
  "Z0241003|3": 153338.90625,
  "Z0241003|4": 109423.171875,
  "Z0241003|5": 121105.5,
  "Z0241003|6": 93187.8671875,
  "Z0241003|7": 41436.40625,
  "Z0241004|1": 164568.171875,
  "Z0241004|2": 242616.25,
  "Z0241004|3": 180489.84375,
  "Z0241004|4": 128826.4765625,
  "Z0241004|5": 143827.09375,
  "Z0241004|6": 104802.140625,
  "Z0241004|7": 59136.9765625,
  "Z0241005|1": 26935.533203125,
  "Z0241005|2": 51830.3046875,
  "Z0241005|3": 9686.50390625,
  "Z0241005|4": 38719.16796875,
  "Z0241005|5": 49789.8046875,
  "Z0241005|6": 30848.712890625,
  "Z0241005|7": 27364.626953125,
  "Z0241006|1": 31925.63671875,
  "Z0241006|2": 31677.81640625,
  "Z0241006|3": 22821.046875,
  "Z0241006|4": 19348.7265625,
  "Z0241006|5": 19101.40234375,
  "Z0241006|6": 3882.34619140625,
  "Z0241006|7": 2616.784912109375,
  "Z0241007|1": 71360.4375,
  "Z0241007|2": 103643.7890625,
  "Z0241007|3": 85207.65625,
  "Z0241007|4": 55100.99609375,
  "Z0241007|5": 62661.86328125,
  "Z0241007|6": 59537.16796875,
  "Z0241007|7": 35457.46875,
  "Z0241008|1": 63352.58203125,
  "Z0241008|2": 63025.71875,
  "Z0241008|3": 41353.265625,
  "Z0241008|4": 34646.9765625,
  "Z0241008|5": 31237.375,
  "Z0241008|6": 21426.654296875,
  "Z0241008|7": 9322.126953125,
  "Z0276001|1": 68137.1171875,
  "Z0276001|2": 88094.0859375,
  "Z0276001|3": 70503.8984375,
  "Z0276001|4": 36759.37890625,
  "Z0276001|5": 87521.8046875,
  "Z0276001|6": 66585.5625,
  "Z0276001|7": 34876.0546875,
  "Z0276002|1": 80077.34375,
  "Z0276002|2": 109571.96875,
  "Z0276002|3": 100186.0390625,
  "Z0276002|4": 103356.1640625,
  "Z0276002|5": 116019.9921875,
  "Z0276002|6": 83660.9140625,
  "Z0276002|7": 12419.46875,
  "Z0276003|1": 22080.083984375,
  "Z0276003|2": 29463.66796875,
  "Z0276003|3": 19301.59765625,
  "Z0276003|4": 21971.41796875,
  "Z0276003|5": 23746.927734375,
  "Z0276003|6": 22261.6953125,
  "Z0276003|7": 16306.3291015625,
  "Z0283001|1": 36652.5390625,
  "Z0283001|2": 78677.28125,
  "Z0283001|3": 43280.52734375,
  "Z0283001|4": 64194.31640625,
  "Z0283001|5": 83151.6015625,
  "Z0283001|6": 0.0,
  "Z0283001|7": 0.0,
  "Z0284001|1": 197449.25,
  "Z0284001|2": 402968.125,
  "Z0284001|3": 384817.09375,
  "Z0284001|4": 162002.09375,
  "Z0284001|5": 170461.265625,
  "Z0284001|6": 0.0,
  "Z0284001|7": 0.0,
  "Z0386001|1": 29800.2421875,
  "Z0386001|2": 53368.36328125,
  "Z0386001|3": 12386.97265625,
  "Z0386001|4": 12542.0859375,
  "Z0386001|5": 55281.1640625,
  "Z0386001|6": 59243.546875,
  "Z0386001|7": 32605.953125,
  "Z0386002|1": 40523.74609375,
  "Z0386002|2": 80713.0234375,
  "Z0386002|3": 70206.0625,
  "Z0386002|4": 74047.28125,
  "Z0386002|5": 106010.8359375,
  "Z0386002|6": 100777.6796875,
  "Z0386002|7": 43692.43359375,
  "Z0386003|1": 52296.5390625,
  "Z0386003|2": 73575.0859375,
  "Z0386003|3": 69496.0,
  "Z0386003|4": 87698.09375,
  "Z0386003|5": 116111.984375,
  "Z0386003|6": 102909.53125,
  "Z0386003|7": 50521.3984375,
  "Z0386004|1": 10258.2578125,
  "Z0386004|2": 24835.615234375,
  "Z0386004|3": 22836.3515625,
  "Z0386004|4": 23319.25,
  "Z0386004|5": 25908.40234375,
  "Z0386004|6": 22020.2109375,
  "Z0386004|7": 17794.2265625,
  "Z0386005|1": 9122.8388671875,
  "Z0386005|2": 23549.98828125,
  "Z0386005|3": 20401.546875,
  "Z0386005|4": 21456.470703125,
  "Z0386005|5": 28778.181640625,
  "Z0386005|6": 24960.16015625,
  "Z0386005|7": 15273.2958984375,
  "Z0386006|1": 10372.728515625,
  "Z0386006|2": 24570.453125,
  "Z0386006|3": 18095.642578125,
  "Z0386006|4": 17625.54296875,
  "Z0386006|5": 16292.384765625,
  "Z0386006|6": 11354.9873046875,
  "Z0386006|7": 19056.984375,
  "Z0386007|1": 24639.138671875,
  "Z0386007|2": 51586.15625,
  "Z0386007|3": 39312.15625,
  "Z0386007|4": 49470.36328125,
  "Z0386007|5": 54489.7421875,
  "Z0386007|6": 62456.5,
  "Z0386007|7": 31882.552734375,
  "Z0646001|1": 57005.33984375,
  "Z0646001|2": 84205.703125,
  "Z0646001|3": 94140.421875,
  "Z0646001|4": 121391.6953125,
  "Z0646001|5": 162235.40625,
  "Z0646001|6": 97171.6953125,
  "Z0646001|7": 48823.96875,
  "Z0646002|1": 38430.5234375,
  "Z0646002|2": 82526.453125,
  "Z0646002|3": 84011.4296875,
  "Z0646002|4": 111706.265625,
  "Z0646002|5": 145647.3125,
  "Z0646002|6": 98304.2890625,
  "Z0646002|7": 49714.125,
  "Z0646003|1": 1906.546264648438,
  "Z0646003|2": 1751.990234375,
  "Z0646003|3": 4284.09130859375,
  "Z0646003|4": 4483.15185546875,
  "Z0646003|5": 6907.98779296875,
  "Z0646003|6": 9501.4677734375,
  "Z0646003|7": 6205.8505859375,
  "Z0646004|1": 3626.242919921875,
  "Z0646004|2": 2545.456298828125,
  "Z0646004|3": 5638.34521484375,
  "Z0646004|4": 8119.9462890625,
  "Z0646004|5": 6242.3857421875,
  "Z0646004|6": 6167.66455078125,
  "Z0646004|7": 4061.949951171875,
  "Z0899001|1": 100708.7890625,
  "Z0899001|2": 205569.484375,
  "Z0899001|3": 230615.546875,
  "Z0899001|4": 171007.390625,
  "Z0899001|5": 297028.65625,
  "Z0899001|6": 0.0,
  "Z0899001|7": 0.0,
  "Z0908001|1": 80813.2265625,
  "Z0908001|2": 380681.46875,
  "Z0908001|3": 150194.90625,
  "Z0908001|4": 157735.65625,
  "Z0908001|5": 248605.546875,
  "Z0908001|6": 0.0,
  "Z0908001|7": 0.0,
  "Z0951001|1": 66531.15625,
  "Z0951001|2": 105904.2265625,
  "Z0951001|3": 97321.4765625,
  "Z0951001|4": 117953.8828125,
  "Z0951001|5": 143286.3125,
  "Z0951001|6": 83134.390625,
  "Z0951001|7": 23791.017578125,
  "Z0951002|1": 64341.96875,
  "Z0951002|2": 105287.2109375,
  "Z0951002|3": 100295.78125,
  "Z0951002|4": 119341.4453125,
  "Z0951002|5": 149303.1875,
  "Z0951002|6": 97066.5703125,
  "Z0951002|7": 18683.30859375,
  "Z0972001|1": 52213.4140625,
  "Z0972001|2": 113105.09375,
  "Z0972001|3": 127950.8984375,
  "Z0972001|4": 115197.390625,
  "Z0972001|5": 90309.546875,
  "Z0972001|6": 0.0,
  "Z0972001|7": 0.0,
  "Z1031001|1": 21490.529296875,
  "Z1031001|2": 47807.8828125,
  "Z1031001|3": 40724.98046875,
  "Z1031001|4": 47988.08984375,
  "Z1031001|5": 51822.9453125,
  "Z1031001|6": 46749.5390625,
  "Z1031001|7": 28690.322265625,
  "Z1031002|1": 35403.3046875,
  "Z1031002|2": 59898.58984375,
  "Z1031002|3": 14855.33203125,
  "Z1031002|4": 68555.125,
  "Z1031002|5": 96720.328125,
  "Z1031002|6": 77700.09375,
  "Z1031002|7": 41988.5625,
  "Z1119001|1": 72665.0,
  "Z1119001|2": 113005.78125,
  "Z1119001|3": 153406.484375,
  "Z1119001|4": 196454.140625,
  "Z1119001|5": 303883.46875,
  "Z1119001|6": 181043.75,
  "Z1119001|7": 92363.8671875,
  "Z1169001|1": 89219.6953125,
  "Z1169001|2": 203896.0,
  "Z1169001|3": 142596.671875,
  "Z1169001|4": 112901.7265625,
  "Z1169001|5": 150225.984375,
  "Z1169001|6": 0.0,
  "Z1169001|7": 0.0,
  "Z1367001|1": 106921.6015625,
  "Z1367001|2": 215085.609375,
  "Z1367001|3": 174319.875,
  "Z1367001|4": 156615.640625,
  "Z1367001|5": 242279.59375,
  "Z1367001|6": 0.0,
  "Z1367001|7": 0.0,
  "Z1524001|1": 56082.16015625,
  "Z1524001|2": 51943.28125,
  "Z1524001|3": 74297.546875,
  "Z1524001|4": 75162.0234375,
  "Z1524001|5": 96843.359375,
  "Z1524001|6": 96200.5703125,
  "Z1524001|7": 47044.1875,
  "Z1665001|1": 76588.0,
  "Z1665001|2": 122655.828125,
  "Z1665001|3": 107966.5546875,
  "Z1665001|4": 127251.0546875,
  "Z1665001|5": 187701.625,
  "Z1665001|6": 0.0,
  "Z1665001|7": 0.0,
  "Z1769001|1": 46431.3984375,
  "Z1769001|2": 172366.71875,
  "Z1769001|3": 117137.453125,
  "Z1769001|4": 170816.046875,
  "Z1769001|5": 142794.140625,
  "Z1769001|6": 0.0,
  "Z1769001|7": 0.0,
  "Z1899001|1": 22171.328125,
  "Z1899001|2": 44121.0078125,
  "Z1899001|3": 46009.3359375,
  "Z1899001|4": 59380.55078125,
  "Z1899001|5": 72382.0546875,
  "Z1899001|6": 53407.0078125,
  "Z1899001|7": 32097.08984375,
  "Z1899002|1": 26498.830078125,
  "Z1899002|2": 52257.65234375,
  "Z1899002|3": 14774.1025390625,
  "Z1899002|4": 19701.314453125,
  "Z1899002|5": 82072.09375,