{
  "Z0241002|1": 31330.48046875,
  "Z0241002|2": 54873.8203125,
  "Z0241002|3": 61835.8046875,
  "Z0241002|4": 86915.3984375,
  "Z0241002|5": 102125.0234375,
  "Z0241002|6": 72675.0859375,
  "Z0241002|7": 47524.4296875,
  "Z0241003|1": 31453.048828125,
  "Z0241003|2": 55467.0546875,
  "Z0241003|3": 58679.28125,
  "Z0241003|4": 87807.53125,
  "Z0241003|5": 101634.2578125,
  "Z0241003|6": 66524.5859375,
  "Z0241003|7": 36606.1484375,
  "Z0241004|1": 40883.8046875,
  "Z0241004|2": 56227.77734375,
  "Z0241004|3": 62039.1796875,
  "Z0241004|4": 104028.703125,
  "Z0241004|5": 105204.0859375,
  "Z0241004|6": 74039.90625,
  "Z0241004|7": 43093.2734375,
  "Z0241005|1": 15128.4970703125,
  "Z0241005|2": 28619.552734375,
  "Z0241005|3": 32316.822265625,
  "Z0241005|4": 46057.171875,
  "Z0241005|5": 58849.875,
  "Z0241005|6": 25298.771484375,
  "Z0241005|7": 15577.3525390625,
  "Z0241006|1": 32841.6328125,
  "Z0241006|2": 50806.02734375,
  "Z0241006|3": 48901.36328125,
  "Z0241006|4": 64998.20703125,
  "Z0241006|5": 50563.375,
  "Z0241006|6": 3194.71337890625,
  "Z0241006|7": 996.34375,
  "Z0241007|1": 8487.13671875,
  "Z0241007|2": 15423.5625,
  "Z0241007|3": 26784.650390625,
  "Z0241007|4": 32649.228515625,
  "Z0241007|5": 57086.40625,
  "Z0241007|6": 32536.982421875,
  "Z0241007|7": 15613.5263671875,
  "Z0241008|1": 4098.701171875,
  "Z0241008|2": 9498.951171875,
  "Z0241008|3": 16359.9716796875,
  "Z0241008|4": 17196.349609375,
  "Z0241008|5": 18011.466796875,
  "Z0241008|6": 11963.146484375,
  "Z0241008|7": 6394.44921875,
  "Z0276001|1": 30282.66796875,
  "Z0276001|2": 61159.87109375,
  "Z0276001|3": 64139.625,
  "Z0276001|4": 94432.828125,
  "Z0276001|5": 85228.7578125,
  "Z0276001|6": 59331.421875,
  "Z0276001|7": 41036.9375,
  "Z0276002|1": 17473.083984375,
  "Z0276002|2": 39653.84765625,
  "Z0276002|3": 59595.97265625,
  "Z0276002|4": 81556.7890625,
  "Z0276002|5": 76441.0859375,
  "Z0276002|6": 46653.67578125,
  "Z0276002|7": 27936.00390625,
  "Z0276003|1": 4847.49853515625,
  "Z0276003|2": 11361.919921875,
  "Z0276003|3": 19752.953125,
  "Z0276003|4": 23568.96484375,
  "Z0276003|5": 21121.3671875,
  "Z0276003|6": 10422.5029296875,
  "Z0276003|7": 10030.0751953125,
  "Z0283001|1": 41057.9609375,
  "Z0283001|2": 59621.83984375,
  "Z0283001|3": 43092.859375,
  "Z0283001|4": 69088.4921875,
  "Z0283001|5": 85722.9921875,
  "Z0283001|6": 0.0,
  "Z0283001|7": 0.0,
  "Z0284001|1": 76296.21875,
  "Z0284001|2": 90463.3046875,
  "Z0284001|3": 56680.67578125,
  "Z0284001|4": 163532.828125,
  "Z0284001|5": 143551.8125,
  "Z0284001|6": 0.0,
  "Z0284001|7": 0.0,
  "Z0386001|1": 17971.400390625,
  "Z0386001|2": 36934.91015625,
  "Z0386001|3": 43712.12890625,
  "Z0386001|4": 83194.3203125,
  "Z0386001|5": 99827.1328125,
  "Z0386001|6": 52331.66015625,
  "Z0386001|7": 31998.23828125,
  "Z0386002|1": 19589.43359375,
  "Z0386002|2": 33604.609375,
  "Z0386002|3": 42328.19921875,
  "Z0386002|4": 55698.33203125,
  "Z0386002|5": 63527.9921875,
  "Z0386002|6": 61213.96484375,
  "Z0386002|7": 38104.69921875,
  "Z0386003|1": 19927.30078125,
  "Z0386003|2": 37864.62890625,
  "Z0386003|3": 44644.44921875,
  "Z0386003|4": 76788.296875,
  "Z0386003|5": 87622.078125,
  "Z0386003|6": 64895.078125,
  "Z0386003|7": 39977.140625,
  "Z0386004|1": 3335.96923828125,
  "Z0386004|2": 6803.4296875,
  "Z0386004|3": 13469.91015625,
  "Z0386004|4": 17251.658203125,
  "Z0386004|5": 27296.546875,
  "Z0386004|6": 19379.466796875,
  "Z0386004|7": 14229.4169921875,
  "Z0386005|1": 1761.022705078125,
  "Z0386005|2": 1684.831420898438,
  "Z0386005|3": 2866.41943359375,
  "Z0386005|4": 3277.184326171875,
  "Z0386005|5": 5583.486328125,
  "Z0386005|6": 2476.48828125,
  "Z0386005|7": 5236.458984375,
  "Z0386006|1": 3320.865966796875,
  "Z0386006|2": 6817.82568359375,
  "Z0386006|3": 9390.0009765625,
  "Z0386006|4": 20369.658203125,
  "Z0386006|5": 21845.96875,
  "Z0386006|6": 6755.08154296875,
  "Z0386006|7": 5111.65771484375,
  "Z0386007|1": 3697.267822265625,
  "Z0386007|2": 10215.9892578125,
  "Z0386007|3": 26353.185546875,
  "Z0386007|4": 30506.857421875,
  "Z0386007|5": 39079.32421875,
  "Z0386007|6": 46230.12109375,
  "Z0386007|7": 26931.705078125,
  "Z0646001|1": 25260.36328125,
  "Z0646001|2": 52008.65234375,
  "Z0646001|3": 48317.7578125,
  "Z0646001|4": 77029.6015625,
  "Z0646001|5": 114877.59375,
  "Z0646001|6": 72934.765625,
  "Z0646001|7": 42571.71484375,
  "Z0646002|1": 25048.1015625,
  "Z0646002|2": 40906.5078125,
  "Z0646002|3": 45411.61328125,
  "Z0646002|4": 67989.1484375,
  "Z0646002|5": 115291.03125,
  "Z0646002|6": 71837.5625,
  "Z0646002|7": 41667.015625,
  "Z0646003|1": 2155.079345703125,
  "Z0646003|2": 3251.492431640625,
  "Z0646003|3": 4377.0654296875,
  "Z0646003|4": 6175.6787109375,
  "Z0646003|5": 8490.9501953125,
  "Z0646003|6": 5767.19384765625,
  "Z0646003|7": 6671.93896484375,
  "Z0646004|1": 6.817344665527344,
  "Z0646004|2": 1213.95849609375,
  "Z0646004|3": 1813.514526367188,
  "Z0646004|4": 1435.869873046875,
  "Z0646004|5": 6684.67236328125,
  "Z0646004|6": 3302.9970703125,
  "Z0646004|7": 6138.01220703125,
  "Z0899001|1": 59342.85546875,
  "Z0899001|2": 69630.3046875,
  "Z0899001|3": 61817.40625,
  "Z0899001|4": 189213.1875,
  "Z0899001|5": 192779.75,
  "Z0899001|6": 0.0,
  "Z0899001|7": 0.0,
  "Z0908001|1": 43166.5703125,
  "Z0908001|2": 70005.90625,
  "Z0908001|3": 43705.125,
  "Z0908001|4": 217745.828125,
  "Z0908001|5": 149715.125,
  "Z0908001|6": 0.0,
  "Z0908001|7": 0.0,
  "Z0951001|1": 65837.6328125,
  "Z0951001|2": 62135.1640625,
  "Z0951001|3": 72746.1640625,
  "Z0951001|4": 96618.6171875,
  "Z0951001|5": 132447.21875,
  "Z0951001|6": 79546.7109375,
  "Z0951001|7": 42987.65625,
  "Z0951002|1": 76304.0,
  "Z0951002|2": 74724.3671875,
  "Z0951002|3": 75089.4140625,
  "Z0951002|4": 100750.375,
  "Z0951002|5": 133962.109375,
  "Z0951002|6": 78777.6328125,
  "Z0951002|7": 32967.4375,
  "Z0972001|1": 36301.6015625,
  "Z0972001|2": 53617.8828125,
  "Z0972001|3": 27017.966796875,
  "Z0972001|4": 112205.6171875,
  "Z0972001|5": 78851.1484375,
  "Z0972001|6": 0.0,
  "Z0972001|7": 0.0,
  "Z1031001|1": 8890.697265625,
  "Z1031001|2": 21649.34375,
  "Z1031001|3": 21672.294921875,
  "Z1031001|4": 27303.134765625,
  "Z1031001|5": 67778.484375,
  "Z1031001|6": 50682.09375,
  "Z1031001|7": 15501.265625,
  "Z1031002|1": 17538.91796875,
  "Z1031002|2": 31948.47265625,
  "Z1031002|3": 30233.119140625,
  "Z1031002|4": 68643.734375,
  "Z1031002|5": 90332.78125,
  "Z1031002|6": 61591.84765625,
  "Z1031002|7": 32270.685546875,
  "Z1119001|1": 64780.25,
  "Z1119001|2": 71913.578125,
  "Z1119001|3": 96329.5390625,
  "Z1119001|4": 166232.359375,
  "Z1119001|5": 241467.96875,
  "Z1119001|6": 126096.6484375,
  "Z1119001|7": 67140.6640625,
  "Z1169001|1": 54467.1875,
  "Z1169001|2": 35707.40234375,
  "Z1169001|3": 44785.73046875,
  "Z1169001|4": 115544.640625,
  "Z1169001|5": 103912.78125,
  "Z1169001|6": 0.0,
  "Z1169001|7": 0.0,
  "Z1367001|1": 100705.609375,
  "Z1367001|2": 56227.72265625,
  "Z1367001|3": 75677.421875,
  "Z1367001|4": 202193.015625,
  "Z1367001|5": 217633.109375,
  "Z1367001|6": 0.0,
  "Z1367001|7": 0.0,
  "Z1524001|1": 25332.041015625,
  "Z1524001|2": 34223.0390625,
  "Z1524001|3": 35956.28125,
  "Z1524001|4": 64061.62109375,
  "Z1524001|5": 85434.890625,
  "Z1524001|6": 69969.796875,
  "Z1524001|7": 42144.28125,
  "Z1665001|1": 48705.36328125,
  "Z1665001|2": 43660.921875,
  "Z1665001|3": 39672.1171875,
  "Z1665001|4": 90010.3828125,
  "Z1665001|5": 108104.1953125,
  "Z1665001|6": 0.0,
  "Z1665001|7": 0.0,
  "Z1769001|1": 28630.333984375,
  "Z1769001|2": 33053.44921875,
  "Z1769001|3": 30612.9765625,
  "Z1769001|4": 121115.6640625,
  "Z1769001|5": 93687.9296875,
  "Z1769001|6": 0.0,
  "Z1769001|7": 0.0,
  "Z1899001|1": 13611.3486328125,
  "Z1899001|2": 32727.7578125,
  "Z1899001|3": 33545.59375,
  "Z1899001|4": 42943.03125,
  "Z1899001|5": 74167.1796875,
  "Z1899001|6": 53329.08203125,
  "Z1899001|7": 27058.453125,
  "Z1899002|1": 19585.212890625,