{
  "Z0241002|1": 65928.328125,
  "Z0241002|2": 63906.17578125,
  "Z0241002|3": 56270.51953125,
  "Z0241002|4": 61992.4921875,
  "Z0241002|5": 112261.265625,
  "Z0241002|6": 114182.2578125,
  "Z0241002|7": 60809.84375,
  "Z0241003|1": 55996.90625,
  "Z0241003|2": 59232.63671875,
  "Z0241003|3": 51898.5078125,
  "Z0241003|4": 64273.578125,
  "Z0241003|5": 81665.3828125,
  "Z0241003|6": 97815.09375,
  "Z0241003|7": 52052.765625,
  "Z0241004|1": 77311.6484375,
  "Z0241004|2": 68575.0546875,
  "Z0241004|3": 60601.65234375,
  "Z0241004|4": 51661.17578125,
  "Z0241004|5": 117971.8671875,
  "Z0241004|6": 121156.4375,
  "Z0241004|7": 56307.828125,
  "Z0241005|1": 27430.205078125,
  "Z0241005|2": 36560.05078125,
  "Z0241005|3": 30958.87890625,
  "Z0241005|4": 36912.15234375,
  "Z0241005|5": 34395.04296875,
  "Z0241005|6": 34758.50390625,
  "Z0241005|7": 20430.453125,
  "Z0241006|1": 42801.8203125,
  "Z0241006|2": 54970.29296875,
  "Z0241006|3": 34683.3046875,
  "Z0241006|4": 45724.03515625,
  "Z0241006|5": 29049.845703125,
  "Z0241006|6": 2034.496826171875,
  "Z0241006|7": 1849.120849609375,
  "Z0241007|1": 19143.505859375,
  "Z0241007|2": 33587.9765625,
  "Z0241007|3": 32029.47265625,
  "Z0241007|4": 37523.06640625,
  "Z0241007|5": 41412.5,
  "Z0241007|6": 51122.83203125,
  "Z0241007|7": 32414.890625,
  "Z0241008|1": 3222.643310546875,
  "Z0241008|2": 7667.8095703125,
  "Z0241008|3": 7656.6572265625,
  "Z0241008|4": 6842.15087890625,
  "Z0241008|5": 6415.48974609375,
  "Z0241008|6": 4734.1240234375,
  "Z0241008|7": 6696.82568359375,
  "Z0276001|1": 54633.3984375,
  "Z0276001|2": 61939.54296875,
  "Z0276001|3": 60280.01171875,
  "Z0276001|4": 64168.72265625,
  "Z0276001|5": 81290.1484375,
  "Z0276001|6": 72852.40625,
  "Z0276001|7": 31358.40625,
  "Z0276002|1": 54633.921875,
  "Z0276002|2": 58580.2421875,
  "Z0276002|3": 36869.125,
  "Z0276002|4": 47558.26171875,
  "Z0276002|5": 45590.31640625,
  "Z0276002|6": 44066.96484375,
  "Z0276002|7": 18922.884765625,
  "Z0276003|1": 13513.97265625,
  "Z0276003|2": 12920.1279296875,
  "Z0276003|3": 12203.9609375,
  "Z0276003|4": 18591.228515625,
  "Z0276003|5": 13102.70703125,
  "Z0276003|6": 14936.5595703125,
  "Z0276003|7": 10843.4697265625,
  "Z0283001|1": 39698.78515625,
  "Z0283001|2": 53008.10546875,
  "Z0283001|3": 44611.90234375,
  "Z0283001|4": 50627.453125,
  "Z0283001|5": 73883.4765625,
  "Z0283001|6": 0.0,
  "Z0283001|7": 0.0,
  "Z0284001|1": 140817.109375,
  "Z0284001|2": 204734.421875,
  "Z0284001|3": 133295.3125,
  "Z0284001|4": 134363.84375,
  "Z0284001|5": 211681.328125,
  "Z0284001|6": 0.0,
  "Z0284001|7": 0.0,
  "Z0386001|1": 43715.55859375,
  "Z0386001|2": 56999.625,
  "Z0386001|3": 34126.0390625,
  "Z0386001|4": 64784.17578125,
  "Z0386001|5": 69132.359375,
  "Z0386001|6": 97701.6328125,
  "Z0386001|7": 37821.921875,
  "Z0386002|1": 46964.87890625,
  "Z0386002|2": 65930.09375,
  "Z0386002|3": 33663.53125,
  "Z0386002|4": 50811.265625,
  "Z0386002|5": 142191.984375,
  "Z0386002|6": 86536.7734375,
  "Z0386002|7": 30309.978515625,
  "Z0386003|1": 45552.16015625,
  "Z0386003|2": 62907.34375,
  "Z0386003|3": 46791.7265625,
  "Z0386003|4": 64168.90625,
  "Z0386003|5": 129246.2265625,
  "Z0386003|6": 97808.0,
  "Z0386003|7": 49788.46875,
  "Z0386004|1": 3998.331787109375,
  "Z0386004|2": 18721.169921875,
  "Z0386004|3": 20348.314453125,
  "Z0386004|4": 21308.107421875,
  "Z0386004|5": 23085.744140625,
  "Z0386004|6": 21728.392578125,
  "Z0386004|7": 15524.5126953125,
  "Z0386005|1": 704.8331298828125,
  "Z0386005|2": 3557.00927734375,
  "Z0386005|3": 3216.874755859375,
  "Z0386005|4": 3829.3203125,
  "Z0386005|5": 4402.38134765625,
  "Z0386005|6": 6155.869140625,
  "Z0386005|7": 2900.829345703125,
  "Z0386006|1": 6913.68359375,
  "Z0386006|2": 14060.767578125,
  "Z0386006|3": 16179.4013671875,
  "Z0386006|4": 15936.646484375,
  "Z0386006|5": 16705.462890625,
  "Z0386006|6": 17623.990234375,
  "Z0386006|7": 8766.51171875,
  "Z0386007|1": 7348.13427734375,
  "Z0386007|2": 21333.890625,
  "Z0386007|3": 23896.001953125,
  "Z0386007|4": 27209.93359375,
  "Z0386007|5": 30851.177734375,
  "Z0386007|6": 35550.98046875,
  "Z0386007|7": 21840.646484375,
  "Z0646001|1": 52000.86328125,
  "Z0646001|2": 71545.8515625,
  "Z0646001|3": 88982.6015625,
  "Z0646001|4": 136471.0625,
  "Z0646001|5": 181680.75,
  "Z0646001|6": 128301.0859375,
  "Z0646001|7": 58239.828125,
  "Z0646002|1": 43806.4140625,
  "Z0646002|2": 75571.4296875,
  "Z0646002|3": 87232.1328125,
  "Z0646002|4": 133148.578125,
  "Z0646002|5": 158353.453125,
  "Z0646002|6": 115106.5703125,
  "Z0646002|7": 53613.1171875,
  "Z0646003|1": 1761.928100585938,
  "Z0646003|2": 5440.03662109375,
  "Z0646003|3": 6951.23486328125,
  "Z0646003|4": 7897.02587890625,
  "Z0646003|5": 8214.421875,
  "Z0646003|6": 9825.9443359375,
  "Z0646003|7": 8502.65625,
  "Z0646004|1": 1534.4111328125,
  "Z0646004|2": 505.4630432128906,
  "Z0646004|3": 4711.2705078125,
  "Z0646004|4": 5709.130859375,
  "Z0646004|5": 7178.9453125,
  "Z0646004|6": 9725.2587890625,
  "Z0646004|7": 5440.23388671875,
  "Z0899001|1": 80976.9296875,
  "Z0899001|2": 161730.078125,
  "Z0899001|3": 158116.671875,
  "Z0899001|4": 296530.21875,
  "Z0899001|5": 190212.171875,
  "Z0899001|6": 0.0,
  "Z0899001|7": 0.0,
  "Z0908001|1": 69843.953125,
  "Z0908001|2": 150741.1875,
  "Z0908001|3": 109447.4765625,
  "Z0908001|4": 120181.6015625,
  "Z0908001|5": 191263.578125,
  "Z0908001|6": 0.0,
  "Z0908001|7": 0.0,
  "Z0951001|1": 75779.921875,
  "Z0951001|2": 104997.5078125,
  "Z0951001|3": 99522.46875,
  "Z0951001|4": 130410.5703125,
  "Z0951001|5": 124703.9921875,
  "Z0951001|6": 84492.875,
  "Z0951001|7": 6099.82177734375,
  "Z0951002|1": 52989.00390625,
  "Z0951002|2": 100900.765625,
  "Z0951002|3": 88987.8671875,
  "Z0951002|4": 142891.109375,
  "Z0951002|5": 136752.59375,
  "Z0951002|6": 104680.96875,
  "Z0951002|7": 738.5325317382812,
  "Z0972001|1": 29390.1015625,
  "Z0972001|2": 74125.625,
  "Z0972001|3": 106333.1171875,
  "Z0972001|4": 75806.75,
  "Z0972001|5": 104508.59375,
  "Z0972001|6": 0.0,
  "Z0972001|7": 0.0,
  "Z1031001|1": 6798.6884765625,
  "Z1031001|2": 33370.73046875,
  "Z1031001|3": 45466.00390625,
  "Z1031001|4": 52361.90625,
  "Z1031001|5": 41018.2890625,
  "Z1031001|6": 57188.12890625,
  "Z1031001|7": 25773.244140625,
  "Z1031002|1": 30018.591796875,
  "Z1031002|2": 61080.11328125,
  "Z1031002|3": 54474.30078125,
  "Z1031002|4": 65036.93359375,
  "Z1031002|5": 70452.40625,
  "Z1031002|6": 48146.5546875,
  "Z1031002|7": 35963.78125,
  "Z1119001|1": 81583.6484375,
  "Z1119001|2": 101530.21875,
  "Z1119001|3": 202772.0625,
  "Z1119001|4": 192386.453125,
  "Z1119001|5": 272758.53125,
  "Z1119001|6": 235428.59375,
  "Z1119001|7": 103560.8828125,
  "Z1169001|1": 48681.91796875,
  "Z1169001|2": 109446.1171875,
  "Z1169001|3": 110004.1796875,
  "Z1169001|4": 115441.9765625,
  "Z1169001|5": 108742.0703125,
  "Z1169001|6": 0.0,
  "Z1169001|7": 0.0,
  "Z1367001|1": 74161.6171875,
  "Z1367001|2": 165923.4375,
  "Z1367001|3": 217000.265625,
  "Z1367001|4": 233961.65625,
  "Z1367001|5": 225873.046875,
  "Z1367001|6": 0.0,
  "Z1367001|7": 0.0,
  "Z1524001|1": 39852.37890625,
  "Z1524001|2": 58181.0390625,
  "Z1524001|3": 81930.375,
  "Z1524001|4": 78134.265625,
  "Z1524001|5": 85506.7265625,
  "Z1524001|6": 99658.390625,
  "Z1524001|7": 54287.078125,
  "Z1665001|1": 38167.67578125,
  "Z1665001|2": 99000.7734375,
  "Z1665001|3": 103004.9609375,
  "Z1665001|4": 116044.5546875,
  "Z1665001|5": 135409.546875,
  "Z1665001|6": 0.0,
  "Z1665001|7": 0.0,
  "Z1769001|1": 37486.01171875,
  "Z1769001|2": 145142.71875,
  "Z1769001|3": 123329.3203125,
  "Z1769001|4": 127349.0234375,
  "Z1769001|5": 130489.703125,
  "Z1769001|6": 0.0,
  "Z1769001|7": 0.0,
  "Z1899001|1": 47147.3984375,
  "Z1899001|2": 60680.48046875,
  "Z1899001|3": 57868.4921875,
  "Z1899001|4": 53060.65625,
  "Z1899001|5": 66025.421875,
  "Z1899001|6": 47317.125,
  "Z1899001|7": 16624.32421875,
  "Z1899002|1": 64928.41796875,