{
  "Z0241002|1": 214411.03125,
  "Z0241002|2": 173681.515625,
  "Z0241002|3": 182613.09375,
  "Z0241002|4": 63348.1328125,
  "Z0241002|5": 102238.296875,
  "Z0241002|6": 3379.719970703125,
  "Z0241002|7": 1255.575073242188,
  "Z0241003|1": 70212.9765625,
  "Z0241003|2": 78141.5234375,
  "Z0241003|3": 84026.359375,
  "Z0241003|4": 36372.87109375,
  "Z0241003|5": 45031.828125,
  "Z0241003|6": 6809.81640625,
  "Z0241003|7": 9378.0478515625,
  "Z0241004|1": 64051.671875,
  "Z0241004|2": 75428.390625,
  "Z0241004|3": 92121.796875,
  "Z0241004|4": 36433.8359375,
  "Z0241004|5": 47768.390625,
  "Z0241004|6": 9021.8056640625,
  "Z0241004|7": 6962.6513671875,
  "Z0241005|1": 25337.84375,
  "Z0241005|2": 24801.388671875,
  "Z0241005|3": 34166.41796875,
  "Z0241005|4": 21549.826171875,
  "Z0241005|5": 26201.865234375,
  "Z0241005|6": 11134.9091796875,
  "Z0241005|7": 7454.58349609375,
  "Z0241006|1": 18653.3671875,
  "Z0241006|2": 17902.650390625,
  "Z0241006|3": 21439.517578125,
  "Z0241006|4": 10773.0,
  "Z0241006|5": 23166.34375,
  "Z0241006|6": 8111.64892578125,
  "Z0241006|7": 1501.359497070312,
  "Z0241007|1": 39088.58203125,
  "Z0241007|2": 37755.49609375,
  "Z0241007|3": 49718.1796875,
  "Z0241007|4": 26994.318359375,
  "Z0241007|5": 27765.4453125,
  "Z0241007|6": 7216.61767578125,
  "Z0241007|7": 6930.82080078125,
  "Z0241008|1": 17380.3671875,
  "Z0241008|2": 21668.287109375,
  "Z0241008|3": 27680.548828125,
  "Z0241008|4": 15899.708984375,
  "Z0241008|5": 13210.4501953125,
  "Z0241008|6": 6993.11376953125,
  "Z0241008|7": 3810.1982421875,
  "Z0276001|1": 85371.0078125,
  "Z0276001|2": 87973.046875,
  "Z0276001|3": 107729.09375,
  "Z0276001|4": 49503.046875,
  "Z0276001|5": 46241.140625,
  "Z0276001|6": 20177.55078125,
  "Z0276001|7": 9692.5810546875,
  "Z0276002|1": 72927.9375,
  "Z0276002|2": 78880.9140625,
  "Z0276002|3": 103991.4375,
  "Z0276002|4": 49960.11328125,
  "Z0276002|5": 42319.32421875,
  "Z0276002|6": 26013.65234375,
  "Z0276002|7": 6335.37255859375,
  "Z0276003|1": 26165.40625,
  "Z0276003|2": 27366.3984375,
  "Z0276003|3": 41666.46875,
  "Z0276003|4": 20000.00390625,
  "Z0276003|5": 17098.267578125,
  "Z0276003|6": 7209.8203125,
  "Z0276003|7": 2017.029174804688,
  "Z0283001|1": 42092.2265625,
  "Z0283001|2": 48038.0703125,
  "Z0283001|3": 31265.505859375,
  "Z0283001|4": 38393.65625,
  "Z0283001|5": 26423.626953125,
  "Z0283001|6": 0.0,
  "Z0283001|7": 0.0,
  "Z0284001|1": 168950.0,
  "Z0284001|2": 155753.53125,
  "Z0284001|3": 148169.0,
  "Z0284001|4": 65750.2265625,
  "Z0284001|5": 55469.9375,
  "Z0284001|6": 0.0,
  "Z0284001|7": 0.0,
  "Z0386001|1": 61558.80078125,
  "Z0386001|2": 63244.06640625,
  "Z0386001|3": 94831.234375,
  "Z0386001|4": 40882.5703125,
  "Z0386001|5": 43455.91796875,
  "Z0386001|6": 21942.501953125,
  "Z0386001|7": 9522.703125,
  "Z0386002|1": 63933.88671875,
  "Z0386002|2": 67836.296875,
  "Z0386002|3": 79487.6171875,
  "Z0386002|4": 36033.02734375,
  "Z0386002|5": 47732.234375,
  "Z0386002|6": 21174.77734375,
  "Z0386002|7": 8192.79296875,
  "Z0386003|1": 63598.8671875,
  "Z0386003|2": 67007.7421875,
  "Z0386003|3": 76245.6484375,
  "Z0386003|4": 36760.59375,
  "Z0386003|5": 45322.78125,
  "Z0386003|6": 21255.650390625,
  "Z0386003|7": 9731.30078125,
  "Z0386004|1": 12727.4912109375,
  "Z0386004|2": 8111.1845703125,
  "Z0386004|3": 12272.5419921875,
  "Z0386004|4": 8035.01611328125,
  "Z0386004|5": 8657.9609375,
  "Z0386004|6": 3906.822998046875,
  "Z0386004|7": 2154.35693359375,
  "Z0386005|1": 6647.6357421875,
  "Z0386005|2": 4315.767578125,
  "Z0386005|3": 7247.97705078125,
  "Z0386005|4": 3797.625,
  "Z0386005|5": 3748.69287109375,
  "Z0386005|6": 2517.71923828125,
  "Z0386005|7": 1060.728271484375,
  "Z0386006|1": 9986.2109375,
  "Z0386006|2": 12911.4853515625,
  "Z0386006|3": 19123.7734375,
  "Z0386006|4": 10024.439453125,
  "Z0386006|5": 15591.8642578125,
  "Z0386006|6": 7342.18115234375,
  "Z0386006|7": 5442.89501953125,
  "Z0386007|1": 21724.673828125,
  "Z0386007|2": 17658.0234375,
  "Z0386007|3": 39586.6015625,
  "Z0386007|4": 20841.408203125,
  "Z0386007|5": 25792.2578125,
  "Z0386007|6": 13238.2607421875,
  "Z0386007|7": 7155.8955078125,
  "Z0646001|1": 130159.125,
  "Z0646001|2": 117781.921875,
  "Z0646001|3": 124095.3046875,
  "Z0646001|4": 61934.0234375,
  "Z0646001|5": 66162.171875,
  "Z0646001|6": 23982.974609375,
  "Z0646001|7": 20023.021484375,
  "Z0646002|1": 127179.0234375,
  "Z0646002|2": 118304.3828125,
  "Z0646002|3": 129876.5390625,
  "Z0646002|4": 65624.4375,
  "Z0646002|5": 60211.73046875,
  "Z0646002|6": 20227.685546875,
  "Z0646002|7": 19233.8515625,
  "Z0646003|1": 4134.13916015625,
  "Z0646003|2": 4180.2861328125,
  "Z0646003|3": 4780.21630859375,
  "Z0646003|4": 3511.735107421875,
  "Z0646003|5": 4140.4853515625,
  "Z0646003|6": 2045.403930664062,
  "Z0646003|7": 2420.034423828125,
  "Z0646004|1": 7455.45068359375,
  "Z0646004|2": 6298.76806640625,
  "Z0646004|3": 6436.35888671875,
  "Z0646004|4": 4071.971435546875,
  "Z0646004|5": 3362.906494140625,
  "Z0646004|6": 1805.10107421875,
  "Z0646004|7": 1989.653198242188,
  "Z0899001|1": 168312.34375,
  "Z0899001|2": 151743.375,
  "Z0899001|3": 125481.375,
  "Z0899001|4": 75971.4296875,
  "Z0899001|5": 124612.3671875,
  "Z0899001|6": 0.0,
  "Z0899001|7": 0.0,
  "Z0908001|1": 159608.109375,
  "Z0908001|2": 87034.2265625,
  "Z0908001|3": 133324.09375,
  "Z0908001|4": 101948.1484375,
  "Z0908001|5": 110748.0078125,
  "Z0908001|6": 0.0,
  "Z0908001|7": 0.0,
  "Z0951001|1": 115929.9921875,
  "Z0951001|2": 105239.4453125,
  "Z0951001|3": 123775.703125,
  "Z0951001|4": 67684.4375,
  "Z0951001|5": 89884.25,
  "Z0951001|6": 29638.19921875,
  "Z0951001|7": 833.9319458007812,
  "Z0951002|1": 107976.15625,
  "Z0951002|2": 106990.6796875,
  "Z0951002|3": 136119.484375,
  "Z0951002|4": 63809.07421875,
  "Z0951002|5": 79350.9765625,
  "Z0951002|6": 6453.98388671875,
  "Z0951002|7": 63.43552398681641,
  "Z0972001|1": 105188.671875,
  "Z0972001|2": 61114.640625,
  "Z0972001|3": 52303.1484375,
  "Z0972001|4": 34245.7578125,
  "Z0972001|5": 74390.9453125,
  "Z0972001|6": 0.0,
  "Z0972001|7": 0.0,
  "Z1031001|1": 29714.248046875,
  "Z1031001|2": 33574.97265625,
  "Z1031001|3": 38773.91796875,
  "Z1031001|4": 23097.447265625,
  "Z1031001|5": 18615.83203125,
  "Z1031001|6": 10084.845703125,
  "Z1031001|7": 5356.185546875,
  "Z1031002|1": 58572.90234375,
  "Z1031002|2": 52653.43359375,
  "Z1031002|3": 81398.8671875,
  "Z1031002|4": 33574.94140625,
  "Z1031002|5": 35406.3671875,
  "Z1031002|6": 17387.09765625,
  "Z1031002|7": 9552.787109375,
  "Z1119001|1": 95708.453125,
  "Z1119001|2": 110215.28125,
  "Z1119001|3": 114973.078125,
  "Z1119001|4": 41751.51171875,
  "Z1119001|5": 39478.32421875,
  "Z1119001|6": 26194.369140625,
  "Z1119001|7": 14118.689453125,
  "Z1169001|1": 99169.9609375,
  "Z1169001|2": 70549.53125,
  "Z1169001|3": 84581.03125,
  "Z1169001|4": 58313.55859375,
  "Z1169001|5": 53715.5625,
  "Z1169001|6": 0.0,
  "Z1169001|7": 0.0,
  "Z1367001|1": 185984.640625,
  "Z1367001|2": 171688.015625,
  "Z1367001|3": 154778.171875,
  "Z1367001|4": 138878.25,
  "Z1367001|5": 186905.875,
  "Z1367001|6": 0.0,
  "Z1367001|7": 0.0,
  "Z1524001|1": 97575.5859375,
  "Z1524001|2": 117813.6015625,
  "Z1524001|3": 133607.171875,
  "Z1524001|4": 50859.38671875,
  "Z1524001|5": 33635.64453125,
  "Z1524001|6": 17080.484375,
  "Z1524001|7": 7988.8447265625,
  "Z1665001|1": 125732.9375,
  "Z1665001|2": 76277.21875,
  "Z1665001|3": 81751.984375,
  "Z1665001|4": 67669.71875,
  "Z1665001|5": 73764.171875,
  "Z1665001|6": 0.0,
  "Z1665001|7": 0.0,
  "Z1769001|1": 185610.765625,
  "Z1769001|2": 150334.0625,
  "Z1769001|3": 154899.703125,
  "Z1769001|4": 80691.7265625,
  "Z1769001|5": 94097.1015625,
  "Z1769001|6": 0.0,
  "Z1769001|7": 0.0,
  "Z1899001|1": 70718.2734375,
  "Z1899001|2": 65968.8671875,
  "Z1899001|3": 92577.8359375,
  "Z1899001|4": 38643.67578125,
  "Z1899001|5": 49364.81640625,
  "Z1899001|6": 15884.4921875,
  "Z1899001|7": 9179.7099609375,