{
  "Z0241002|1": 235916.125,
  "Z0241002|2": 114185.34375,
  "Z0241002|3": 137646.703125,
  "Z0241002|4": 57041.74609375,
  "Z0241002|5": 30240.310546875,
  "Z0241002|6": 2728.03955078125,
  "Z0241002|7": 3939.204345703125,
  "Z0241003|1": 91584.984375,
  "Z0241003|2": 46537.0234375,
  "Z0241003|3": 50397.5546875,
  "Z0241003|4": 29056.388671875,
  "Z0241003|5": 23451.08203125,
  "Z0241003|6": 7247.37548828125,
  "Z0241003|7": 7842.927734375,
  "Z0241004|1": 125501.125,
  "Z0241004|2": 46352.84765625,
  "Z0241004|3": 20142.2109375,
  "Z0241004|4": 28863.111328125,
  "Z0241004|5": 31587.607421875,
  "Z0241004|6": 9012.095703125,
  "Z0241004|7": 6472.07666015625,
  "Z0241005|1": 26206.587890625,
  "Z0241005|2": 8834.1171875,
  "Z0241005|3": 8489.13671875,
  "Z0241005|4": 11019.55078125,
  "Z0241005|5": 4945.54638671875,
  "Z0241005|6": 1261.986450195312,
  "Z0241005|7": 1531.406616210938,
  "Z0241006|1": 19653.0703125,
  "Z0241006|2": 12725.208984375,
  "Z0241006|3": 10197.5078125,
  "Z0241006|4": 24261.7109375,
  "Z0241006|5": 26334.31640625,
  "Z0241006|6": 2714.377685546875,
  "Z0241006|7": 374.2921447753906,
  "Z0241007|1": 80447.0,
  "Z0241007|2": 20969.0703125,
  "Z0241007|3": 9530.8173828125,
  "Z0241007|4": 5992.21533203125,
  "Z0241007|5": 1851.442016601562,
  "Z0241007|6": 1194.201538085938,
  "Z0241007|7": 1500.611083984375,
  "Z0241008|1": 25273.814453125,
  "Z0241008|2": 10354.16015625,
  "Z0241008|3": 5349.818359375,
  "Z0241008|4": 3511.14892578125,
  "Z0241008|5": 4517.22900390625,
  "Z0241008|6": 2347.239501953125,
  "Z0241008|7": 1563.178955078125,
  "Z0276001|1": 123912.1171875,
  "Z0276001|2": 49458.6875,
  "Z0276001|3": 45710.859375,
  "Z0276001|4": 36853.125,
  "Z0276001|5": 27617.658203125,
  "Z0276001|6": 17812.3515625,
  "Z0276001|7": 6699.896484375,
  "Z0276002|1": 104397.15625,
  "Z0276002|2": 37217.3125,
  "Z0276002|3": 20693.8515625,
  "Z0276002|4": 33218.5703125,
  "Z0276002|5": 12051.05859375,
  "Z0276002|6": 8154.927734375,
  "Z0276002|7": 3549.852294921875,
  "Z0276003|1": 28810.30859375,
  "Z0276003|2": 2774.21240234375,
  "Z0276003|3": 8239.7734375,
  "Z0276003|4": 5426.7158203125,
  "Z0276003|5": 3520.8623046875,
  "Z0276003|6": 5575.09814453125,
  "Z0276003|7": 2701.99658203125,
  "Z0283001|1": 50876.609375,
  "Z0283001|2": 33653.35546875,
  "Z0283001|3": 35619.875,
  "Z0283001|4": 15937.908203125,
  "Z0283001|5": 15696.111328125,
  "Z0283001|6": 0.0,
  "Z0283001|7": 0.0,
  "Z0284001|1": 157603.65625,
  "Z0284001|2": 64283.54296875,
  "Z0284001|3": 50149.0078125,
  "Z0284001|4": 32678.41796875,
  "Z0284001|5": 34501.02734375,
  "Z0284001|6": 0.0,
  "Z0284001|7": 0.0,
  "Z0386001|1": 82044.5703125,
  "Z0386001|2": 35721.390625,
  "Z0386001|3": 36814.6953125,
  "Z0386001|4": 21432.607421875,
  "Z0386001|5": 11412.783203125,
  "Z0386001|6": 8334.138671875,
  "Z0386001|7": 2266.4677734375,
  "Z0386002|1": 92353.7578125,
  "Z0386002|2": 35510.3515625,
  "Z0386002|3": 36276.83984375,
  "Z0386002|4": 24441.69921875,
  "Z0386002|5": 13165.5341796875,
  "Z0386002|6": 8595.9609375,
  "Z0386002|7": 3733.03076171875,
  "Z0386003|1": 96128.875,
  "Z0386003|2": 36720.23046875,
  "Z0386003|3": 33110.3671875,
  "Z0386003|4": 24602.3671875,
  "Z0386003|5": 11873.8193359375,
  "Z0386003|6": 9477.1552734375,
  "Z0386003|7": 7317.634765625,
  "Z0386004|1": 11186.4287109375,
  "Z0386004|2": 6208.4853515625,
  "Z0386004|3": 7051.3046875,
  "Z0386004|4": 4894.2109375,
  "Z0386004|5": 4377.48291015625,
  "Z0386004|6": 2306.734130859375,
  "Z0386004|7": 1355.994384765625,
  "Z0386005|1": 6575.24853515625,
  "Z0386005|2": 3033.2607421875,
  "Z0386005|3": 3318.120849609375,
  "Z0386005|4": 2242.49951171875,
  "Z0386005|5": 1338.967163085938,
  "Z0386005|6": 1363.67529296875,
  "Z0386005|7": 830.6605834960938,
  "Z0386006|1": 7033.39697265625,
  "Z0386006|2": 2904.69873046875,
  "Z0386006|3": 3542.359619140625,
  "Z0386006|4": 2748.693603515625,
  "Z0386006|5": 2743.705322265625,
  "Z0386006|6": 2250.537109375,
  "Z0386006|7": 1209.8359375,
  "Z0386007|1": 17103.404296875,
  "Z0386007|2": 23502.109375,
  "Z0386007|3": 29438.6640625,
  "Z0386007|4": 6432.60302734375,
  "Z0386007|5": 2800.1748046875,
  "Z0386007|6": 2585.5849609375,
  "Z0386007|7": 1836.355834960938,
  "Z0646001|1": 177778.75,
  "Z0646001|2": 73952.6640625,
  "Z0646001|3": 60741.9453125,
  "Z0646001|4": 54927.30078125,
  "Z0646001|5": 43804.1484375,
  "Z0646001|6": 20694.6015625,
  "Z0646001|7": 12195.951171875,
  "Z0646002|1": 178481.03125,
  "Z0646002|2": 72014.3203125,
  "Z0646002|3": 57529.39453125,
  "Z0646002|4": 57051.265625,
  "Z0646002|5": 41816.109375,
  "Z0646002|6": 19326.009765625,
  "Z0646002|7": 2151.2041015625,
  "Z0646003|1": 4691.3671875,
  "Z0646003|2": 3295.832763671875,
  "Z0646003|3": 2968.10986328125,
  "Z0646003|4": 2256.16357421875,
  "Z0646003|5": 2589.88818359375,
  "Z0646003|6": 1037.652709960938,
  "Z0646003|7": 920.0895385742188,
  "Z0646004|1": 13233.892578125,
  "Z0646004|2": 6021.7802734375,
  "Z0646004|3": 3034.7890625,
  "Z0646004|4": 3173.17578125,
  "Z0646004|5": 2901.83740234375,
  "Z0646004|6": 694.7162475585938,
  "Z0646004|7": 680.60205078125,
  "Z0899001|1": 230050.578125,
  "Z0899001|2": 120992.1640625,
  "Z0899001|3": 94325.3984375,
  "Z0899001|4": 37420.75,
  "Z0899001|5": 31770.9375,
  "Z0899001|6": 0.0,
  "Z0899001|7": 0.0,
  "Z0908001|1": 291303.3125,
  "Z0908001|2": 107538.1640625,
  "Z0908001|3": 44494.36328125,
  "Z0908001|4": 43975.3046875,
  "Z0908001|5": 63042.390625,
  "Z0908001|6": 0.0,
  "Z0908001|7": 0.0,
  "Z0951001|1": 84695.1640625,
  "Z0951001|2": 56339.28515625,
  "Z0951001|3": 63564.6640625,
  "Z0951001|4": 53105.13671875,
  "Z0951001|5": 48438.72265625,
  "Z0951001|6": 26187.125,
  "Z0951001|7": 5816.072265625,
  "Z0951002|1": 95936.453125,
  "Z0951002|2": 56408.37109375,
  "Z0951002|3": 70056.1328125,
  "Z0951002|4": 56552.19140625,
  "Z0951002|5": 52801.42578125,
  "Z0951002|6": 33130.10546875,
  "Z0951002|7": 4295.7900390625,
  "Z0972001|1": 110219.59375,
  "Z0972001|2": 151790.5625,
  "Z0972001|3": 44494.36328125,
  "Z0972001|4": 36991.1953125,
  "Z0972001|5": 38064.90625,
  "Z0972001|6": 0.0,
  "Z0972001|7": 0.0,
  "Z1031001|1": 22444.56640625,
  "Z1031001|2": 19897.267578125,
  "Z1031001|3": 7981.77685546875,
  "Z1031001|4": 7496.5087890625,
  "Z1031001|5": 4848.3359375,
  "Z1031001|6": 2714.815185546875,
  "Z1031001|7": 1955.156372070312,
  "Z1031002|1": 81044.3359375,
  "Z1031002|2": 31981.64453125,
  "Z1031002|3": 35057.4609375,
  "Z1031002|4": 24105.17578125,
  "Z1031002|5": 20321.408203125,
  "Z1031002|6": 8145.84765625,
  "Z1031002|7": 5036.72412109375,
  "Z1119001|1": 68227.6640625,
  "Z1119001|2": 41211.91015625,
  "Z1119001|3": 48901.67578125,
  "Z1119001|4": 39475.046875,
  "Z1119001|5": 31171.80859375,
  "Z1119001|6": 18450.390625,
  "Z1119001|7": 6588.89697265625,
  "Z1169001|1": 154899.5625,
  "Z1169001|2": 90165.765625,
  "Z1169001|3": 78475.5,
  "Z1169001|4": 26869.5390625,
  "Z1169001|5": 38929.2421875,
  "Z1169001|6": 0.0,
  "Z1169001|7": 0.0,
  "Z1367001|1": 254059.75,
  "Z1367001|2": 109530.9375,
  "Z1367001|3": 98234.59375,
  "Z1367001|4": 44970.9296875,
  "Z1367001|5": 52617.08984375,
  "Z1367001|6": 0.0,
  "Z1367001|7": 0.0,
  "Z1524001|1": 177704.34375,
  "Z1524001|2": 54483.1640625,
  "Z1524001|3": 51876.5703125,
  "Z1524001|4": 33111.81640625,
  "Z1524001|5": 29962.962890625,
  "Z1524001|6": 11727.57421875,
  "Z1524001|7": 6171.50146484375,
  "Z1665001|1": 144790.203125,
  "Z1665001|2": 69896.96875,
  "Z1665001|3": 58833.95703125,
  "Z1665001|4": 35306.48828125,
  "Z1665001|5": 38885.30859375,
  "Z1665001|6": 0.0,
  "Z1665001|7": 0.0,
  "Z1769001|1": 194601.953125,
  "Z1769001|2": 61575.0625,
  "Z1769001|3": 102962.2734375,
  "Z1769001|4": 41908.69140625,
  "Z1769001|5": 32128.322265625,
  "Z1769001|6": 0.0,
  "Z1769001|7": 0.0,
  "Z1899001|1": 123105.5078125,
  "Z1899001|2": 41510.98828125,
  "Z1899001|3": 49393.02734375,
  "Z1899001|4": 36962.98046875,