{
  "Z0241002|1": 150077.21875,
  "Z0241002|2": 255585.671875,
  "Z0241002|3": 185868.671875,
  "Z0241002|4": 132245.046875,
  "Z0241002|5": 161611.40625,
  "Z0241002|6": 116410.9296875,
  "Z0241002|7": 51967.6796875,
  "Z0241003|1": 136557.40625,
  "Z0241003|2": 191164.96875,
  "Z0241003|3": 158976.609375,
  "Z0241003|4": 113964.0625,
  "Z0241003|5": 125038.546875,
  "Z0241003|6": 89317.1953125,
  "Z0241003|7": 44244.83203125,
  "Z0241004|1": 168100.765625,
  "Z0241004|2": 265077.0625,
  "Z0241004|3": 186296.359375,
  "Z0241004|4": 131306.65625,
  "Z0241004|5": 140140.0625,
  "Z0241004|6": 112452.359375,
  "Z0241004|7": 57404.8203125,
  "Z0241005|1": 28505.783203125,
  "Z0241005|2": 48655.35546875,
  "Z0241005|3": 13071.2587890625,
  "Z0241005|4": 39300.97265625,
  "Z0241005|5": 52078.41796875,
  "Z0241005|6": 28770.109375,
  "Z0241005|7": 26994.935546875,
  "Z0241006|1": 29228.09375,
  "Z0241006|2": 35835.1171875,
  "Z0241006|3": 24395.03125,
  "Z0241006|4": 20641.439453125,
  "Z0241006|5": 22350.47265625,
  "Z0241006|6": 4901.3076171875,
  "Z0241006|7": 2509.813232421875,
  "Z0241007|1": 72432.2734375,
  "Z0241007|2": 109163.7578125,
  "Z0241007|3": 88707.9453125,
  "Z0241007|4": 57023.47265625,
  "Z0241007|5": 65975.3515625,
  "Z0241007|6": 57127.98046875,
  "Z0241007|7": 33479.2734375,
  "Z0241008|1": 62040.7890625,
  "Z0241008|2": 60782.625,
  "Z0241008|3": 39273.43359375,
  "Z0241008|4": 31627.005859375,
  "Z0241008|5": 29883.7421875,
  "Z0241008|6": 18833.828125,
  "Z0241008|7": 9056.1953125,
  "Z0276001|1": 62438.66015625,
  "Z0276001|2": 96419.65625,
  "Z0276001|3": 69373.71875,
  "Z0276001|4": 23002.435546875,
  "Z0276001|5": 82632.25,
  "Z0276001|6": 68052.59375,
  "Z0276001|7": 36364.1328125,
  "Z0276002|1": 73105.9296875,
  "Z0276002|2": 124780.640625,
  "Z0276002|3": 98612.4921875,
  "Z0276002|4": 102457.6171875,
  "Z0276002|5": 111492.78125,
  "Z0276002|6": 83849.921875,
  "Z0276002|7": 4915.62548828125,
  "Z0276003|1": 18967.869140625,
  "Z0276003|2": 31151.66015625,
  "Z0276003|3": 21072.4765625,
  "Z0276003|4": 20773.73828125,
  "Z0276003|5": 23753.31640625,
  "Z0276003|6": 22048.921875,
  "Z0276003|7": 16256.7548828125,
  "Z0283001|1": 36539.8984375,
  "Z0283001|2": 80385.5703125,
  "Z0283001|3": 44988.4296875,
  "Z0283001|4": 65321.4765625,
  "Z0283001|5": 86170.4140625,
  "Z0283001|6": 0.0,
  "Z0283001|7": 0.0,
  "Z0284001|1": 164873.28125,
  "Z0284001|2": 327607.78125,
  "Z0284001|3": 363591.1875,
  "Z0284001|4": 166861.0,
  "Z0284001|5": 179092.96875,
  "Z0284001|6": 0.0,
  "Z0284001|7": 0.0,
  "Z0386001|1": 27713.435546875,
  "Z0386001|2": 51916.0625,
  "Z0386001|3": 17392.76953125,
  "Z0386001|4": 16379.4072265625,
  "Z0386001|5": 55228.80859375,
  "Z0386001|6": 61196.234375,
  "Z0386001|7": 37266.04296875,
  "Z0386002|1": 38383.078125,
  "Z0386002|2": 82920.859375,
  "Z0386002|3": 68856.6953125,
  "Z0386002|4": 74002.96875,
  "Z0386002|5": 97199.9921875,
  "Z0386002|6": 100287.875,
  "Z0386002|7": 43461.2265625,
  "Z0386003|1": 47074.1015625,
  "Z0386003|2": 78234.734375,
  "Z0386003|3": 82528.5234375,
  "Z0386003|4": 92520.546875,
  "Z0386003|5": 121854.6328125,
  "Z0386003|6": 112978.1171875,
  "Z0386003|7": 49193.79296875,
  "Z0386004|1": 8746.7138671875,
  "Z0386004|2": 22873.650390625,
  "Z0386004|3": 20610.7109375,
  "Z0386004|4": 21806.708984375,
  "Z0386004|5": 26329.59375,
  "Z0386004|6": 19229.099609375,
  "Z0386004|7": 16929.462890625,
  "Z0386005|1": 5619.36279296875,
  "Z0386005|2": 20047.78515625,
  "Z0386005|3": 16973.09765625,
  "Z0386005|4": 18506.486328125,
  "Z0386005|5": 25698.658203125,
  "Z0386005|6": 24463.435546875,
  "Z0386005|7": 15553.5302734375,
  "Z0386006|1": 9497.40625,
  "Z0386006|2": 24131.857421875,
  "Z0386006|3": 16852.427734375,
  "Z0386006|4": 16877.0859375,
  "Z0386006|5": 15199.9931640625,
  "Z0386006|6": 11870.10546875,
  "Z0386006|7": 18799.9453125,
  "Z0386007|1": 26297.974609375,
  "Z0386007|2": 49096.5859375,
  "Z0386007|3": 41706.46484375,
  "Z0386007|4": 48557.58984375,
  "Z0386007|5": 55287.5703125,
  "Z0386007|6": 63344.1484375,
  "Z0386007|7": 33985.5,
  "Z0646001|1": 48962.296875,
  "Z0646001|2": 85595.03125,
  "Z0646001|3": 91952.828125,
  "Z0646001|4": 117567.34375,
  "Z0646001|5": 159262.203125,
  "Z0646001|6": 103604.484375,
  "Z0646001|7": 46633.34375,
  "Z0646002|1": 34665.1796875,
  "Z0646002|2": 82395.9375,
  "Z0646002|3": 81776.78125,
  "Z0646002|4": 109204.578125,
  "Z0646002|5": 144702.6875,
  "Z0646002|6": 99503.90625,
  "Z0646002|7": 50128.20703125,
  "Z0646003|1": 2103.770751953125,
  "Z0646003|2": 1462.9697265625,
  "Z0646003|3": 5513.98828125,
  "Z0646003|4": 5314.4755859375,
  "Z0646003|5": 8636.4423828125,
  "Z0646003|6": 11883.22265625,
  "Z0646003|7": 8670.5546875,
  "Z0646004|1": 4887.97802734375,
  "Z0646004|2": 2637.973388671875,
  "Z0646004|3": 7906.853515625,
  "Z0646004|4": 11044.529296875,
  "Z0646004|5": 7550.7451171875,
  "Z0646004|6": 8261.572265625,
  "Z0646004|7": 4639.13671875,
  "Z0899001|1": 95428.5546875,
  "Z0899001|2": 217480.546875,
  "Z0899001|3": 234484.15625,
  "Z0899001|4": 171632.359375,
  "Z0899001|5": 299111.75,
  "Z0899001|6": 0.0,
  "Z0899001|7": 0.0,
  "Z0908001|1": 76314.3984375,
  "Z0908001|2": 420728.0,
  "Z0908001|3": 153885.515625,
  "Z0908001|4": 161631.28125,
  "Z0908001|5": 257195.546875,
  "Z0908001|6": 0.0,
  "Z0908001|7": 0.0,
  "Z0951001|1": 64638.2578125,
  "Z0951001|2": 96440.625,
  "Z0951001|3": 90708.7890625,
  "Z0951001|4": 116655.7578125,
  "Z0951001|5": 142945.65625,
  "Z0951001|6": 98250.328125,
  "Z0951001|7": 25715.576171875,
  "Z0951002|1": 57755.609375,
  "Z0951002|2": 102629.640625,
  "Z0951002|3": 93344.96875,
  "Z0951002|4": 116855.9609375,
  "Z0951002|5": 151345.34375,
  "Z0951002|6": 92385.6484375,
  "Z0951002|7": 17146.99609375,
  "Z0972001|1": 50188.48046875,
  "Z0972001|2": 116559.8984375,
  "Z0972001|3": 133446.203125,
  "Z0972001|4": 119564.1875,
  "Z0972001|5": 87461.75,
  "Z0972001|6": 0.0,
  "Z0972001|7": 0.0,
  "Z1031001|1": 19912.927734375,
  "Z1031001|2": 46463.40625,
  "Z1031001|3": 42569.2421875,
  "Z1031001|4": 48122.76171875,
  "Z1031001|5": 52303.09765625,
  "Z1031001|6": 40884.20703125,
  "Z1031001|7": 27719.4609375,
  "Z1031002|1": 34017.66796875,
  "Z1031002|2": 59466.03515625,
  "Z1031002|3": 19959.892578125,
  "Z1031002|4": 56889.51953125,
  "Z1031002|5": 92722.921875,
  "Z1031002|6": 81803.5390625,
  "Z1031002|7": 40962.4609375,
  "Z1119001|1": 69559.5546875,
  "Z1119001|2": 111312.4921875,
  "Z1119001|3": 168238.6875,
  "Z1119001|4": 200280.953125,
  "Z1119001|5": 301038.25,
  "Z1119001|6": 176345.46875,
  "Z1119001|7": 88970.0,
  "Z1169001|1": 92856.984375,
  "Z1169001|2": 215032.109375,
  "Z1169001|3": 147953.796875,
  "Z1169001|4": 113997.6484375,
  "Z1169001|5": 155437.765625,
  "Z1169001|6": 0.0,
  "Z1169001|7": 0.0,
  "Z1367001|1": 96617.8359375,
  "Z1367001|2": 212461.4375,
  "Z1367001|3": 181861.25,
  "Z1367001|4": 165460.015625,
  "Z1367001|5": 247579.4375,
  "Z1367001|6": 0.0,
  "Z1367001|7": 0.0,
  "Z1524001|1": 53189.53125,
  "Z1524001|2": 53410.140625,
  "Z1524001|3": 69674.9453125,
  "Z1524001|4": 79282.2890625,
  "Z1524001|5": 97845.7265625,
  "Z1524001|6": 101108.3828125,
  "Z1524001|7": 46688.69921875,
  "Z1665001|1": 71632.1796875,
  "Z1665001|2": 124665.859375,
  "Z1665001|3": 107345.2265625,
  "Z1665001|4": 131223.90625,
  "Z1665001|5": 198485.203125,
  "Z1665001|6": 0.0,
  "Z1665001|7": 0.0,
  "Z1769001|1": 44588.11328125,
  "Z1769001|2": 175725.65625,
  "Z1769001|3": 113311.21875,
  "Z1769001|4": 170880.421875,
  "Z1769001|5": 144270.4375,
  "Z1769001|6": 0.0,
  "Z1769001|7": 0.0,
  "Z1899001|1": 21289.572265625,
  "Z1899001|2": 43340.40234375,
  "Z1899001|3": 42924.81640625,
  "Z1899001|4": 44488.59375,
  "Z1899001|5": 62076.2421875,
  "Z1899001|6": 48935.265625,
  "Z1899001|7": 36268.7109375,
  "Z1899002|1": 24833.388671875,
  "Z1899002|2": 52575.15625,
  "Z1899002|3": 18014.75,
  "Z1899002|4": 26848.53515625,
  "Z1899002|5": 88217.78125,