{
  "Z0241002|1": 38560.14453125,
  "Z0241002|2": 36922.60546875,
  "Z0241002|3": 53212.0078125,
  "Z0241002|4": 44751.875,
  "Z0241002|5": 53560.97265625,
  "Z0241002|6": 1280.9931640625,
  "Z0241002|7": 6234.4833984375,
  "Z0241003|1": 91377.171875,
  "Z0241003|2": 53889.1953125,
  "Z0241003|3": 92681.1875,
  "Z0241003|4": 89928.578125,
  "Z0241003|5": 99061.3515625,
  "Z0241003|6": 13614.6904296875,
  "Z0241003|7": 26748.271484375,
  "Z0241004|1": 80647.71875,
  "Z0241004|2": 63852.5390625,
  "Z0241004|3": 97997.8515625,
  "Z0241004|4": 93119.484375,
  "Z0241004|5": 108116.90625,
  "Z0241004|6": 22037.169921875,
  "Z0241004|7": 10270.4501953125,
  "Z0241005|1": 41959.484375,
  "Z0241005|2": 36569.25390625,
  "Z0241005|3": 51307.98046875,
  "Z0241005|4": 52453.10546875,
  "Z0241005|5": 52492.83984375,
  "Z0241005|6": 16040.857421875,
  "Z0241005|7": 34530.29296875,
  "Z0241006|1": 10552.1953125,
  "Z0241006|2": 21107.4140625,
  "Z0241006|3": 27019.45703125,
  "Z0241006|4": 18035.01953125,
  "Z0241006|5": 15300.8037109375,
  "Z0241006|6": 1907.220581054688,
  "Z0241006|7": 1991.4384765625,
  "Z0241007|1": 51437.8671875,
  "Z0241007|2": 43018.41796875,
  "Z0241007|3": 60638.45703125,
  "Z0241007|4": 59473.9765625,
  "Z0241007|5": 66459.5859375,
  "Z0241007|6": 18725.431640625,
  "Z0241007|7": 29386.517578125,
  "Z0241008|1": 14483.8173828125,
  "Z0241008|2": 12546.0107421875,
  "Z0241008|3": 16039.9248046875,
  "Z0241008|4": 18885.0,
  "Z0241008|5": 15430.77734375,
  "Z0241008|6": 13717.1748046875,
  "Z0241008|7": 14763.4912109375,
  "Z0276001|1": 109992.046875,
  "Z0276001|2": 70354.546875,
  "Z0276001|3": 81292.5078125,
  "Z0276001|4": 86157.1875,
  "Z0276001|5": 78166.5,
  "Z0276001|6": 37858.6875,
  "Z0276001|7": 6646.0126953125,
  "Z0276002|1": 93094.0,
  "Z0276002|2": 60500.5703125,
  "Z0276002|3": 70746.46875,
  "Z0276002|4": 60012.6875,
  "Z0276002|5": 66469.4140625,
  "Z0276002|6": 17476.708984375,
  "Z0276002|7": 19030.34765625,
  "Z0276003|1": 16068.189453125,
  "Z0276003|2": 13065.525390625,
  "Z0276003|3": 21190.232421875,
  "Z0276003|4": 21231.296875,
  "Z0276003|5": 18365.33203125,
  "Z0276003|6": 15537.4736328125,
  "Z0276003|7": 12028.162109375,
  "Z0283001|1": 57721.359375,
  "Z0283001|2": 68216.859375,
  "Z0283001|3": 46529.4765625,
  "Z0283001|4": 40405.06640625,
  "Z0283001|5": 41079.78515625,
  "Z0283001|6": 0.0,
  "Z0283001|7": 0.0,
  "Z0284001|1": 194243.359375,
  "Z0284001|2": 197793.046875,
  "Z0284001|3": 160731.28125,
  "Z0284001|4": 144550.96875,
  "Z0284001|5": 117792.59375,
  "Z0284001|6": 0.0,
  "Z0284001|7": 0.0,
  "Z0386001|1": 42125.921875,
  "Z0386001|2": 71478.2265625,
  "Z0386001|3": 95020.34375,
  "Z0386001|4": 97255.9921875,
  "Z0386001|5": 111619.4921875,
  "Z0386001|6": 55451.0,
  "Z0386001|7": 7769.9375,
  "Z0386002|1": 33947.859375,
  "Z0386002|2": 72932.3203125,
  "Z0386002|3": 108758.390625,
  "Z0386002|4": 96806.265625,
  "Z0386002|5": 114480.1796875,
  "Z0386002|6": 4895.58837890625,
  "Z0386002|7": 811.1953735351562,
  "Z0386003|1": 16671.892578125,
  "Z0386003|2": 76409.0703125,
  "Z0386003|3": 110933.734375,
  "Z0386003|4": 112619.6796875,
  "Z0386003|5": 39707.03125,
  "Z0386003|6": 2528.099365234375,
  "Z0386003|7": 1194.616455078125,
  "Z0386004|1": 26427.28125,
  "Z0386004|2": 23476.033203125,
  "Z0386004|3": 32911.05078125,
  "Z0386004|4": 36754.0390625,
  "Z0386004|5": 36283.0703125,
  "Z0386004|6": 15845.2578125,
  "Z0386004|7": 11590.623046875,
  "Z0386005|1": 7836.44482421875,
  "Z0386005|2": 8597.9619140625,
  "Z0386005|3": 10973.5390625,
  "Z0386005|4": 11289.8828125,
  "Z0386005|5": 13081.7978515625,
  "Z0386005|6": 9510.404296875,
  "Z0386005|7": 8451.6103515625,
  "Z0386006|1": 14873.1904296875,
  "Z0386006|2": 16464.02734375,
  "Z0386006|3": 27766.9296875,
  "Z0386006|4": 29433.611328125,
  "Z0386006|5": 24942.52734375,
  "Z0386006|6": 17890.71875,
  "Z0386006|7": 10242.208984375,
  "Z0386007|1": 25977.109375,
  "Z0386007|2": 56915.94921875,
  "Z0386007|3": 74395.3515625,
  "Z0386007|4": 68654.53125,
  "Z0386007|5": 76740.25,
  "Z0386007|6": 52002.9296875,
  "Z0386007|7": 23767.548828125,
  "Z0646001|1": 138484.375,
  "Z0646001|2": 118572.53125,
  "Z0646001|3": 41837.5703125,
  "Z0646001|4": 34498.49609375,
  "Z0646001|5": 41820.53515625,
  "Z0646001|6": 2721.005859375,
  "Z0646001|7": 6381.9638671875,
  "Z0646002|1": 140957.28125,
  "Z0646002|2": 111177.96875,
  "Z0646002|3": 37832.6640625,
  "Z0646002|4": 42042.23828125,
  "Z0646002|5": 42436.5703125,
  "Z0646002|6": 2755.3466796875,
  "Z0646002|7": 5985.54345703125,
  "Z0646003|1": 9008.701171875,
  "Z0646003|2": 8594.248046875,
  "Z0646003|3": 12748.861328125,
  "Z0646003|4": 13720.4853515625,
  "Z0646003|5": 13215.6669921875,
  "Z0646003|6": 9886.7119140625,
  "Z0646003|7": 8482.484375,
  "Z0646004|1": 7786.57080078125,
  "Z0646004|2": 10722.3310546875,
  "Z0646004|3": 14247.845703125,
  "Z0646004|4": 16336.2705078125,
  "Z0646004|5": 15212.552734375,
  "Z0646004|6": 11514.4755859375,
  "Z0646004|7": 11447.2978515625,
  "Z0899001|1": 275755.15625,
  "Z0899001|2": 177343.5625,
  "Z0899001|3": 204450.1875,
  "Z0899001|4": 238593.484375,
  "Z0899001|5": 272071.40625,
  "Z0899001|6": 0.0,
  "Z0899001|7": 0.0,
  "Z0908001|1": 200658.15625,
  "Z0908001|2": 137915.015625,
  "Z0908001|3": 155452.296875,
  "Z0908001|4": 163652.9375,
  "Z0908001|5": 150604.421875,
  "Z0908001|6": 0.0,
  "Z0908001|7": 0.0,
  "Z0951001|1": 94402.9765625,
  "Z0951001|2": 94512.6953125,
  "Z0951001|3": 121405.1484375,
  "Z0951001|4": 34705.37109375,
  "Z0951001|5": 27836.0,
  "Z0951001|6": 1982.232788085938,
  "Z0951001|7": 64.7476806640625,
  "Z0951002|1": 103014.9140625,
  "Z0951002|2": 106289.9609375,
  "Z0951002|3": 52540.01953125,
  "Z0951002|4": 25533.14453125,
  "Z0951002|5": 33393.5546875,
  "Z0951002|6": 2170.616455078125,
  "Z0951002|7": 275.2770385742188,
  "Z0972001|1": 160058.6875,
  "Z0972001|2": 163957.25,
  "Z0972001|3": 153699.6875,
  "Z0972001|4": 122213.671875,
  "Z0972001|5": 199138.0,
  "Z0972001|6": 0.0,
  "Z0972001|7": 0.0,
  "Z1031001|1": 84317.0234375,
  "Z1031001|2": 53880.41015625,
  "Z1031001|3": 75634.3359375,
  "Z1031001|4": 72926.8984375,
  "Z1031001|5": 82988.1875,
  "Z1031001|6": 38436.8515625,
  "Z1031001|7": 31461.42578125,
  "Z1031002|1": 86523.0234375,
  "Z1031002|2": 72902.0,
  "Z1031002|3": 102748.625,
  "Z1031002|4": 86634.0,
  "Z1031002|5": 97637.296875,
  "Z1031002|6": 50286.69921875,
  "Z1031002|7": 34925.078125,
  "Z1119001|1": 153614.84375,
  "Z1119001|2": 42755.79296875,
  "Z1119001|3": 56171.94921875,
  "Z1119001|4": 43241.27734375,
  "Z1119001|5": 56849.11328125,
  "Z1119001|6": 3767.74755859375,
  "Z1119001|7": 3438.264892578125,
  "Z1169001|1": 199486.046875,
  "Z1169001|2": 150465.015625,
  "Z1169001|3": 141842.578125,
  "Z1169001|4": 109806.953125,
  "Z1169001|5": 135792.359375,
  "Z1169001|6": 0.0,
  "Z1169001|7": 0.0,
  "Z1367001|1": 283675.1875,
  "Z1367001|2": 274554.375,
  "Z1367001|3": 217407.765625,
  "Z1367001|4": 228236.359375,
  "Z1367001|5": 216192.03125,
  "Z1367001|6": 0.0,
  "Z1367001|7": 0.0,
  "Z1524001|1": 101081.8671875,
  "Z1524001|2": 54022.83203125,
  "Z1524001|3": 65747.78125,
  "Z1524001|4": 63116.6875,
  "Z1524001|5": 87775.265625,
  "Z1524001|6": 54815.31640625,
  "Z1524001|7": 36251.421875,
  "Z1665001|1": 142933.671875,
  "Z1665001|2": 148507.390625,
  "Z1665001|3": 150357.4375,
  "Z1665001|4": 123472.0,
  "Z1665001|5": 115212.9140625,
  "Z1665001|6": 0.0,
  "Z1665001|7": 0.0,
  "Z1769001|1": 132120.5,
  "Z1769001|2": 115021.3359375,
  "Z1769001|3": 130782.5078125,
  "Z1769001|4": 95041.828125,
  "Z1769001|5": 135237.9375,
  "Z1769001|6": 0.0,
  "Z1769001|7": 0.0,
  "Z1899001|1": 59816.46875,
  "Z1899001|2": 59417.16796875,
  "Z1899001|3": 70758.34375,
  "Z1899001|4": 68612.7109375,
  "Z1899001|5": 87897.3984375,
  "Z1899001|6": 47820.03515625,
  "Z1899001|7": 32996.37890625,
  "Z1899002|1": 94541.453125,
  "Z1899002|2": 82155.90625,
  "Z1899002|3": 122020.4609375,