{
  "Z0241002|1": 76479.2890625,
  "Z0241002|2": 25935.091796875,
  "Z0241002|3": 3642.064697265625,
  "Z0241002|4": 3035.92919921875,
  "Z0241002|5": 2721.994140625,
  "Z0241002|6": 99.4589614868164,
  "Z0241002|7": 108.1293258666992,
  "Z0241003|1": 96077.484375,
  "Z0241003|2": 97870.296875,
  "Z0241003|3": 104563.09375,
  "Z0241003|4": 72041.734375,
  "Z0241003|5": 68576.46875,
  "Z0241003|6": 22840.826171875,
  "Z0241003|7": 5.426118850708008,
  "Z0241004|1": 130630.609375,
  "Z0241004|2": 116309.421875,
  "Z0241004|3": 141743.65625,
  "Z0241004|4": 80323.8828125,
  "Z0241004|5": 75464.515625,
  "Z0241004|6": 36716.83984375,
  "Z0241004|7": 7.878874778747559,
  "Z0241005|1": 19885.619140625,
  "Z0241005|2": 22890.349609375,
  "Z0241005|3": 30981.9765625,
  "Z0241005|4": 20859.068359375,
  "Z0241005|5": 18361.17578125,
  "Z0241005|6": 11001.462890625,
  "Z0241005|7": 5171.783203125,
  "Z0241006|1": 4066.50439453125,
  "Z0241006|2": 7485.013671875,
  "Z0241006|3": 8890.45703125,
  "Z0241006|4": 5484.59423828125,
  "Z0241006|5": 13295.33203125,
  "Z0241006|6": 2176.66650390625,
  "Z0241006|7": 3045.4892578125,
  "Z0241007|1": 30405.435546875,
  "Z0241007|2": 48423.6015625,
  "Z0241007|3": 52598.51171875,
  "Z0241007|4": 28112.818359375,
  "Z0241007|5": 26122.958984375,
  "Z0241007|6": 10337.201171875,
  "Z0241007|7": 9150.6748046875,
  "Z0241008|1": 13642.0458984375,
  "Z0241008|2": 17415.40234375,
  "Z0241008|3": 22054.45703125,
  "Z0241008|4": 13067.5498046875,
  "Z0241008|5": 15093.0087890625,
  "Z0241008|6": 3670.918212890625,
  "Z0241008|7": 3937.897705078125,
  "Z0276001|1": 80956.5078125,
  "Z0276001|2": 94615.6171875,
  "Z0276001|3": 115746.53125,
  "Z0276001|4": 61948.78515625,
  "Z0276001|5": 60877.23828125,
  "Z0276001|6": 28727.607421875,
  "Z0276001|7": 20261.955078125,
  "Z0276002|1": 76263.9140625,
  "Z0276002|2": 79298.2578125,
  "Z0276002|3": 100599.6015625,
  "Z0276002|4": 50650.60546875,
  "Z0276002|5": 53476.640625,
  "Z0276002|6": 29945.619140625,
  "Z0276002|7": 3098.530517578125,
  "Z0276003|1": 24641.0078125,
  "Z0276003|2": 21475.107421875,
  "Z0276003|3": 29439.1953125,
  "Z0276003|4": 19352.97265625,
  "Z0276003|5": 18352.544921875,
  "Z0276003|6": 6123.0546875,
  "Z0276003|7": 4929.11572265625,
  "Z0283001|1": 41942.77734375,
  "Z0283001|2": 46797.9453125,
  "Z0283001|3": 29344.16796875,
  "Z0283001|4": 48734.28515625,
  "Z0283001|5": 31412.85546875,
  "Z0283001|6": 0.0,
  "Z0283001|7": 0.0,
  "Z0284001|1": 165210.65625,
  "Z0284001|2": 166440.0625,
  "Z0284001|3": 113139.2421875,
  "Z0284001|4": 140288.265625,
  "Z0284001|5": 161619.171875,
  "Z0284001|6": 0.0,
  "Z0284001|7": 0.0,
  "Z0386001|1": 4759.56787109375,
  "Z0386001|2": 52285.52734375,
  "Z0386001|3": 87085.71875,
  "Z0386001|4": 43717.65625,
  "Z0386001|5": 34228.48828125,
  "Z0386001|6": 27912.236328125,
  "Z0386001|7": 13092.3251953125,
  "Z0386002|1": 68390.9140625,
  "Z0386002|2": 63883.84375,
  "Z0386002|3": 90887.0078125,
  "Z0386002|4": 52207.3046875,
  "Z0386002|5": 48829.14453125,
  "Z0386002|6": 29410.263671875,
  "Z0386002|7": 11041.4296875,
  "Z0386003|1": 45926.1796875,
  "Z0386003|2": 62148.4453125,
  "Z0386003|3": 68755.4453125,
  "Z0386003|4": 37141.69140625,
  "Z0386003|5": 42256.4296875,
  "Z0386003|6": 28971.767578125,
  "Z0386003|7": 11119.5380859375,
  "Z0386004|1": 6525.12939453125,
  "Z0386004|2": 6611.54833984375,
  "Z0386004|3": 7800.228515625,
  "Z0386004|4": 7367.5966796875,
  "Z0386004|5": 6483.5810546875,
  "Z0386004|6": 3601.29052734375,
  "Z0386004|7": 3340.319091796875,
  "Z0386005|1": 31811.08203125,
  "Z0386005|2": 33149.328125,
  "Z0386005|3": 28620.87109375,
  "Z0386005|4": 11174.833984375,
  "Z0386005|5": 15104.888671875,
  "Z0386005|6": 4527.2197265625,
  "Z0386005|7": 2607.319580078125,
  "Z0386006|1": 6458.04736328125,
  "Z0386006|2": 6780.36083984375,
  "Z0386006|3": 6718.994140625,
  "Z0386006|4": 5062.919921875,
  "Z0386006|5": 5347.48681640625,
  "Z0386006|6": 4166.77783203125,
  "Z0386006|7": 3334.528076171875,
  "Z0386007|1": 11704.2529296875,
  "Z0386007|2": 11049.3515625,
  "Z0386007|3": 22022.466796875,
  "Z0386007|4": 27948.115234375,
  "Z0386007|5": 22070.322265625,
  "Z0386007|6": 10761.1650390625,
  "Z0386007|7": 4710.732421875,
  "Z0646001|1": 122214.765625,
  "Z0646001|2": 118907.53125,
  "Z0646001|3": 140190.234375,
  "Z0646001|4": 69501.328125,
  "Z0646001|5": 59641.30078125,
  "Z0646001|6": 39809.26953125,
  "Z0646001|7": 12764.7919921875,
  "Z0646002|1": 95688.1171875,
  "Z0646002|2": 75698.4140625,
  "Z0646002|3": 113859.5859375,
  "Z0646002|4": 64951.1796875,
  "Z0646002|5": 59872.90625,
  "Z0646002|6": 26476.666015625,
  "Z0646002|7": 11966.58984375,
  "Z0646003|1": 1579.080810546875,
  "Z0646003|2": 1989.386962890625,
  "Z0646003|3": 5047.89892578125,
  "Z0646003|4": 1655.163452148438,
  "Z0646003|5": 1573.04052734375,
  "Z0646003|6": 1115.794799804688,
  "Z0646003|7": 946.7850341796875,
  "Z0646004|1": 5347.99755859375,
  "Z0646004|2": 8541.99609375,
  "Z0646004|3": 6902.77197265625,
  "Z0646004|4": 4730.1259765625,
  "Z0646004|5": 3391.676025390625,
  "Z0646004|6": 1430.2412109375,
  "Z0646004|7": 1098.58349609375,
  "Z0899001|1": 185656.71875,
  "Z0899001|2": 112890.0546875,
  "Z0899001|3": 165992.5625,
  "Z0899001|4": 125213.765625,
  "Z0899001|5": 100688.8671875,
  "Z0899001|6": 0.0,
  "Z0899001|7": 0.0,
  "Z0908001|1": 106900.0390625,
  "Z0908001|2": 90494.2578125,
  "Z0908001|3": 121870.7109375,
  "Z0908001|4": 57137.83203125,
  "Z0908001|5": 134568.71875,
  "Z0908001|6": 0.0,
  "Z0908001|7": 0.0,
  "Z0951001|1": 97088.5625,
  "Z0951001|2": 67556.359375,
  "Z0951001|3": 106407.5390625,
  "Z0951001|4": 80079.96875,
  "Z0951001|5": 40583.26953125,
  "Z0951001|6": 43069.8359375,
  "Z0951001|7": 19499.337890625,
  "Z0951002|1": 99556.140625,
  "Z0951002|2": 74240.7734375,
  "Z0951002|3": 112613.265625,
  "Z0951002|4": 93808.6015625,
  "Z0951002|5": 97027.8359375,
  "Z0951002|6": 52460.3984375,
  "Z0951002|7": 16016.2333984375,
  "Z0972001|1": 109344.15625,
  "Z0972001|2": 99847.6640625,
  "Z0972001|3": 42899.5859375,
  "Z0972001|4": 36236.015625,
  "Z0972001|5": 98045.2734375,
  "Z0972001|6": 0.0,
  "Z0972001|7": 0.0,
  "Z1031001|1": 11720.2158203125,
  "Z1031001|2": 25125.759765625,
  "Z1031001|3": 35795.3984375,
  "Z1031001|4": 12407.37109375,
  "Z1031001|5": 13184.7392578125,
  "Z1031001|6": 10553.75,
  "Z1031001|7": 3588.194091796875,
  "Z1031002|1": 32323.298828125,
  "Z1031002|2": 54146.45703125,
  "Z1031002|3": 61882.76953125,
  "Z1031002|4": 36417.7265625,
  "Z1031002|5": 26717.921875,
  "Z1031002|6": 13227.32421875,
  "Z1031002|7": 7429.14453125,
  "Z1119001|1": 34788.71875,
  "Z1119001|2": 89996.625,
  "Z1119001|3": 114324.5234375,
  "Z1119001|4": 66590.21875,
  "Z1119001|5": 45033.3125,
  "Z1119001|6": 38043.6875,
  "Z1119001|7": 10415.1845703125,
  "Z1169001|1": 123329.40625,
  "Z1169001|2": 129916.3515625,
  "Z1169001|3": 101983.4765625,
  "Z1169001|4": 63800.546875,
  "Z1169001|5": 114859.0390625,
  "Z1169001|6": 0.0,
  "Z1169001|7": 0.0,
  "Z1367001|1": 151529.546875,
  "Z1367001|2": 141895.671875,
  "Z1367001|3": 180299.6875,
  "Z1367001|4": 123829.703125,
  "Z1367001|5": 140888.8125,
  "Z1367001|6": 0.0,
  "Z1367001|7": 0.0,
  "Z1524001|1": 108149.015625,
  "Z1524001|2": 109290.046875,
  "Z1524001|3": 136781.25,
  "Z1524001|4": 54674.6484375,
  "Z1524001|5": 47403.00390625,
  "Z1524001|6": 28204.76953125,
  "Z1524001|7": 12940.1533203125,
  "Z1665001|1": 136275.40625,
  "Z1665001|2": 116078.9453125,
  "Z1665001|3": 87754.015625,
  "Z1665001|4": 73980.953125,
  "Z1665001|5": 90518.078125,
  "Z1665001|6": 0.0,
  "Z1665001|7": 0.0,
  "Z1769001|1": 178295.5,
  "Z1769001|2": 153021.421875,
  "Z1769001|3": 185647.15625,
  "Z1769001|4": 93311.25,
  "Z1769001|5": 150385.328125,
  "Z1769001|6": 0.0,
  "Z1769001|7": 0.0,
  "Z1899001|1": 69110.96875,
  "Z1899001|2": 68765.5390625,
  "Z1899001|3": 94021.5,
  "Z1899001|4": 41974.34765625,
  "Z1899001|5": 53379.67578125,