{
  "Z0241002|1": 44262.60546875,
  "Z0241002|2": 40851.3515625,
  "Z0241002|3": 31007.755859375,
  "Z0241002|4": 74024.1484375,
  "Z0241002|5": 86731.8203125,
  "Z0241002|6": 77028.71875,
  "Z0241002|7": 49331.46875,
  "Z0241003|1": 39398.765625,
  "Z0241003|2": 26390.5234375,
  "Z0241003|3": 32656.02734375,
  "Z0241003|4": 64115.40625,
  "Z0241003|5": 75028.921875,
  "Z0241003|6": 71243.1640625,
  "Z0241003|7": 46745.1171875,
  "Z0241004|1": 42949.38671875,
  "Z0241004|2": 37205.484375,
  "Z0241004|3": 33468.046875,
  "Z0241004|4": 73869.28125,
  "Z0241004|5": 91210.125,
  "Z0241004|6": 78627.8828125,
  "Z0241004|7": 53627.55078125,
  "Z0241005|1": 21258.421875,
  "Z0241005|2": 16566.857421875,
  "Z0241005|3": 12537.7373046875,
  "Z0241005|4": 14195.1279296875,
  "Z0241005|5": 12807.5244140625,
  "Z0241005|6": 9953.7490234375,
  "Z0241005|7": 9091.07421875,
  "Z0241006|1": 14521.806640625,
  "Z0241006|2": 27146.7890625,
  "Z0241006|3": 20298.404296875,
  "Z0241006|4": 17028.37890625,
  "Z0241006|5": 16056.8388671875,
  "Z0241006|6": 4568.1015625,
  "Z0241006|7": 1832.618041992188,
  "Z0241007|1": 18244.88671875,
  "Z0241007|2": 16799.669921875,
  "Z0241007|3": 16383.20703125,
  "Z0241007|4": 41199.83984375,
  "Z0241007|5": 48899.734375,
  "Z0241007|6": 48205.04296875,
  "Z0241007|7": 32090.11328125,
  "Z0241008|1": 16703.5859375,
  "Z0241008|2": 11314.4755859375,
  "Z0241008|3": 14842.5615234375,
  "Z0241008|4": 18668.40625,
  "Z0241008|5": 24879.529296875,
  "Z0241008|6": 25130.5,
  "Z0241008|7": 21570.732421875,
  "Z0276001|1": 10659.1015625,
  "Z0276001|2": 31539.962890625,
  "Z0276001|3": 24081.419921875,
  "Z0276001|4": 30246.802734375,
  "Z0276001|5": 35029.60546875,
  "Z0276001|6": 27731.22265625,
  "Z0276001|7": 26244.044921875,
  "Z0276002|1": 9020.29296875,
  "Z0276002|2": 28341.642578125,
  "Z0276002|3": 26419.734375,
  "Z0276002|4": 29934.916015625,
  "Z0276002|5": 32444.158203125,
  "Z0276002|6": 30586.576171875,
  "Z0276002|7": 34291.06640625,
  "Z0276003|1": 13953.751953125,
  "Z0276003|2": 9564.2353515625,
  "Z0276003|3": 9932.515625,
  "Z0276003|4": 7038.13525390625,
  "Z0276003|5": 6771.9853515625,
  "Z0276003|6": 4276.69873046875,
  "Z0276003|7": 12487.54296875,
  "Z0283001|1": 18134.5703125,
  "Z0283001|2": 15418.9619140625,
  "Z0283001|3": 15073.310546875,
  "Z0283001|4": 26875.98828125,
  "Z0283001|5": 17785.6953125,
  "Z0283001|6": 0.0,
  "Z0283001|7": 0.0,
  "Z0284001|1": 48174.01953125,
  "Z0284001|2": 42870.48828125,
  "Z0284001|3": 124345.3359375,
  "Z0284001|4": 164413.34375,
  "Z0284001|5": 150766.921875,
  "Z0284001|6": 0.0,
  "Z0284001|7": 0.0,
  "Z0386001|1": 29137.9453125,
  "Z0386001|2": 21632.703125,
  "Z0386001|3": 17679.806640625,
  "Z0386001|4": 15117.322265625,
  "Z0386001|5": 14837.59375,
  "Z0386001|6": 10793.8896484375,
  "Z0386001|7": 14209.2421875,
  "Z0386002|1": 42450.90234375,
  "Z0386002|2": 34132.26953125,
  "Z0386002|3": 24824.11328125,
  "Z0386002|4": 19241.798828125,
  "Z0386002|5": 21447.240234375,
  "Z0386002|6": 17977.109375,
  "Z0386002|7": 15750.681640625,
  "Z0386003|1": 49627.1015625,
  "Z0386003|2": 33439.94140625,
  "Z0386003|3": 28938.908203125,
  "Z0386003|4": 21669.06640625,
  "Z0386003|5": 18708.884765625,
  "Z0386003|6": 17977.109375,
  "Z0386003|7": 17021.0234375,
  "Z0386004|1": 6860.888671875,
  "Z0386004|2": 7000.5146484375,
  "Z0386004|3": 7146.75732421875,
  "Z0386004|4": 5612.759765625,
  "Z0386004|5": 4656.95849609375,
  "Z0386004|6": 4102.79541015625,
  "Z0386004|7": 8464.5537109375,
  "Z0386005|1": 8142.35986328125,
  "Z0386005|2": 6561.7841796875,
  "Z0386005|3": 3790.07080078125,
  "Z0386005|4": 3650.5751953125,
  "Z0386005|5": 4169.4345703125,
  "Z0386005|6": 3763.560791015625,
  "Z0386005|7": 6942.755859375,
  "Z0386006|1": 4427.84716796875,
  "Z0386006|2": 3286.685546875,
  "Z0386006|3": 4720.32421875,
  "Z0386006|4": 4377.60546875,
  "Z0386006|5": 4310.0361328125,
  "Z0386006|6": 3598.57568359375,
  "Z0386006|7": 3246.38037109375,
  "Z0386007|1": 16536.484375,
  "Z0386007|2": 12847.5185546875,
  "Z0386007|3": 13139.3125,
  "Z0386007|4": 12913.7216796875,
  "Z0386007|5": 8922.7783203125,
  "Z0386007|6": 6158.0009765625,
  "Z0386007|7": 13419.4833984375,
  "Z0646001|1": 64273.35546875,
  "Z0646001|2": 56927.4375,
  "Z0646001|3": 37797.0234375,
  "Z0646001|4": 34641.56640625,
  "Z0646001|5": 23120.986328125,
  "Z0646001|6": 19926.15625,
  "Z0646001|7": 16838.47265625,
  "Z0646002|1": 4280.20068359375,
  "Z0646002|2": 3759.559814453125,
  "Z0646002|3": 26597.716796875,
  "Z0646002|4": 24993.3984375,
  "Z0646002|5": 17143.45703125,
  "Z0646002|6": 15486.859375,
  "Z0646002|7": 13549.9970703125,
  "Z0646003|1": 1339.373901367188,
  "Z0646003|2": 750.2894287109375,
  "Z0646003|3": 492.5089721679688,
  "Z0646003|4": 357.5641479492188,
  "Z0646003|5": 1160.130737304688,
  "Z0646003|6": 444.9598693847656,
  "Z0646003|7": 87.94100189208984,
  "Z0646004|1": 2042.640991210938,
  "Z0646004|2": 3704.0185546875,
  "Z0646004|3": 3497.771484375,
  "Z0646004|4": 2422.93994140625,
  "Z0646004|5": 637.1774291992188,
  "Z0646004|6": 2666.52001953125,
  "Z0646004|7": 1138.535278320312,
  "Z0899001|1": 116394.5625,
  "Z0899001|2": 50411.37109375,
  "Z0899001|3": 47904.44921875,
  "Z0899001|4": 74204.0390625,
  "Z0899001|5": 45396.50390625,
  "Z0899001|6": 0.0,
  "Z0899001|7": 0.0,
  "Z0908001|1": 97499.25,
  "Z0908001|2": 68539.8515625,
  "Z0908001|3": 48415.13671875,
  "Z0908001|4": 30935.30078125,
  "Z0908001|5": 32943.125,
  "Z0908001|6": 0.0,
  "Z0908001|7": 0.0,
  "Z0951001|1": 70485.90625,
  "Z0951001|2": 61334.8125,
  "Z0951001|3": 42015.0234375,
  "Z0951001|4": 41657.41015625,
  "Z0951001|5": 43544.74609375,
  "Z0951001|6": 30199.90625,
  "Z0951001|7": 19366.162109375,
  "Z0951002|1": 55291.1328125,
  "Z0951002|2": 60449.7421875,
  "Z0951002|3": 41611.546875,
  "Z0951002|4": 41657.41015625,
  "Z0951002|5": 39977.72265625,
  "Z0951002|6": 22535.83203125,
  "Z0951002|7": 18151.52734375,
  "Z0972001|1": 67159.4296875,
  "Z0972001|2": 43113.25390625,
  "Z0972001|3": 22884.646484375,
  "Z0972001|4": 27813.9140625,
  "Z0972001|5": 27977.771484375,
  "Z0972001|6": 0.0,
  "Z0972001|7": 0.0,
  "Z1031001|1": 18244.921875,
  "Z1031001|2": 13890.416015625,
  "Z1031001|3": 9729.0087890625,
  "Z1031001|4": 9364.6728515625,
  "Z1031001|5": 11336.14453125,
  "Z1031001|6": 5299.685546875,
  "Z1031001|7": 8092.7998046875,
  "Z1031002|1": 27091.775390625,
  "Z1031002|2": 22685.20703125,
  "Z1031002|3": 19691.59375,
  "Z1031002|4": 14860.607421875,
  "Z1031002|5": 14275.3388671875,
  "Z1031002|6": 10318.2314453125,
  "Z1031002|7": 14489.1015625,
  "Z1119001|1": 32319.20703125,
  "Z1119001|2": 34241.55859375,
  "Z1119001|3": 23877.150390625,
  "Z1119001|4": 20673.662109375,
  "Z1119001|5": 17899.283203125,
  "Z1119001|6": 15599.9404296875,
  "Z1119001|7": 3324.09912109375,
  "Z1169001|1": 46254.46875,
  "Z1169001|2": 54596.53515625,
  "Z1169001|3": 28616.779296875,
  "Z1169001|4": 30914.919921875,
  "Z1169001|5": 45093.89453125,
  "Z1169001|6": 0.0,
  "Z1169001|7": 0.0,
  "Z1367001|1": 88701.625,
  "Z1367001|2": 62896.62890625,
  "Z1367001|3": 56549.09765625,
  "Z1367001|4": 88648.0078125,
  "Z1367001|5": 75815.0234375,
  "Z1367001|6": 0.0,
  "Z1367001|7": 0.0,
  "Z1524001|1": 35821.05859375,
  "Z1524001|2": 24437.953125,
  "Z1524001|3": 18798.171875,
  "Z1524001|4": 26070.54296875,
  "Z1524001|5": 19683.482421875,
  "Z1524001|6": 18712.755859375,
  "Z1524001|7": 16709.466796875,
  "Z1665001|1": 51397.87109375,
  "Z1665001|2": 38942.046875,
  "Z1665001|3": 37621.19921875,
  "Z1665001|4": 38587.984375,
  "Z1665001|5": 36705.58203125,
  "Z1665001|6": 0.0,
  "Z1665001|7": 0.0,
  "Z1769001|1": 61565.76953125,
  "Z1769001|2": 46764.42578125,
  "Z1769001|3": 41287.046875,
  "Z1769001|4": 44861.57421875,
  "Z1769001|5": 32538.015625,
  "Z1769001|6": 0.0,
  "Z1769001|7": 0.0,
  "Z1899001|1": 23883.505859375,
  "Z1899001|2": 16321.3544921875,
  "Z1899001|3": 14900.3310546875,
  "Z1899001|4": 10787.34375,