{
  "Z0241002|1": 45728.0390625,
  "Z0241003|1": 51113.69921875,
  "Z0241004|1": 84831.375,
  "Z0241005|1": 24695.8828125,
  "Z0241006|1": 11382.9755859375,
  "Z0241007|1": 25619.46875,
  "Z0241008|1": 10402.1865234375,
  "Z0276001|1": 54713.57421875,
  "Z0276002|1": 61504.87109375,
  "Z0276003|1": 6395.3515625,
  "Z0283001|1": 47946.7578125,
  "Z0284001|1": 204465.984375,
  "Z0386001|1": 40490.93359375,
  "Z0386002|1": 58201.328125,
  "Z0386003|1": 49524.91015625,
  "Z0386004|1": 11768.7294921875,
  "Z0386005|1": 15174.3701171875,
  "Z0386006|1": 9637.7783203125,
  "Z0386007|1": 21280.517578125,
  "Z0646001|1": 110879.3671875,
  "Z0646002|1": 111751.6796875,
  "Z0646003|1": 144.2146911621094,
  "Z0646004|1": 4370.119140625,
  "Z0899001|1": 196057.1875,
  "Z0908001|1": 112751.7578125,
  "Z0951001|1": 82656.5234375,
  "Z0951002|1": 67182.8125,
  "Z0972001|1": 90233.8125,
  "Z1031001|1": 56339.66015625,
  "Z1031002|1": 56719.4140625,
  "Z1119001|1": 45509.765625,
  "Z1169001|1": 90025.453125,
  "Z1367001|1": 122066.203125,
  "Z1524001|1": 85899.7265625,
  "Z1665001|1": 80258.03125,
  "Z1769001|1": 114339.3125,
  "Z1899001|1": 31559.57421875,
  "Z1899002|1": 68068.5625,
  "Z2011001|1": 44699.921875,
  "Z2135001|1": 103036.6328125,
  "Z2135002|1": 74007.5546875,
  "Z2136001|1": 30234.888671875,
  "Z0241002|2": 60652.3359375,
  "Z0241003|2": 66679.125,
  "Z0241004|2": 58046.33984375,
  "Z0241005|2": 18474.6015625,
  "Z0241006|2": 10375.3251953125,
  "Z0241007|2": 13431.265625,
  "Z0241008|2": 8244.6708984375,
  "Z0276001|2": 65780.8984375,
  "Z0276002|2": 49559.73046875,
  "Z0276003|2": 7690.904296875,
  "Z0283001|2": 33533.98046875,
  "Z0284001|2": 153531.640625,
  "Z0386001|2": 37631.83203125,
  "Z0386002|2": 46871.26171875,
  "Z0386003|2": 52231.16796875,
  "Z0386004|2": 7512.84326171875,
  "Z0386005|2": 12877.0517578125,
  "Z0386006|2": 4373.73046875,
  "Z0386007|2": 18096.42578125,
  "Z0646001|2": 98614.1875,
  "Z0646002|2": 106031.6875,
  "Z0646003|2": 128.4136962890625,
  "Z0646004|2": 9221.26953125,
  "Z0899001|2": 123552.453125,
  "Z0908001|2": 74875.6640625,
  "Z0951001|2": 75889.3125,
  "Z0951002|2": 84078.625,
  "Z0972001|2": 87336.5546875,
  "Z1031001|2": 14558.6875,
  "Z1031002|2": 52139.49609375,
  "Z1119001|2": 66998.5390625,
  "Z1169001|2": 88594.234375,
  "Z1367001|2": 133989.71875,
  "Z1524001|2": 92223.5,
  "Z1665001|2": 65197.0,
  "Z1769001|2": 109521.640625,
  "Z1899001|2": 56400.1953125,
  "Z1899002|2": 50540.69921875,
  "Z2011001|2": 48252.12890625,
  "Z2135001|2": 83690.9453125,
  "Z2135002|2": 81108.3515625,
  "Z2136001|2": 22273.05859375,
  "Z0241002|3": 73180.7734375,
  "Z0241003|3": 63553.6953125,
  "Z0241004|3": 85598.7890625,
  "Z0241005|3": 20363.099609375,
  "Z0241006|3": 7864.763671875,
  "Z0241007|3": 32677.203125,
  "Z0241008|3": 12652.75390625,
  "Z0276001|3": 72322.1796875,
  "Z0276002|3": 61400.55078125,
  "Z0276003|3": 17667.828125,
  "Z0283001|3": 28302.318359375,
  "Z0284001|3": 110144.4609375,
  "Z0386001|3": 46023.578125,
  "Z0386002|3": 53337.453125,
  "Z0386003|3": 68608.453125,
  "Z0386004|3": 4438.861328125,
  "Z0386005|3": 10678.9970703125,
  "Z0386006|3": 4424.06201171875,
  "Z0386007|3": 18849.533203125,
  "Z0646001|3": 125956.8828125,
  "Z0646002|3": 126554.2265625,
  "Z0646003|3": 108.4096298217773,
  "Z0646004|3": 16534.966796875,
  "Z0899001|3": 150912.8125,
  "Z0908001|3": 124600.25,
  "Z0951001|3": 80913.5859375,
  "Z0951002|3": 88255.8125,
  "Z0972001|3": 68998.3515625,
  "Z1031001|3": 19803.044921875,
  "Z1031002|3": 39801.3984375,
  "Z1119001|3": 81962.453125,
  "Z1169001|3": 72524.5546875,
  "Z1367001|3": 151591.359375,
  "Z1524001|3": 112917.90625,
  "Z1665001|3": 75426.59375,
  "Z1769001|3": 112497.4140625,
  "Z1899001|3": 57266.26171875,
  "Z1899002|3": 61858.34765625,
  "Z2011001|3": 49563.18359375,
  "Z2135001|3": 118240.9921875,
  "Z2135002|3": 96597.2890625,
  "Z2136001|3": 30274.533203125,
  "Z0241002|4": 120177.8515625,
  "Z0241003|4": 96162.5234375,
  "Z0241004|4": 149726.265625,
  "Z0241005|4": 51131.7890625,
  "Z0241006|4": 12933.84375,
  "Z0241007|4": 55381.875,
  "Z0241008|4": 27170.33984375,
  "Z0276001|4": 115280.5078125,
  "Z0276002|4": 92602.2890625,
  "Z0276003|4": 29344.59375,
  "Z0283001|4": 48190.04296875,
  "Z0284001|4": 191222.578125,
  "Z0386001|4": 59790.4609375,
  "Z0386002|4": 78656.375,
  "Z0386003|4": 97337.0,
  "Z0386004|4": 9286.64453125,
  "Z0386005|4": 10917.5009765625,
  "Z0386006|4": 5387.9501953125,
  "Z0386007|4": 36603.203125,
  "Z0646001|4": 180276.046875,
  "Z0646002|4": 179787.40625,
  "Z0646003|4": 153.3628082275391,
  "Z0646004|4": 6229.89404296875,
  "Z0899001|4": 187511.640625,
  "Z0908001|4": 161210.40625,
  "Z0951001|4": 117131.890625,
  "Z0951002|4": 125342.0390625,
  "Z0972001|4": 88293.53125,
  "Z1031001|4": 46666.04296875,
  "Z1031002|4": 87934.0390625,
  "Z1119001|4": 115746.2734375,
  "Z1169001|4": 91734.8203125,
  "Z1367001|4": 181526.65625,
  "Z1524001|4": 168364.6875,
  "Z1665001|4": 106006.109375,
  "Z1769001|4": 232842.0625,
  "Z1899001|4": 97304.1484375,
  "Z1899002|4": 103856.0546875,
  "Z2011001|4": 49985.9921875,
  "Z2135001|4": 187864.796875,
  "Z2135002|4": 172477.390625,
  "Z2136001|4": 28094.087890625,
  "Z0241002|5": 52434.19921875,
  "Z0241003|5": 45909.20703125,
  "Z0241004|5": 60169.7109375,
  "Z0241005|5": 24710.25390625,
  "Z0241006|5": 9753.0341796875,
  "Z0241007|5": 25397.212890625,
  "Z0241008|5": 16576.587890625,
  "Z0276001|5": 50228.84375,
  "Z0276002|5": 39066.51953125,
  "Z0276003|5": 19047.32421875,
  "Z0283001|5": 45843.2265625,
  "Z0284001|5": 116479.78125,
  "Z0386001|5": 31154.689453125,
  "Z0386002|5": 39174.828125,
  "Z0386003|5": 40220.140625,
  "Z0386004|5": 6142.12158203125,
  "Z0386005|5": 4066.544677734375,
  "Z0386006|5": 6412.7666015625,
  "Z0386007|5": 18360.673828125,
  "Z0646001|5": 72507.609375,
  "Z0646002|5": 76873.0546875,
  "Z0646003|5": 133.3669128417969,
  "Z0646004|5": 5239.0732421875,
  "Z0899001|5": 110672.1953125,
  "Z0908001|5": 67713.1015625,
  "Z0951001|5": 68355.640625,
  "Z0951002|5": 62646.41015625,
  "Z0972001|5": 52825.25,
  "Z1031001|5": 24083.873046875,
  "Z1031002|5": 35986.08203125,
  "Z1119001|5": 48932.37109375,
  "Z1169001|5": 50176.8515625,
  "Z1367001|5": 117111.0,
  "Z1524001|5": 53907.49609375,
  "Z1665001|5": 65029.95703125,
  "Z1769001|5": 98329.6328125,
  "Z1899001|5": 36970.5625,
  "Z1899002|5": 36420.6015625,
  "Z2011001|5": 35962.921875,
  "Z2135001|5": 77756.2265625,
  "Z2135002|5": 70747.8203125,
  "Z2136001|5": 20393.884765625,
  "Z0241002|6": 43234.96484375,
  "Z0241003|6": 35972.6640625,
  "Z0241004|6": 44202.1484375,
  "Z0241005|6": 17133.837890625,
  "Z0241006|6": 2656.283935546875,
  "Z0241007|6": 15203.53125,
  "Z0241008|6": 7397.52294921875,
  "Z0276001|6": 30842.001953125,
  "Z0276002|6": 23698.353515625,
  "Z0276003|6": 5850.12841796875,
  "Z0386001|6": 23607.873046875,
  "Z0386002|6": 27267.712890625,
  "Z0386003|6": 27783.3515625,
  "Z0386004|6": 5720.52099609375,
  "Z0386005|6": 2718.055908203125,
  "Z0386006|6": 5179.951171875,
  "Z0386007|6": 11672.8837890625,
  "Z0646001|6": 48480.546875,
  "Z0646002|6": 47711.84375,
  "Z0646003|6": 66.66019439697266,
  "Z0646004|6": 2911.190185546875,
  "Z0951001|6": 51432.17578125,
  "Z0951002|6": 47747.2578125,
  "Z1031001|6": 14556.9384765625,
  "Z1031002|6": 22142.505859375,
  "Z1119001|6": 42135.96484375,
  "Z1524001|6": 33612.6171875,
  "Z1899001|6": 22928.23046875,
  "Z1899002|6": 26759.75390625,
  "Z2135001|6": 45782.453125,
  "Z2135002|6": 43337.96484375,
  "Z0241002|7": 23677.546875,
  "Z0241003|7": 17581.865234375,
  "Z0241004|7": 23940.33203125,
  "Z0241005|7": 13385.9052734375,
  "Z0241006|7": 1536.727294921875,
  "Z0241007|7": 7881.69775390625,
  "Z0241008|7": 4776.3876953125,
  "Z0276001|7": 10711.1796875,
  "Z0276002|7": 9040.57421875,
  "Z0276003|7": 6397.51123046875,
  "Z0386001|7": 11577.6630859375,
  "Z0386002|7": 15965.0791015625,
  "Z0386003|7": 17699.365234375,