{
  "Z0241002|1": 63351.63671875,
  "Z0241002|2": 70974.140625,
  "Z0241002|3": 64465.63671875,
  "Z0241002|4": 126226.4921875,
  "Z0241002|5": 122924.484375,
  "Z0241002|6": 98094.7265625,
  "Z0241002|7": 64426.9765625,
  "Z0241003|1": 20441.49609375,
  "Z0241003|2": 23308.0,
  "Z0241003|3": 29235.62109375,
  "Z0241003|4": 80297.609375,
  "Z0241003|5": 41103.33984375,
  "Z0241003|6": 34472.80859375,
  "Z0241003|7": 28422.41796875,
  "Z0241004|1": 11748.408203125,
  "Z0241004|2": 22377.240234375,
  "Z0241004|3": 29718.896484375,
  "Z0241004|4": 72889.2109375,
  "Z0241004|5": 47270.25,
  "Z0241004|6": 37909.703125,
  "Z0241004|7": 35524.20703125,
  "Z0241005|1": 8449.16015625,
  "Z0241005|2": 13761.1376953125,
  "Z0241005|3": 19377.021484375,
  "Z0241005|4": 39822.015625,
  "Z0241005|5": 31199.587890625,
  "Z0241005|6": 19351.9609375,
  "Z0241005|7": 18698.876953125,
  "Z0241006|1": 3586.8330078125,
  "Z0241006|2": 3382.239013671875,
  "Z0241006|3": 5915.00244140625,
  "Z0241006|4": 7891.2431640625,
  "Z0241006|5": 5594.8671875,
  "Z0241006|6": 1372.833618164062,
  "Z0241006|7": 779.4119873046875,
  "Z0241007|1": 8049.060546875,
  "Z0241007|2": 13476.7412109375,
  "Z0241007|3": 18532.732421875,
  "Z0241007|4": 44399.75,
  "Z0241007|5": 38691.54296875,
  "Z0241007|6": 35855.8671875,
  "Z0241007|7": 32641.4140625,
  "Z0241008|1": 60.94961166381836,
  "Z0241008|2": 27.28781890869141,
  "Z0241008|3": 14.68827629089355,
  "Z0241008|4": 9132.5869140625,
  "Z0241008|5": 10627.3408203125,
  "Z0241008|6": 13238.4248046875,
  "Z0241008|7": 10548.080078125,
  "Z0276001|1": 35223.55078125,
  "Z0276001|2": 54844.3359375,
  "Z0276001|3": 49568.94921875,
  "Z0276001|4": 83284.4765625,
  "Z0276001|5": 73785.9140625,
  "Z0276001|6": 63284.97265625,
  "Z0276001|7": 27085.041015625,
  "Z0276002|1": 16862.5234375,
  "Z0276002|2": 44333.99609375,
  "Z0276002|3": 33188.19921875,
  "Z0276002|4": 70795.6015625,
  "Z0276002|5": 63992.4453125,
  "Z0276002|6": 40081.37109375,
  "Z0276002|7": 31282.89453125,
  "Z0276003|1": 6620.77392578125,
  "Z0276003|2": 8824.0458984375,
  "Z0276003|3": 7659.22119140625,
  "Z0276003|4": 9757.91015625,
  "Z0276003|5": 7431.6455078125,
  "Z0276003|6": 6701.59033203125,
  "Z0276003|7": 5531.76806640625,
  "Z0283001|1": 27952.626953125,
  "Z0283001|2": 37759.63671875,
  "Z0283001|3": 42276.32421875,
  "Z0283001|4": 56753.8828125,
  "Z0283001|5": 50193.79296875,
  "Z0283001|6": 0.0,
  "Z0283001|7": 0.0,
  "Z0284001|1": 33423.05859375,
  "Z0284001|2": 117871.9296875,
  "Z0284001|3": 64261.4765625,
  "Z0284001|4": 242135.03125,
  "Z0284001|5": 198254.40625,
  "Z0284001|6": 0.0,
  "Z0284001|7": 0.0,
  "Z0386001|1": 16428.015625,
  "Z0386001|2": 28230.90625,
  "Z0386001|3": 32730.068359375,
  "Z0386001|4": 48294.20703125,
  "Z0386001|5": 67807.0625,
  "Z0386001|6": 67914.5625,
  "Z0386001|7": 44311.59375,
  "Z0386002|1": 17382.140625,
  "Z0386002|2": 27137.6328125,
  "Z0386002|3": 31179.2421875,
  "Z0386002|4": 80539.5,
  "Z0386002|5": 80118.765625,
  "Z0386002|6": 69269.3984375,
  "Z0386002|7": 56011.46875,
  "Z0386003|1": 20923.642578125,
  "Z0386003|2": 30824.005859375,
  "Z0386003|3": 31353.173828125,
  "Z0386003|4": 80721.8203125,
  "Z0386003|5": 85856.9765625,
  "Z0386003|6": 67513.2734375,
  "Z0386003|7": 60601.33984375,
  "Z0386004|1": 4172.40185546875,
  "Z0386004|2": 3779.97314453125,
  "Z0386004|3": 3679.39501953125,
  "Z0386004|4": 18881.126953125,
  "Z0386004|5": 22175.771484375,
  "Z0386004|6": 15523.90625,
  "Z0386004|7": 8489.4443359375,
  "Z0386005|1": 477.6878051757812,
  "Z0386005|2": 3395.40625,
  "Z0386005|3": 2902.205810546875,
  "Z0386005|4": 2974.748779296875,
  "Z0386005|5": 7627.43603515625,
  "Z0386005|6": 5861.92578125,
  "Z0386005|7": 6659.0458984375,
  "Z0386006|1": 2491.911376953125,
  "Z0386006|2": 4813.98095703125,
  "Z0386006|3": 13923.2548828125,
  "Z0386006|4": 16863.376953125,
  "Z0386006|5": 13291.8271484375,
  "Z0386006|6": 11855.408203125,
  "Z0386006|7": 8029.2548828125,
  "Z0386007|1": 3711.045654296875,
  "Z0386007|2": 5883.7724609375,
  "Z0386007|3": 7013.57421875,
  "Z0386007|4": 16217.2509765625,
  "Z0386007|5": 25498.9296875,
  "Z0386007|6": 18855.466796875,
  "Z0386007|7": 352.3039245605469,
  "Z0646001|1": 26703.767578125,
  "Z0646001|2": 49499.26953125,
  "Z0646001|3": 40907.2578125,
  "Z0646001|4": 94755.203125,
  "Z0646001|5": 94938.4609375,
  "Z0646001|6": 68964.734375,
  "Z0646001|7": 56874.6015625,
  "Z0646002|1": 25440.80078125,
  "Z0646002|2": 48098.9921875,
  "Z0646002|3": 40735.4140625,
  "Z0646002|4": 89441.046875,
  "Z0646002|5": 93866.75,
  "Z0646002|6": 69756.65625,
  "Z0646002|7": 58265.0859375,
  "Z0646003|1": 700.3280029296875,
  "Z0646003|2": 1449.463989257812,
  "Z0646003|3": 2159.152587890625,
  "Z0646003|4": 3132.021728515625,
  "Z0646003|5": 8063.63720703125,
  "Z0646003|6": 6487.7138671875,
  "Z0646003|7": 6402.2607421875,
  "Z0646004|1": 141.9591979980469,
  "Z0646004|2": 242.4884490966797,
  "Z0646004|3": 431.2400817871094,
  "Z0646004|4": 2040.472412109375,
  "Z0646004|5": 4458.427734375,
  "Z0646004|6": 6167.84130859375,
  "Z0646004|7": 6402.7490234375,
  "Z0899001|1": 42513.578125,
  "Z0899001|2": 85715.9296875,
  "Z0899001|3": 65292.015625,
  "Z0899001|4": 163937.5625,
  "Z0899001|5": 245985.875,
  "Z0899001|6": 0.0,
  "Z0899001|7": 0.0,
  "Z0908001|1": 117276.5234375,
  "Z0908001|2": 86441.7890625,
  "Z0908001|3": 82278.8515625,
  "Z0908001|4": 139037.140625,
  "Z0908001|5": 180671.21875,
  "Z0908001|6": 0.0,
  "Z0908001|7": 0.0,
  "Z0951001|1": 63521.45703125,
  "Z0951001|2": 65527.19140625,
  "Z0951001|3": 63894.14453125,
  "Z0951001|4": 90107.484375,
  "Z0951001|5": 101619.859375,
  "Z0951001|6": 69063.4609375,
  "Z0951001|7": 15057.7392578125,
  "Z0951002|1": 49304.78125,
  "Z0951002|2": 65544.375,
  "Z0951002|3": 61738.23828125,
  "Z0951002|4": 94454.125,
  "Z0951002|5": 112223.5234375,
  "Z0951002|6": 69833.3359375,
  "Z0951002|7": 24261.826171875,
  "Z0972001|1": 18262.734375,
  "Z0972001|2": 29503.845703125,
  "Z0972001|3": 37929.125,
  "Z0972001|4": 76713.46875,
  "Z0972001|5": 120249.2734375,
  "Z0972001|6": 0.0,
  "Z0972001|7": 0.0,
  "Z1031001|1": 11071.296875,
  "Z1031001|2": 12523.3798828125,
  "Z1031001|3": 24101.037109375,
  "Z1031001|4": 32239.46484375,
  "Z1031001|5": 44245.80078125,
  "Z1031001|6": 34778.7265625,
  "Z1031001|7": 26593.009765625,
  "Z1031002|1": 21226.599609375,
  "Z1031002|2": 27737.470703125,
  "Z1031002|3": 33640.83984375,
  "Z1031002|4": 63961.57421875,
  "Z1031002|5": 78398.15625,
  "Z1031002|6": 56775.265625,
  "Z1031002|7": 41162.53515625,
  "Z1119001|1": 30814.365234375,
  "Z1119001|2": 51119.109375,
  "Z1119001|3": 54293.375,
  "Z1119001|4": 133515.96875,
  "Z1119001|5": 146547.40625,
  "Z1119001|6": 144200.828125,
  "Z1119001|7": 79175.0,
  "Z1169001|1": 42951.0234375,
  "Z1169001|2": 44585.30859375,
  "Z1169001|3": 29871.203125,
  "Z1169001|4": 132749.09375,
  "Z1169001|5": 148066.59375,
  "Z1169001|6": 0.0,
  "Z1169001|7": 0.0,
  "Z1367001|1": 67370.2265625,
  "Z1367001|2": 76665.125,
  "Z1367001|3": 65013.8359375,
  "Z1367001|4": 143315.578125,
  "Z1367001|5": 191524.265625,
  "Z1367001|6": 0.0,
  "Z1367001|7": 0.0,
  "Z1524001|1": 21636.609375,
  "Z1524001|2": 26117.787109375,
  "Z1524001|3": 25753.126953125,
  "Z1524001|4": 54555.125,
  "Z1524001|5": 77322.453125,
  "Z1524001|6": 65480.6484375,
  "Z1524001|7": 49342.03515625,
  "Z1665001|1": 33503.8046875,
  "Z1665001|2": 54760.87109375,
  "Z1665001|3": 39695.82421875,
  "Z1665001|4": 106453.1875,
  "Z1665001|5": 137801.6875,
  "Z1665001|6": 0.0,
  "Z1665001|7": 0.0,
  "Z1769001|1": 26663.7109375,
  "Z1769001|2": 39402.04296875,
  "Z1769001|3": 27952.51953125,
  "Z1769001|4": 101716.9140625,
  "Z1769001|5": 100345.75,
  "Z1769001|6": 0.0,
  "Z1769001|7": 0.0,
  "Z1899001|1": 7194.08935546875,
  "Z1899001|2": 18399.30859375,
  "Z1899001|3": 15457.5263671875,
  "Z1899001|4": 42975.89453125,
  "Z1899001|5": 58178.2421875,
  "Z1899001|6": 42455.4765625,