{
  "Z0241002|1": 21607.904296875,
  "Z0241002|2": 96422.2265625,
  "Z0241002|3": 133011.921875,
  "Z0241002|4": 140482.609375,
  "Z0241002|5": 47625.6953125,
  "Z0241002|6": 27129.919921875,
  "Z0241002|7": 14712.677734375,
  "Z0241003|1": 12590.626953125,
  "Z0241003|2": 88614.5078125,
  "Z0241003|3": 137513.90625,
  "Z0241003|4": 134441.296875,
  "Z0241003|5": 46356.1640625,
  "Z0241003|6": 25522.67578125,
  "Z0241003|7": 12206.400390625,
  "Z0241004|1": 20323.55859375,
  "Z0241004|2": 112562.5546875,
  "Z0241004|3": 150946.9375,
  "Z0241004|4": 147556.296875,
  "Z0241004|5": 55696.01953125,
  "Z0241004|6": 27108.1171875,
  "Z0241004|7": 12658.4873046875,
  "Z0241005|1": 11436.7880859375,
  "Z0241005|2": 34056.6875,
  "Z0241005|3": 43997.70703125,
  "Z0241005|4": 57878.6796875,
  "Z0241005|5": 10199.2685546875,
  "Z0241005|6": 10589.51953125,
  "Z0241005|7": 4947.79248046875,
  "Z0241006|1": 1417.865966796875,
  "Z0241006|2": 11132.955078125,
  "Z0241006|3": 24028.21484375,
  "Z0241006|4": 21457.005859375,
  "Z0241006|5": 9814.201171875,
  "Z0241006|6": 856.1026611328125,
  "Z0241006|7": 1339.436157226562,
  "Z0241007|1": 11771.9072265625,
  "Z0241007|2": 38380.625,
  "Z0241007|3": 49278.92578125,
  "Z0241007|4": 64798.79296875,
  "Z0241007|5": 12140.8935546875,
  "Z0241007|6": 12081.705078125,
  "Z0241007|7": 6348.85595703125,
  "Z0241008|1": 4065.105712890625,
  "Z0241008|2": 10455.1220703125,
  "Z0241008|3": 11120.0302734375,
  "Z0241008|4": 10042.0185546875,
  "Z0241008|5": 4540.4619140625,
  "Z0241008|6": 4505.91943359375,
  "Z0241008|7": 2990.486572265625,
  "Z0276001|1": 12205.259765625,
  "Z0276001|2": 57120.41015625,
  "Z0276001|3": 77906.390625,
  "Z0276001|4": 96774.234375,
  "Z0276001|5": 37102.5234375,
  "Z0276001|6": 18636.6875,
  "Z0276001|7": 11509.0517578125,
  "Z0276002|1": 11352.671875,
  "Z0276002|2": 42930.7109375,
  "Z0276002|3": 27349.3359375,
  "Z0276002|4": 55589.0390625,
  "Z0276002|5": 14943.044921875,
  "Z0276002|6": 9736.8994140625,
  "Z0276002|7": 5188.60986328125,
  "Z0276003|1": 3675.210205078125,
  "Z0276003|2": 12571.8955078125,
  "Z0276003|3": 15054.1640625,
  "Z0276003|4": 18225.7421875,
  "Z0276003|5": 7479.603515625,
  "Z0276003|6": 4494.69384765625,
  "Z0276003|7": 3914.6123046875,
  "Z0283001|2": 74437.21875,
  "Z0283001|3": 59021.26953125,
  "Z0283001|4": 58527.78515625,
  "Z0283001|5": 34063.96484375,
  "Z0283001|6": 0.0,
  "Z0283001|7": 0.0,
  "Z0284001|2": 139523.6875,
  "Z0284001|3": 308468.0,
  "Z0284001|4": 341161.1875,
  "Z0284001|5": 196062.046875,
  "Z0284001|6": 0.0,
  "Z0284001|7": 0.0,
  "Z0386001|1": 269.4267578125,
  "Z0386001|2": 75230.1796875,
  "Z0386001|3": 128696.34375,
  "Z0386001|4": 137438.265625,
  "Z0386001|5": 47726.26953125,
  "Z0386001|6": 25645.552734375,
  "Z0386001|7": 13270.6611328125,
  "Z0386002|1": 10020.9404296875,
  "Z0386002|2": 81976.9921875,
  "Z0386002|3": 131925.84375,
  "Z0386002|4": 138595.5,
  "Z0386002|5": 48043.15625,
  "Z0386002|6": 26789.451171875,
  "Z0386002|7": 12990.625,
  "Z0386003|1": 21080.73828125,
  "Z0386003|2": 80546.109375,
  "Z0386003|3": 127320.15625,
  "Z0386003|4": 134893.234375,
  "Z0386003|5": 49693.33984375,
  "Z0386003|6": 28621.177734375,
  "Z0386003|7": 18077.5546875,
  "Z0386004|1": 11609.6298828125,
  "Z0386004|2": 26110.291015625,
  "Z0386004|3": 26715.791015625,
  "Z0386004|4": 32365.55859375,
  "Z0386004|5": 13252.5234375,
  "Z0386004|6": 4972.9169921875,
  "Z0386004|7": 2760.65771484375,
  "Z0386005|1": 1946.518432617188,
  "Z0386005|2": 8295.40625,
  "Z0386005|3": 8308.5107421875,
  "Z0386005|4": 7775.8388671875,
  "Z0386005|5": 1873.660522460938,
  "Z0386005|6": 2965.8369140625,
  "Z0386005|7": 2741.683837890625,
  "Z0386006|1": 2454.60400390625,
  "Z0386006|2": 17841.1015625,
  "Z0386006|3": 18258.728515625,
  "Z0386006|4": 19221.0703125,
  "Z0386006|5": 10448.2333984375,
  "Z0386006|6": 4573.2275390625,
  "Z0386006|7": 2778.572021484375,
  "Z0386007|1": 13404.314453125,
  "Z0386007|2": 30252.251953125,
  "Z0386007|3": 45818.79296875,
  "Z0386007|4": 47845.9453125,
  "Z0386007|5": 14041.80859375,
  "Z0386007|6": 5993.9072265625,
  "Z0386007|7": 4175.408203125,
  "Z0646001|1": 9994.6630859375,
  "Z0646001|2": 144977.84375,
  "Z0646001|3": 176598.921875,
  "Z0646001|4": 172773.234375,
  "Z0646001|5": 68103.1015625,
  "Z0646001|6": 35093.05078125,
  "Z0646001|7": 14491.5419921875,
  "Z0646002|1": 14708.2021484375,
  "Z0646002|2": 130218.8515625,
  "Z0646002|3": 174851.53125,
  "Z0646002|4": 169293.859375,
  "Z0646002|5": 69552.9140625,
  "Z0646002|6": 35392.96484375,
  "Z0646002|7": 18529.958984375,
  "Z0646003|1": 4595.1435546875,
  "Z0646003|2": 11103.0947265625,
  "Z0646003|3": 12278.6650390625,
  "Z0646003|4": 11494.1435546875,
  "Z0646003|5": 4796.22509765625,
  "Z0646003|6": 2685.861572265625,
  "Z0646003|7": 176.0506744384766,
  "Z0646004|1": 4498.0478515625,
  "Z0646004|2": 10046.0224609375,
  "Z0646004|3": 10882.4140625,
  "Z0646004|4": 13800.5673828125,
  "Z0646004|5": 5997.7275390625,
  "Z0646004|6": 2797.906494140625,
  "Z0646004|7": 2019.762817382812,
  "Z0899001|2": 254483.875,
  "Z0899001|3": 259184.578125,
  "Z0899001|4": 312372.71875,
  "Z0899001|5": 148739.984375,
  "Z0899001|6": 0.0,
  "Z0899001|7": 0.0,
  "Z0908001|2": 211228.84375,
  "Z0908001|3": 169394.96875,
  "Z0908001|4": 153037.6875,
  "Z0908001|5": 53948.5390625,
  "Z0908001|6": 0.0,
  "Z0908001|7": 0.0,
  "Z0951001|1": 317.2339782714844,
  "Z0951001|2": 74965.40625,
  "Z0951001|3": 162226.921875,
  "Z0951001|4": 173597.890625,
  "Z0951001|5": 68674.5703125,
  "Z0951001|6": 31910.47265625,
  "Z0951001|7": 18811.4765625,
  "Z0951002|1": 115.5891265869141,
  "Z0951002|2": 117994.5234375,
  "Z0951002|3": 146637.578125,
  "Z0951002|4": 147542.078125,
  "Z0951002|5": 62045.640625,
  "Z0951002|6": 29477.40625,
  "Z0951002|7": 13145.2705078125,
  "Z0972001|2": 148777.71875,
  "Z0972001|3": 119171.328125,
  "Z0972001|4": 148095.53125,
  "Z0972001|5": 44195.65625,
  "Z0972001|6": 0.0,
  "Z0972001|7": 0.0,
  "Z1031001|1": 11325.9267578125,
  "Z1031001|2": 60171.14453125,
  "Z1031001|3": 69281.953125,
  "Z1031001|4": 81713.640625,
  "Z1031001|5": 19530.515625,
  "Z1031001|6": 9586.484375,
  "Z1031001|7": 5262.578125,
  "Z1031002|1": 12376.8056640625,
  "Z1031002|2": 79753.0,
  "Z1031002|3": 113857.2734375,
  "Z1031002|4": 121835.109375,
  "Z1031002|5": 40648.640625,
  "Z1031002|6": 16594.3046875,
  "Z1031002|7": 6963.056640625,
  "Z1119001|1": 36568.58984375,
  "Z1119001|2": 213781.546875,
  "Z1119001|3": 236976.84375,
  "Z1119001|4": 233299.28125,
  "Z1119001|5": 95651.0546875,
  "Z1119001|6": 11552.205078125,
  "Z1119001|7": 23990.84375,
  "Z1169001|2": 152481.46875,
  "Z1169001|3": 148118.0,
  "Z1169001|4": 198611.6875,
  "Z1169001|5": 60454.2578125,
  "Z1169001|6": 0.0,
  "Z1169001|7": 0.0,
  "Z1367001|2": 284945.5,
  "Z1367001|3": 235420.765625,
  "Z1367001|4": 277131.0625,
  "Z1367001|5": 120274.1640625,
  "Z1367001|6": 0.0,
  "Z1367001|7": 0.0,
  "Z1524001|1": 13987.71484375,
  "Z1524001|2": 89566.609375,
  "Z1524001|3": 101517.5703125,
  "Z1524001|4": 111473.21875,
  "Z1524001|5": 40076.328125,
  "Z1524001|6": 25059.982421875,
  "Z1524001|7": 9964.4521484375,
  "Z1665001|2": 156770.171875,
  "Z1665001|3": 135955.765625,
  "Z1665001|4": 124661.34375,
  "Z1665001|5": 61691.2109375,
  "Z1665001|6": 0.0,
  "Z1665001|7": 0.0,
  "Z1769001|2": 167868.78125,
  "Z1769001|3": 153445.875,
  "Z1769001|4": 187252.53125,
  "Z1769001|5": 51070.8203125,
  "Z1769001|6": 0.0,
  "Z1769001|7": 0.0,
  "Z1899001|1": 13068.3671875,
  "Z1899001|2": 73706.6484375,
  "Z1899001|3": 95036.203125,
  "Z1899001|4": 111530.9609375,
  "Z1899001|5": 24497.380859375,
  "Z1899001|6": 10650.5361328125,
  "Z1899001|7": 3721.94384765625,
  "Z1899002|1": 13179.880859375,
  "Z1899002|2": 74222.4296875,
  "Z1899002|3": 111733.8828125,
  "Z1899002|4": 138337.59375,
  "Z1899002|5": 34575.140625,
  "Z1899002|6": 14085.6435546875,
  "Z1899002|7": 6615.900390625,
  "Z2011001|2": 107719.640625,