{
  "Z0241002|1": 128512.1015625,
  "Z0241002|2": 48890.859375,
  "Z0241002|3": 45592.04296875,
  "Z0241002|4": 40559.68359375,
  "Z0241002|5": 23731.8671875,
  "Z0241002|6": 12298.5009765625,
  "Z0241002|7": 12970.787109375,
  "Z0241003|1": 118963.5078125,
  "Z0241003|2": 31407.712890625,
  "Z0241003|3": 25682.142578125,
  "Z0241003|4": 31917.2734375,
  "Z0241003|5": 21633.544921875,
  "Z0241003|6": 10718.6982421875,
  "Z0241003|7": 7902.365234375,
  "Z0241004|1": 122030.09375,
  "Z0241004|2": 46338.26171875,
  "Z0241004|3": 48049.75390625,
  "Z0241004|4": 34319.3046875,
  "Z0241004|5": 24100.111328125,
  "Z0241004|6": 7639.6201171875,
  "Z0241004|7": 2147.052490234375,
  "Z0241005|1": 28738.935546875,
  "Z0241005|2": 19193.375,
  "Z0241005|3": 26571.51171875,
  "Z0241005|4": 27907.267578125,
  "Z0241005|5": 20912.99609375,
  "Z0241005|6": 10055.2861328125,
  "Z0241005|7": 4230.9462890625,
  "Z0241006|1": 14266.7890625,
  "Z0241006|2": 17432.791015625,
  "Z0241006|3": 40616.859375,
  "Z0241006|4": 46328.44921875,
  "Z0241006|5": 38101.359375,
  "Z0241006|6": 4628.83935546875,
  "Z0241006|7": 1410.98486328125,
  "Z0241007|1": 81366.6171875,
  "Z0241007|2": 47364.203125,
  "Z0241007|3": 32545.65625,
  "Z0241007|4": 26985.412109375,
  "Z0241007|5": 26727.234375,
  "Z0241007|6": 7352.7080078125,
  "Z0241007|7": 5797.4560546875,
  "Z0241008|1": 0.7198813557624817,
  "Z0241008|2": 0.6577608585357666,
  "Z0241008|3": 0.6877182126045227,
  "Z0241008|4": 0.6436070799827576,
  "Z0241008|5": 0.6434006094932556,
  "Z0241008|6": 0.004968948196619749,
  "Z0241008|7": 0.004746648948639631,
  "Z0276001|1": 138030.0,
  "Z0276001|2": 52063.875,
  "Z0276001|3": 53047.640625,
  "Z0276001|4": 43047.921875,
  "Z0276001|5": 36169.875,
  "Z0276001|6": 16242.521484375,
  "Z0276001|7": 14282.0771484375,
  "Z0276002|1": 89958.9921875,
  "Z0276002|2": 44945.28515625,
  "Z0276002|3": 33160.9765625,
  "Z0276002|4": 29799.8203125,
  "Z0276002|5": 29699.267578125,
  "Z0276002|6": 13037.2529296875,
  "Z0276002|7": 6153.40087890625,
  "Z0276003|1": 5844.4228515625,
  "Z0276003|2": 7821.7236328125,
  "Z0276003|3": 8145.73828125,
  "Z0276003|4": 6211.119140625,
  "Z0276003|5": 2081.876708984375,
  "Z0276003|6": 1084.33447265625,
  "Z0276003|7": 1071.320190429688,
  "Z0283001|1": 38821.08203125,
  "Z0283001|2": 36242.28515625,
  "Z0283001|3": 23568.228515625,
  "Z0283001|4": 12187.3388671875,
  "Z0283001|5": 21403.162109375,
  "Z0283001|6": 0.0,
  "Z0283001|7": 0.0,
  "Z0284001|1": 128157.65625,
  "Z0284001|2": 63190.18359375,
  "Z0284001|3": 57195.7578125,
  "Z0284001|4": 35783.12109375,
  "Z0284001|5": 22834.474609375,
  "Z0284001|6": 0.0,
  "Z0284001|7": 0.0,
  "Z0386001|1": 115231.7890625,
  "Z0386001|2": 44149.6953125,
  "Z0386001|3": 44261.625,
  "Z0386001|4": 23463.0234375,
  "Z0386001|5": 24581.091796875,
  "Z0386001|6": 11239.0009765625,
  "Z0386001|7": 9448.42578125,
  "Z0386002|1": 114747.953125,
  "Z0386002|2": 49109.046875,
  "Z0386002|3": 48912.54296875,
  "Z0386002|4": 31317.173828125,
  "Z0386002|5": 25122.748046875,
  "Z0386002|6": 14726.7900390625,
  "Z0386002|7": 9502.515625,
  "Z0386003|1": 93200.296875,
  "Z0386003|2": 42428.1484375,
  "Z0386003|3": 46033.98046875,
  "Z0386003|4": 29382.9375,
  "Z0386003|5": 23089.86328125,
  "Z0386003|6": 14461.1826171875,
  "Z0386003|7": 9487.1201171875,
  "Z0386004|1": 14161.8056640625,
  "Z0386004|2": 7710.0625,
  "Z0386004|3": 9356.015625,
  "Z0386004|4": 5644.11962890625,
  "Z0386004|5": 2908.055419921875,
  "Z0386004|6": 3377.803955078125,
  "Z0386004|7": 3420.287841796875,
  "Z0386005|1": 1058.146484375,
  "Z0386005|2": 5328.77001953125,
  "Z0386005|3": 1991.951049804688,
  "Z0386005|4": 1809.141357421875,
  "Z0386005|5": 486.2659606933594,
  "Z0386005|6": 250.0625,
  "Z0386005|7": 634.2456665039062,
  "Z0386006|1": 6722.2900390625,
  "Z0386006|2": 4603.4541015625,
  "Z0386006|3": 2283.851806640625,
  "Z0386006|4": 1942.996337890625,
  "Z0386006|5": 1998.368530273438,
  "Z0386006|6": 2080.157958984375,
  "Z0386006|7": 2412.728759765625,
  "Z0386007|1": 0.1398153454065323,
  "Z0386007|2": 0.07119854539632797,
  "Z0386007|3": 0.09526825696229935,
  "Z0386007|4": 0.04983799159526825,
  "Z0386007|5": 0.05678944289684296,
  "Z0386007|6": 0.0,
  "Z0386007|7": 0.0,
  "Z0646001|1": 123550.78125,
  "Z0646001|2": 59322.85546875,
  "Z0646001|3": 59647.80859375,
  "Z0646001|4": 46030.1171875,
  "Z0646001|5": 26832.1015625,
  "Z0646001|6": 14378.6787109375,
  "Z0646001|7": 10397.0341796875,
  "Z0646002|1": 134946.359375,
  "Z0646002|2": 61448.4296875,
  "Z0646002|3": 61547.48828125,
  "Z0646002|4": 34028.390625,
  "Z0646002|5": 30079.7578125,
  "Z0646002|6": 16386.68359375,
  "Z0646002|7": 13300.5234375,
  "Z0646003|1": 0.1657717376947403,
  "Z0646003|2": 0.07440108805894852,
  "Z0646003|3": 0.0977851152420044,
  "Z0646003|4": 0.0640830248594284,
  "Z0646003|5": 0.06567011028528214,
  "Z0646003|6": 0.006192624568939209,
  "Z0646003|7": 0.00363643653690815,
  "Z0646004|1": 0.1690527498722076,
  "Z0646004|2": 0.07381323724985123,
  "Z0646004|3": 0.09704092890024185,
  "Z0646004|4": 0.0633605495095253,
  "Z0646004|5": 0.06524401903152466,
  "Z0646004|6": 0.006057184655219316,
  "Z0646004|7": 0.003108019009232521,
  "Z0899001|1": 195099.78125,
  "Z0899001|2": 86952.890625,
  "Z0899001|3": 98370.96875,
  "Z0899001|4": 48916.6484375,
  "Z0899001|5": 54169.2578125,
  "Z0899001|6": 0.0,
  "Z0899001|7": 0.0,
  "Z0908001|1": 187978.421875,
  "Z0908001|2": 80874.8984375,
  "Z0908001|3": 82027.953125,
  "Z0908001|4": 35491.75,
  "Z0908001|5": 25576.330078125,
  "Z0908001|6": 0.0,
  "Z0908001|7": 0.0,
  "Z0951001|1": 101305.828125,
  "Z0951001|2": 57704.96875,
  "Z0951001|3": 68220.3359375,
  "Z0951001|4": 58158.671875,
  "Z0951001|5": 49039.125,
  "Z0951001|6": 33918.45703125,
  "Z0951001|7": 25146.072265625,
  "Z0951002|1": 103643.6875,
  "Z0951002|2": 70290.5234375,
  "Z0951002|3": 63859.3203125,
  "Z0951002|4": 52162.73046875,
  "Z0951002|5": 36494.1953125,
  "Z0951002|6": 34215.0234375,
  "Z0951002|7": 19143.412109375,
  "Z0972001|1": 136074.171875,
  "Z0972001|2": 47922.1640625,
  "Z0972001|3": 82027.953125,
  "Z0972001|4": 22694.978515625,
  "Z0972001|5": 20997.076171875,
  "Z0972001|6": 0.0,
  "Z0972001|7": 0.0,
  "Z1031001|1": 50219.171875,
  "Z1031001|2": 32578.138671875,
  "Z1031001|3": 21270.322265625,
  "Z1031001|4": 15727.33203125,
  "Z1031001|5": 11971.0673828125,
  "Z1031001|6": 206.5438537597656,
  "Z1031001|7": 3869.768310546875,
  "Z1031002|1": 86724.0625,
  "Z1031002|2": 32786.72265625,
  "Z1031002|3": 29738.720703125,
  "Z1031002|4": 18104.7109375,
  "Z1031002|5": 20873.125,
  "Z1031002|6": 13095.076171875,
  "Z1031002|7": 9502.244140625,
  "Z1119001|1": 111449.6953125,
  "Z1119001|2": 39389.0703125,
  "Z1119001|3": 53578.55859375,
  "Z1119001|4": 27070.0390625,
  "Z1119001|5": 24495.134765625,
  "Z1119001|6": 14434.8359375,
  "Z1119001|7": 7201.61328125,
  "Z1169001|1": 89608.015625,
  "Z1169001|2": 59137.6875,
  "Z1169001|3": 78688.0078125,
  "Z1169001|4": 38135.4609375,
  "Z1169001|5": 19232.919921875,
  "Z1169001|6": 0.0,
  "Z1169001|7": 0.0,
  "Z1367001|1": 155833.75,
  "Z1367001|2": 103528.0078125,
  "Z1367001|3": 102564.25,
  "Z1367001|4": 63847.140625,
  "Z1367001|5": 38232.25390625,
  "Z1367001|6": 0.0,
  "Z1367001|7": 0.0,
  "Z1524001|1": 171000.71875,
  "Z1524001|2": 51779.3984375,
  "Z1524001|3": 45728.8203125,
  "Z1524001|4": 28253.23828125,
  "Z1524001|5": 20063.80078125,
  "Z1524001|6": 13282.0791015625,
  "Z1524001|7": 11348.1142578125,
  "Z1665001|1": 119252.0234375,
  "Z1665001|2": 72057.0859375,
  "Z1665001|3": 61618.55078125,
  "Z1665001|4": 37743.52734375,
  "Z1665001|5": 40805.39453125,
  "Z1665001|6": 0.0,
  "Z1665001|7": 0.0,
  "Z1769001|1": 221335.171875,
  "Z1769001|2": 137538.15625,
  "Z1769001|3": 120961.4453125,
  "Z1769001|4": 59601.1796875,
  "Z1769001|5": 60084.6875,
  "Z1769001|6": 0.0,
  "Z1769001|7": 0.0,
  "Z1899001|1": 98456.1875,
  "Z1899001|2": 36420.65625,
  "Z1899001|3": 42443.08203125,