{
  "Z0241002|1": 43015.42578125,
  "Z0241003|1": 34016.7265625,
  "Z0241004|1": 37513.296875,
  "Z0241005|1": 10960.705078125,
  "Z0241006|1": 32142.083984375,
  "Z0241007|1": 13252.8896484375,
  "Z0241008|1": 4688.1552734375,
  "Z0276001|1": 26289.5234375,
  "Z0276002|1": 28804.482421875,
  "Z0276003|1": 7802.7109375,
  "Z0283001|1": 15084.662109375,
  "Z0284001|1": 42038.1875,
  "Z0386001|1": 28581.76171875,
  "Z0386002|1": 28473.994140625,
  "Z0386003|1": 29815.333984375,
  "Z0386004|1": 7512.52099609375,
  "Z0386005|1": 106.1525421142578,
  "Z0386006|1": 4934.8779296875,
  "Z0386007|1": 14617.3037109375,
  "Z0646001|1": 45148.96875,
  "Z0646002|1": 48539.44140625,
  "Z0646003|1": 1750.063232421875,
  "Z0646004|1": 2513.31640625,
  "Z0899001|1": 83571.3046875,
  "Z0908001|1": 45570.69921875,
  "Z0951001|1": 54552.62890625,
  "Z0951002|1": 47467.2578125,
  "Z0972001|1": 47734.828125,
  "Z1031001|1": 12411.736328125,
  "Z1031002|1": 28541.611328125,
  "Z1119001|1": 66782.734375,
  "Z1169001|1": 58776.8671875,
  "Z1367001|1": 75416.09375,
  "Z1524001|1": 37603.9921875,
  "Z1665001|1": 42120.6171875,
  "Z1769001|1": 43947.46484375,
  "Z1899001|1": 12165.1767578125,
  "Z1899002|1": 25032.03515625,
  "Z2011001|1": 21441.6015625,
  "Z2135001|1": 49678.98046875,
  "Z2135002|1": 41852.25390625,
  "Z2136001|1": 26819.12890625,
  "Z0241002|2": 77146.3359375,
  "Z0241003|2": 57912.6953125,
  "Z0241004|2": 68883.09375,
  "Z0241005|2": 29431.310546875,
  "Z0241006|2": 37680.92578125,
  "Z0241007|2": 33925.52734375,
  "Z0241008|2": 4573.9951171875,
  "Z0276001|2": 68957.828125,
  "Z0276002|2": 76067.2734375,
  "Z0276003|2": 19289.181640625,
  "Z0283001|2": 49412.296875,
  "Z0284001|2": 125027.8125,
  "Z0386001|2": 48526.94140625,
  "Z0386002|2": 49983.37109375,
  "Z0386003|2": 67735.640625,
  "Z0386004|2": 10482.2802734375,
  "Z0386005|2": 1889.8408203125,
  "Z0386006|2": 13232.87109375,
  "Z0386007|2": 16103.1826171875,
  "Z0646001|2": 72710.15625,
  "Z0646002|2": 107445.390625,
  "Z0646003|2": 2063.5361328125,
  "Z0646004|2": 6005.46142578125,
  "Z0899001|2": 119654.875,
  "Z0908001|2": 98220.8203125,
  "Z0951001|2": 113788.453125,
  "Z0951002|2": 97457.6640625,
  "Z0972001|2": 73944.5546875,
  "Z1031001|2": 25620.91015625,
  "Z1031002|2": 45372.5625,
  "Z1119001|2": 68664.421875,
  "Z1169001|2": 59889.9296875,
  "Z1367001|2": 89380.0859375,
  "Z1524001|2": 52892.80078125,
  "Z1665001|2": 79569.1484375,
  "Z1769001|2": 95575.1015625,
  "Z1899001|2": 74533.828125,
  "Z1899002|2": 72411.96875,
  "Z2011001|2": 34466.03515625,
  "Z2135001|2": 85182.40625,
  "Z2135002|2": 85234.8203125,
  "Z2136001|2": 7949.47216796875,
  "Z0241002|3": 89085.125,
  "Z0241003|3": 81461.4609375,
  "Z0241004|3": 109531.984375,
  "Z0241005|3": 30456.75,
  "Z0241006|3": 46206.9296875,
  "Z0241007|3": 46411.19140625,
  "Z0241008|3": 6727.57958984375,
  "Z0276001|3": 70959.3828125,
  "Z0276002|3": 66725.1171875,
  "Z0276003|3": 34186.0078125,
  "Z0283001|3": 32084.474609375,
  "Z0284001|3": 118252.71875,
  "Z0386001|3": 68345.015625,
  "Z0386002|3": 62989.4453125,
  "Z0386003|3": 73519.9765625,
  "Z0386004|3": 12688.4521484375,
  "Z0386005|3": 6455.1103515625,
  "Z0386006|3": 17378.0625,
  "Z0386007|3": 23524.87109375,
  "Z0646001|3": 104493.8828125,
  "Z0646002|3": 113109.859375,
  "Z0646003|3": 931.517822265625,
  "Z0646004|3": 5839.0234375,
  "Z0899001|3": 152409.5,
  "Z0908001|3": 52958.5703125,
  "Z0951001|3": 129660.8359375,
  "Z0951002|3": 132861.3125,
  "Z0972001|3": 93840.171875,
  "Z1031001|3": 29685.5546875,
  "Z1031002|3": 50129.40234375,
  "Z1119001|3": 54195.2890625,
  "Z1169001|3": 60593.59375,
  "Z1367001|3": 112932.9765625,
  "Z1524001|3": 103210.2109375,
  "Z1665001|3": 118532.8515625,
  "Z1769001|3": 127183.875,
  "Z1899001|3": 68635.3515625,
  "Z1899002|3": 89401.3125,
  "Z2011001|3": 35042.18359375,
  "Z2135001|3": 158581.234375,
  "Z2135002|3": 76096.953125,
  "Z2136001|3": 7026.08154296875,
  "Z0241002|4": 109371.65625,
  "Z0241003|4": 65839.8984375,
  "Z0241004|4": 97646.703125,
  "Z0241005|4": 26443.138671875,
  "Z0241006|4": 43212.08984375,
  "Z0241007|4": 32310.69140625,
  "Z0241008|4": 24515.42578125,
  "Z0276001|4": 84207.8203125,
  "Z0276002|4": 62620.484375,
  "Z0276003|4": 39389.8671875,
  "Z0283001|4": 34537.96484375,
  "Z0284001|4": 85437.6328125,
  "Z0386001|4": 64746.34765625,
  "Z0386002|4": 57358.25,
  "Z0386003|4": 69665.5703125,
  "Z0386004|4": 8415.3896484375,
  "Z0386005|4": 4330.68798828125,
  "Z0386006|4": 10889.205078125,
  "Z0386007|4": 26759.5234375,
  "Z0646001|4": 120452.546875,
  "Z0646002|4": 159899.5625,
  "Z0646003|4": 4.273919582366943,
  "Z0646004|4": 7292.99609375,
  "Z0899001|4": 141964.375,
  "Z0908001|4": 79148.953125,
  "Z0951001|4": 120056.5390625,
  "Z0951002|4": 104305.109375,
  "Z0972001|4": 56688.05078125,
  "Z1031001|4": 27237.27734375,
  "Z1031002|4": 48947.02734375,
  "Z1119001|4": 68823.140625,
  "Z1169001|4": 74091.03125,
  "Z1367001|4": 143274.453125,
  "Z1524001|4": 116247.3984375,
  "Z1665001|4": 84855.5703125,
  "Z1769001|4": 149642.328125,
  "Z1899001|4": 62194.046875,
  "Z1899002|4": 59257.64453125,
  "Z2011001|4": 54468.98046875,
  "Z2135001|4": 134182.296875,
  "Z2135002|4": 110965.15625,
  "Z2136001|4": 4998.759765625,
  "Z0241002|5": 122979.0078125,
  "Z0241003|5": 81989.9765625,
  "Z0241004|5": 142650.96875,
  "Z0241005|5": 34090.83984375,
  "Z0241006|5": 38449.79296875,
  "Z0241007|5": 42850.578125,
  "Z0241008|5": 17860.185546875,
  "Z0276001|5": 79307.3203125,
  "Z0276002|5": 77731.390625,
  "Z0276003|5": 26919.505859375,
  "Z0283001|5": 65257.03125,
  "Z0284001|5": 121736.96875,
  "Z0386001|5": 72019.8203125,
  "Z0386002|5": 65533.50390625,
  "Z0386003|5": 79084.2890625,
  "Z0386004|5": 7912.9345703125,
  "Z0386005|5": 5392.11474609375,
  "Z0386006|5": 6300.541015625,
  "Z0386007|5": 26054.5703125,
  "Z0646001|5": 178173.71875,
  "Z0646002|5": 180883.109375,
  "Z0646003|5": 1455.860473632812,
  "Z0646004|5": 6262.12451171875,
  "Z0899001|5": 140968.3125,
  "Z0908001|5": 102494.3671875,
  "Z0951001|5": 139533.0,
  "Z0951002|5": 74976.484375,
  "Z0972001|5": 94098.265625,
  "Z1031001|5": 31716.626953125,
  "Z1031002|5": 60255.84765625,
  "Z1119001|5": 90181.1640625,
  "Z1169001|5": 75560.2890625,
  "Z1367001|5": 169773.578125,
  "Z1524001|5": 155551.65625,
  "Z1665001|5": 104613.8359375,
  "Z1769001|5": 125664.84375,
  "Z1899001|5": 69224.2265625,
  "Z1899002|5": 98676.5546875,
  "Z2011001|5": 44750.6796875,
  "Z2135001|5": 192663.203125,
  "Z2135002|5": 151461.734375,
  "Z2136001|5": 7995.62158203125,
  "Z0241002|6": 183171.234375,
  "Z0241003|6": 73262.6171875,
  "Z0241004|6": 135118.296875,
  "Z0241005|6": 43766.90234375,
  "Z0241006|6": 2238.293701171875,
  "Z0241007|6": 47547.2265625,
  "Z0241008|6": 19738.125,
  "Z0276001|6": 89816.3828125,
  "Z0276002|6": 40531.46484375,
  "Z0276003|6": 23016.65625,
  "Z0386001|6": 59677.37890625,
  "Z0386002|6": 53751.07421875,
  "Z0386003|6": 66318.7109375,
  "Z0386004|6": 5852.95849609375,
  "Z0386005|6": 3879.560302734375,
  "Z0386006|6": 4194.4140625,
  "Z0386007|6": 24787.86328125,
  "Z0646001|6": 145252.140625,
  "Z0646002|6": 133480.953125,
  "Z0646003|6": 1885.236450195312,
  "Z0646004|6": 4976.36669921875,
  "Z0951001|6": 70611.1875,
  "Z0951002|6": 45375.0703125,
  "Z1031001|6": 38480.53515625,
  "Z1031002|6": 50759.80859375,
  "Z1119001|6": 71416.90625,
  "Z1524001|6": 148116.4375,
  "Z1899001|6": 43945.875,
  "Z1899002|6": 74325.78125,
  "Z2135001|6": 129080.953125,
  "Z2135002|6": 101981.9921875,
  "Z0241002|7": 2762.218505859375,
  "Z0241003|7": 295.1799011230469,
  "Z0241004|7": 8494.1259765625,
  "Z0241005|7": 19450.6015625,
  "Z0241006|7": 1771.971923828125,
  "Z0241007|7": 20092.154296875,
  "Z0241008|7": 8350.2587890625,
  "Z0276001|7": 27615.83984375,
  "Z0276002|7": 11307.0712890625,
  "Z0276003|7": 12060.44140625,
  "Z0386001|7": 26830.080078125,
  "Z0386002|7": 25857.279296875,
  "Z0386003|7": 26394.888671875,