{
  "Z0241002|1": 21.60336875915527,
  "Z0241002|2": 79151.2890625,
  "Z0241002|3": 87131.3984375,
  "Z0241002|4": 67571.4375,
  "Z0241002|5": 67811.0703125,
  "Z0241002|6": 21931.8515625,
  "Z0241002|7": 24608.916015625,
  "Z0241003|1": 131.6311950683594,
  "Z0241003|2": 37985.48828125,
  "Z0241003|3": 30123.271484375,
  "Z0241003|4": 17151.134765625,
  "Z0241003|5": 20095.833984375,
  "Z0241003|6": 8926.9912109375,
  "Z0241003|7": 13823.7529296875,
  "Z0241004|1": 198.1306304931641,
  "Z0241004|2": 13244.1083984375,
  "Z0241004|3": 30456.57421875,
  "Z0241004|4": 16268.248046875,
  "Z0241004|5": 15730.8203125,
  "Z0241004|6": 7902.5185546875,
  "Z0241004|7": 3965.86474609375,
  "Z0241005|1": 380.5922546386719,
  "Z0241005|2": 23368.453125,
  "Z0241005|3": 19513.701171875,
  "Z0241005|4": 14522.5205078125,
  "Z0241005|5": 11234.693359375,
  "Z0241005|6": 7280.5625,
  "Z0241005|7": 6596.1220703125,
  "Z0241006|1": 27347.953125,
  "Z0241006|2": 21052.369140625,
  "Z0241006|3": 14286.626953125,
  "Z0241006|4": 7003.82763671875,
  "Z0241006|5": 4877.91748046875,
  "Z0241006|6": 185.8621978759766,
  "Z0241006|7": 340.2789611816406,
  "Z0241007|1": 263.8416442871094,
  "Z0241007|2": 21926.142578125,
  "Z0241007|3": 17952.64453125,
  "Z0241007|4": 16061.876953125,
  "Z0241007|5": 11706.77734375,
  "Z0241007|6": 6433.44970703125,
  "Z0241007|7": 9358.4892578125,
  "Z0241008|1": 346.4788208007812,
  "Z0241008|2": 11020.43359375,
  "Z0241008|3": 8906.818359375,
  "Z0241008|4": 5110.2626953125,
  "Z0241008|5": 5070.87353515625,
  "Z0241008|6": 1365.415771484375,
  "Z0241008|7": 56.08456420898438,
  "Z0276001|1": 60750.8671875,
  "Z0276001|2": 39526.20703125,
  "Z0276001|3": 33081.16796875,
  "Z0276001|4": 34228.3203125,
  "Z0276001|5": 30186.052734375,
  "Z0276001|6": 23350.763671875,
  "Z0276001|7": 17681.3125,
  "Z0276002|1": 37794.33203125,
  "Z0276002|2": 30096.853515625,
  "Z0276002|3": 27432.06640625,
  "Z0276002|4": 22959.78515625,
  "Z0276002|5": 23995.6953125,
  "Z0276002|6": 15386.1025390625,
  "Z0276002|7": 11233.900390625,
  "Z0276003|1": 18744.123046875,
  "Z0276003|2": 15708.0771484375,
  "Z0276003|3": 16132.0517578125,
  "Z0276003|4": 12849.607421875,
  "Z0276003|5": 10750.3271484375,
  "Z0276003|6": 16521.41015625,
  "Z0276003|7": 10105.9130859375,
  "Z0283001|1": 23054.1796875,
  "Z0283001|2": 37246.890625,
  "Z0283001|3": 18984.71875,
  "Z0283001|4": 16806.08984375,
  "Z0283001|5": 18902.3515625,
  "Z0283001|6": 0.0,
  "Z0283001|7": 0.0,
  "Z0284001|1": 278667.6875,
  "Z0284001|2": 57362.19140625,
  "Z0284001|3": 39551.80859375,
  "Z0284001|4": 37581.01171875,
  "Z0284001|5": 41785.9296875,
  "Z0284001|6": 0.0,
  "Z0284001|7": 0.0,
  "Z0386001|1": 31804.134765625,
  "Z0386001|2": 29359.681640625,
  "Z0386001|3": 25791.568359375,
  "Z0386001|4": 19879.322265625,
  "Z0386001|5": 22220.376953125,
  "Z0386001|6": 18155.6171875,
  "Z0386001|7": 11896.33203125,
  "Z0386002|1": 50587.4765625,
  "Z0386002|2": 32260.6875,
  "Z0386002|3": 28833.48046875,
  "Z0386002|4": 23798.41796875,
  "Z0386002|5": 23034.9921875,
  "Z0386002|6": 14661.9833984375,
  "Z0386002|7": 10280.4267578125,
  "Z0386003|1": 25699.41796875,
  "Z0386003|2": 27147.390625,
  "Z0386003|3": 31176.060546875,
  "Z0386003|4": 28482.603515625,
  "Z0386003|5": 22606.5703125,
  "Z0386003|6": 13221.1513671875,
  "Z0386003|7": 9631.373046875,
  "Z0386004|1": 942.8591918945312,
  "Z0386004|2": 6755.203125,
  "Z0386004|3": 7936.44140625,
  "Z0386004|4": 7917.1015625,
  "Z0386004|5": 7915.49365234375,
  "Z0386004|6": 2904.7138671875,
  "Z0386004|7": 4392.07177734375,
  "Z0386005|1": 1851.259155273438,
  "Z0386005|2": 1099.91845703125,
  "Z0386005|3": 744.5476684570312,
  "Z0386005|4": 822.0515747070312,
  "Z0386005|5": 795.4970703125,
  "Z0386005|6": 644.6399536132812,
  "Z0386005|7": 1463.595336914062,
  "Z0386006|1": 6482.38818359375,
  "Z0386006|2": 6409.65380859375,
  "Z0386006|3": 4259.42138671875,
  "Z0386006|4": 4602.67578125,
  "Z0386006|5": 4593.28564453125,
  "Z0386006|6": 3493.33837890625,
  "Z0386006|7": 2218.399169921875,
  "Z0386007|1": 498.3907775878906,
  "Z0386007|2": 3840.1630859375,
  "Z0386007|3": 3949.129638671875,
  "Z0386007|4": 4486.67919921875,
  "Z0386007|5": 3040.1845703125,
  "Z0386007|6": 964.7921752929688,
  "Z0386007|7": 2674.017578125,
  "Z0646001|1": 98943.8984375,
  "Z0646001|2": 69979.203125,
  "Z0646001|3": 31059.162109375,
  "Z0646001|4": 35123.58984375,
  "Z0646001|5": 37469.03125,
  "Z0646001|6": 21530.2890625,
  "Z0646001|7": 15089.208984375,
  "Z0646002|1": 114341.609375,
  "Z0646002|2": 61355.359375,
  "Z0646002|3": 26130.59375,
  "Z0646002|4": 33805.21875,
  "Z0646002|5": 38404.4609375,
  "Z0646002|6": 21817.609375,
  "Z0646002|7": 13632.439453125,
  "Z0646003|1": 3491.5859375,
  "Z0646003|2": 2674.330078125,
  "Z0646003|3": 1614.940551757812,
  "Z0646003|4": 308.792236328125,
  "Z0646003|5": 1102.401123046875,
  "Z0646003|6": 445.9041137695312,
  "Z0646003|7": 455.5769958496094,
  "Z0646004|1": 1577.179931640625,
  "Z0646004|2": 2828.41943359375,
  "Z0646004|3": 934.528564453125,
  "Z0646004|4": 715.4468994140625,
  "Z0646004|5": 696.0408325195312,
  "Z0646004|6": 562.6398315429688,
  "Z0646004|7": 221.8048400878906,
  "Z0899001|1": 152458.5,
  "Z0899001|2": 56917.7421875,
  "Z0899001|3": 43726.05859375,
  "Z0899001|4": 90385.3046875,
  "Z0899001|5": 41959.5234375,
  "Z0899001|6": 0.0,
  "Z0899001|7": 0.0,
  "Z0908001|1": 189535.359375,
  "Z0908001|2": 126350.296875,
  "Z0908001|3": 102073.1640625,
  "Z0908001|4": 37165.703125,
  "Z0908001|5": 50959.6953125,
  "Z0908001|6": 0.0,
  "Z0908001|7": 0.0,
  "Z0951001|1": 91810.6953125,
  "Z0951001|2": 58947.0703125,
  "Z0951001|3": 49940.15234375,
  "Z0951001|4": 45253.89453125,
  "Z0951001|5": 43723.59765625,
  "Z0951001|6": 29814.822265625,
  "Z0951001|7": 31709.97265625,
  "Z0951002|1": 85317.609375,
  "Z0951002|2": 62712.76171875,
  "Z0951002|3": 57556.50390625,
  "Z0951002|4": 53233.32421875,
  "Z0951002|5": 46200.0546875,
  "Z0951002|6": 26483.166015625,
  "Z0951002|7": 31902.92578125,
  "Z0972001|1": 73207.859375,
  "Z0972001|2": 30265.81640625,
  "Z0972001|3": 39978.5625,
  "Z0972001|4": 36520.9453125,
  "Z0972001|5": 26784.111328125,
  "Z0972001|6": 0.0,
  "Z0972001|7": 0.0,
  "Z1031001|1": 33372.57421875,
  "Z1031001|2": 17438.830078125,
  "Z1031001|3": 10574.955078125,
  "Z1031001|4": 6017.9560546875,
  "Z1031001|5": 8648.609375,
  "Z1031001|6": 4085.187744140625,
  "Z1031001|7": 2828.36279296875,
  "Z1031002|1": 42233.80859375,
  "Z1031002|2": 28320.8671875,
  "Z1031002|3": 18861.4921875,
  "Z1031002|4": 17246.830078125,
  "Z1031002|5": 17711.236328125,
  "Z1031002|6": 11984.8193359375,
  "Z1031002|7": 10177.744140625,
  "Z1119001|1": 58812.0234375,
  "Z1119001|2": 45576.69921875,
  "Z1119001|3": 29649.140625,
  "Z1119001|4": 36619.89453125,
  "Z1119001|5": 34779.02734375,
  "Z1119001|6": 20054.306640625,
  "Z1119001|7": 15822.15234375,
  "Z1169001|1": 119826.0546875,
  "Z1169001|2": 64672.6640625,
  "Z1169001|3": 34268.49609375,
  "Z1169001|4": 26666.63671875,
  "Z1169001|5": 33726.546875,
  "Z1169001|6": 0.0,
  "Z1169001|7": 0.0,
  "Z1367001|1": 220940.15625,
  "Z1367001|2": 83876.0,
  "Z1367001|3": 88674.28125,
  "Z1367001|4": 58156.828125,
  "Z1367001|5": 61196.0,
  "Z1367001|6": 0.0,
  "Z1367001|7": 0.0,
  "Z1524001|1": 94510.984375,
  "Z1524001|2": 46647.7109375,
  "Z1524001|3": 13058.6494140625,
  "Z1524001|4": 22902.02734375,
  "Z1524001|5": 20596.859375,
  "Z1524001|6": 15209.158203125,
  "Z1524001|7": 13286.630859375,
  "Z1665001|1": 88289.40625,
  "Z1665001|2": 39975.7421875,
  "Z1665001|3": 37173.11328125,
  "Z1665001|4": 37569.90234375,
  "Z1665001|5": 60031.00390625,
  "Z1665001|6": 0.0,
  "Z1665001|7": 0.0,
  "Z1769001|1": 213005.96875,
  "Z1769001|2": 86641.1875,
  "Z1769001|3": 60118.08984375,
  "Z1769001|4": 46803.85546875,
  "Z1769001|5": 37755.27734375,
  "Z1769001|6": 0.0,
  "Z1769001|7": 0.0,
  "Z1899001|1": 78386.9453125,
  "Z1899001|2": 37352.29296875,