{
  "Z0241002|1": 76631.5,
  "Z0241002|2": 63245.15234375,
  "Z0241002|3": 73081.7421875,
  "Z0241002|4": 112780.7890625,
  "Z0241002|5": 54841.41015625,
  "Z0241002|6": 32941.69921875,
  "Z0241002|7": 15319.68359375,
  "Z0241003|1": 59741.5,
  "Z0241003|2": 53620.56640625,
  "Z0241003|3": 55122.62109375,
  "Z0241003|4": 133589.71875,
  "Z0241003|5": 60325.1328125,
  "Z0241003|6": 48260.04296875,
  "Z0241003|7": 18312.9140625,
  "Z0241004|1": 58831.48828125,
  "Z0241004|2": 59994.66015625,
  "Z0241004|3": 72432.625,
  "Z0241004|4": 137343.921875,
  "Z0241004|5": 48428.421875,
  "Z0241004|6": 35324.0703125,
  "Z0241004|7": 21352.486328125,
  "Z0241005|1": 20289.47265625,
  "Z0241005|2": 13558.3876953125,
  "Z0241005|3": 14053.27734375,
  "Z0241005|4": 30243.193359375,
  "Z0241005|5": 19943.73828125,
  "Z0241005|6": 15971.5673828125,
  "Z0241005|7": 14188.3837890625,
  "Z0241006|1": 16407.53515625,
  "Z0241006|2": 26880.40625,
  "Z0241006|3": 27256.48046875,
  "Z0241006|4": 21965.05078125,
  "Z0241006|5": 18044.275390625,
  "Z0241006|6": 4682.4345703125,
  "Z0241006|7": 4707.8955078125,
  "Z0241007|1": 23710.85546875,
  "Z0241007|2": 24686.888671875,
  "Z0241007|3": 34054.96484375,
  "Z0241007|4": 53228.046875,
  "Z0241007|5": 23895.919921875,
  "Z0241007|6": 18093.974609375,
  "Z0241007|7": 11379.48046875,
  "Z0241008|1": 0.0483250692486763,
  "Z0241008|2": 0.0722813531756401,
  "Z0241008|3": 0.1051537469029427,
  "Z0241008|4": 0.1440730839967728,
  "Z0241008|5": 0.07986291497945786,
  "Z0241008|6": 0.1021584644913673,
  "Z0241008|7": 0.04991741105914116,
  "Z0276001|1": 65144.359375,
  "Z0276001|2": 53011.52734375,
  "Z0276001|3": 59912.953125,
  "Z0276001|4": 83145.7578125,
  "Z0276001|5": 50797.05078125,
  "Z0276001|6": 38350.4765625,
  "Z0276001|7": 27518.51171875,
  "Z0276002|1": 44649.0078125,
  "Z0276002|2": 46121.51953125,
  "Z0276002|3": 55984.7109375,
  "Z0276002|4": 83630.546875,
  "Z0276002|5": 35426.09375,
  "Z0276002|6": 30296.802734375,
  "Z0276002|7": 18210.138671875,
  "Z0276003|1": 2114.009521484375,
  "Z0276003|2": 3084.710693359375,
  "Z0276003|3": 5192.98681640625,
  "Z0276003|4": 7593.36328125,
  "Z0276003|5": 7149.9873046875,
  "Z0276003|6": 10434.251953125,
  "Z0276003|7": 10297.580078125,
  "Z0283001|1": 48001.01953125,
  "Z0283001|2": 33605.4375,
  "Z0283001|3": 31431.25390625,
  "Z0283001|4": 36323.0234375,
  "Z0283001|5": 49617.8046875,
  "Z0283001|6": 0.0,
  "Z0283001|7": 0.0,
  "Z0284001|1": 108031.875,
  "Z0284001|2": 193439.390625,
  "Z0284001|3": 175366.375,
  "Z0284001|4": 145992.640625,
  "Z0284001|5": 169830.09375,
  "Z0284001|6": 0.0,
  "Z0284001|7": 0.0,
  "Z0386001|1": 59557.8671875,
  "Z0386001|2": 42853.84765625,
  "Z0386001|3": 47849.3203125,
  "Z0386001|4": 72849.875,
  "Z0386001|5": 29476.5078125,
  "Z0386001|6": 26047.31640625,
  "Z0386001|7": 17863.93359375,
  "Z0386002|1": 46188.515625,
  "Z0386002|2": 39889.1015625,
  "Z0386002|3": 45038.484375,
  "Z0386002|4": 79444.4140625,
  "Z0386002|5": 27943.431640625,
  "Z0386002|6": 25335.087890625,
  "Z0386002|7": 17711.947265625,
  "Z0386003|1": 63930.10546875,
  "Z0386003|2": 45553.58203125,
  "Z0386003|3": 49286.6328125,
  "Z0386003|4": 78901.6796875,
  "Z0386003|5": 30683.544921875,
  "Z0386003|6": 37268.63671875,
  "Z0386003|7": 21463.904296875,
  "Z0386004|1": 13048.353515625,
  "Z0386004|2": 11399.609375,
  "Z0386004|3": 10668.470703125,
  "Z0386004|4": 13291.509765625,
  "Z0386004|5": 12385.8154296875,
  "Z0386004|6": 7200.8173828125,
  "Z0386004|7": 5928.16259765625,
  "Z0386005|1": 432.7454223632812,
  "Z0386005|2": 477.9124755859375,
  "Z0386005|3": 502.4647827148438,
  "Z0386005|4": 1289.489624023438,
  "Z0386005|5": 1531.576171875,
  "Z0386005|6": 900.6456909179688,
  "Z0386005|7": 1382.298095703125,
  "Z0386006|1": 2226.130859375,
  "Z0386006|2": 5409.26904296875,
  "Z0386006|3": 2333.793212890625,
  "Z0386006|4": 2707.517333984375,
  "Z0386006|5": 3531.00341796875,
  "Z0386006|6": 2964.67578125,
  "Z0386006|7": 1941.011962890625,
  "Z0386007|1": 6210.8603515625,
  "Z0386007|2": 2777.221923828125,
  "Z0386007|3": 8346.1025390625,
  "Z0386007|4": 14142.287109375,
  "Z0386007|5": 14991.0224609375,
  "Z0386007|6": 8914.228515625,
  "Z0386007|7": 6744.16845703125,
  "Z0646001|1": 81172.5078125,
  "Z0646001|2": 68969.6640625,
  "Z0646001|3": 136747.546875,
  "Z0646001|4": 183173.859375,
  "Z0646001|5": 82109.8515625,
  "Z0646001|6": 36673.54296875,
  "Z0646001|7": 20085.640625,
  "Z0646002|1": 89128.296875,
  "Z0646002|2": 112527.5625,
  "Z0646002|3": 139131.984375,
  "Z0646002|4": 183135.25,
  "Z0646002|5": 82340.4765625,
  "Z0646002|6": 38299.37890625,
  "Z0646002|7": 18929.62890625,
  "Z0646003|1": 1178.683349609375,
  "Z0646003|2": 882.0665283203125,
  "Z0646003|3": 1040.522216796875,
  "Z0646003|4": 1407.914184570312,
  "Z0646003|5": 1322.698120117188,
  "Z0646003|6": 1347.16552734375,
  "Z0646003|7": 1560.61083984375,
  "Z0646004|1": 5777.021484375,
  "Z0646004|2": 3299.504150390625,
  "Z0646004|3": 4788.99267578125,
  "Z0646004|4": 4596.45458984375,
  "Z0646004|5": 8256.5615234375,
  "Z0646004|6": 4026.474365234375,
  "Z0646004|7": 1894.77197265625,
  "Z0899001|1": 155316.265625,
  "Z0899001|2": 122393.5234375,
  "Z0899001|3": 107269.0859375,
  "Z0899001|4": 190727.734375,
  "Z0899001|5": 99294.125,
  "Z0899001|6": 0.0,
  "Z0899001|7": 0.0,
  "Z0908001|1": 101075.796875,
  "Z0908001|2": 57715.02734375,
  "Z0908001|3": 61597.55859375,
  "Z0908001|4": 162590.890625,
  "Z0908001|5": 64419.54296875,
  "Z0908001|6": 0.0,
  "Z0908001|7": 0.0,
  "Z0951001|1": 81058.015625,
  "Z0951001|2": 68771.640625,
  "Z0951001|3": 67572.6015625,
  "Z0951001|4": 78734.359375,
  "Z0951001|5": 66966.28125,
  "Z0951001|6": 40893.09765625,
  "Z0951001|7": 25013.396484375,
  "Z0951002|1": 74950.4609375,
  "Z0951002|2": 62289.4375,
  "Z0951002|3": 68395.8046875,
  "Z0951002|4": 132330.703125,
  "Z0951002|5": 69063.1953125,
  "Z0951002|6": 34848.41796875,
  "Z0951002|7": 8825.939453125,
  "Z0972001|1": 120893.4296875,
  "Z0972001|2": 68195.9765625,
  "Z0972001|3": 77337.9375,
  "Z0972001|4": 83850.328125,
  "Z0972001|5": 56066.8359375,
  "Z0972001|6": 0.0,
  "Z0972001|7": 0.0,
  "Z1031001|1": 14739.0400390625,
  "Z1031001|2": 16983.58984375,
  "Z1031001|3": 15190.8779296875,
  "Z1031001|4": 40016.09765625,
  "Z1031001|5": 21516.578125,
  "Z1031001|6": 16901.375,
  "Z1031001|7": 6943.95556640625,
  "Z1031002|1": 31021.744140625,
  "Z1031002|2": 26840.931640625,
  "Z1031002|3": 34637.5859375,
  "Z1031002|4": 58494.3046875,
  "Z1031002|5": 27057.775390625,
  "Z1031002|6": 22587.60546875,
  "Z1031002|7": 16886.890625,
  "Z1119001|1": 69556.296875,
  "Z1119001|2": 57195.25390625,
  "Z1119001|3": 69078.015625,
  "Z1119001|4": 119948.5,
  "Z1119001|5": 67831.4453125,
  "Z1119001|6": 46654.1171875,
  "Z1119001|7": 6899.556640625,
  "Z1169001|1": 88985.609375,
  "Z1169001|2": 77709.8203125,
  "Z1169001|3": 94656.390625,
  "Z1169001|4": 69912.5625,
  "Z1169001|5": 55767.40234375,
  "Z1169001|6": 0.0,
  "Z1169001|7": 0.0,
  "Z1367001|1": 146155.765625,
  "Z1367001|2": 142912.125,
  "Z1367001|3": 118695.96875,
  "Z1367001|4": 154786.734375,
  "Z1367001|5": 87215.03125,
  "Z1367001|6": 0.0,
  "Z1367001|7": 0.0,
  "Z1524001|1": 75837.1484375,
  "Z1524001|2": 71960.015625,
  "Z1524001|3": 123704.8984375,
  "Z1524001|4": 170640.21875,
  "Z1524001|5": 48138.6875,
  "Z1524001|6": 32158.978515625,
  "Z1524001|7": 11987.7119140625,
  "Z1665001|1": 85866.4765625,
  "Z1665001|2": 63120.6015625,
  "Z1665001|3": 78265.109375,
  "Z1665001|4": 141172.40625,
  "Z1665001|5": 73049.8984375,
  "Z1665001|6": 0.0,
  "Z1665001|7": 0.0,
  "Z1769001|1": 135345.921875,
  "Z1769001|2": 118930.1796875,
  "Z1769001|3": 156955.375,
  "Z1769001|4": 263949.71875,
  "Z1769001|5": 132267.25,
  "Z1769001|6": 0.0,
  "Z1769001|7": 0.0,
  "Z1899001|1": 36531.1171875,
  "Z1899001|2": 36420.0078125,
  "Z1899001|3": 42903.86328125,
  "Z1899001|4": 67543.9921875,
  "Z1899001|5": 46680.375,
  "Z1899001|6": 33131.0546875,