{
  "Z0241002|1": 179315.65625,
  "Z0241002|2": 197676.5,
  "Z0241002|3": 197541.75,
  "Z0241002|4": 91208.6171875,
  "Z0241002|5": 83906.71875,
  "Z0241002|6": 33603.578125,
  "Z0241002|7": 31047.287109375,
  "Z0241003|1": 88057.9921875,
  "Z0241003|2": 87632.40625,
  "Z0241003|3": 97519.578125,
  "Z0241003|4": 39877.99609375,
  "Z0241003|5": 25447.64453125,
  "Z0241003|6": 4002.929443359375,
  "Z0241003|7": 3144.643798828125,
  "Z0241004|1": 69118.546875,
  "Z0241004|2": 80503.40625,
  "Z0241004|3": 111278.84375,
  "Z0241004|4": 43037.296875,
  "Z0241004|5": 35790.40625,
  "Z0241004|6": 21908.85546875,
  "Z0241004|7": 8650.29296875,
  "Z0241005|1": 48948.98828125,
  "Z0241005|2": 41502.4375,
  "Z0241005|3": 58054.203125,
  "Z0241005|4": 22477.79296875,
  "Z0241005|5": 18305.08984375,
  "Z0241005|6": 10273.125,
  "Z0241005|7": 7863.84130859375,
  "Z0241006|1": 17025.7734375,
  "Z0241006|2": 12218.8642578125,
  "Z0241006|3": 17633.033203125,
  "Z0241006|4": 12774.9091796875,
  "Z0241006|5": 9127.2666015625,
  "Z0241006|6": 2280.956787109375,
  "Z0241006|7": 1644.76416015625,
  "Z0241007|1": 52203.6796875,
  "Z0241007|2": 48513.6640625,
  "Z0241007|3": 64943.3125,
  "Z0241007|4": 25118.462890625,
  "Z0241007|5": 19291.57421875,
  "Z0241007|6": 12378.529296875,
  "Z0241007|7": 9672.181640625,
  "Z0241008|1": 16698.29296875,
  "Z0241008|2": 15414.1416015625,
  "Z0241008|3": 16728.978515625,
  "Z0241008|4": 10331.1162109375,
  "Z0241008|5": 6278.9072265625,
  "Z0241008|6": 5076.45361328125,
  "Z0241008|7": 5073.142578125,
  "Z0276001|1": 99280.296875,
  "Z0276001|2": 69184.828125,
  "Z0276001|3": 80813.0234375,
  "Z0276001|4": 39500.35546875,
  "Z0276001|5": 36186.5859375,
  "Z0276001|6": 20922.185546875,
  "Z0276001|7": 8139.9296875,
  "Z0276002|1": 77250.140625,
  "Z0276002|2": 76688.234375,
  "Z0276002|3": 86511.390625,
  "Z0276002|4": 38001.06640625,
  "Z0276002|5": 37202.0859375,
  "Z0276002|6": 20021.951171875,
  "Z0276002|7": 4052.3642578125,
  "Z0276003|1": 1653.448364257812,
  "Z0276003|2": 16387.939453125,
  "Z0276003|3": 17264.32421875,
  "Z0276003|4": 8695.6318359375,
  "Z0276003|5": 6480.53369140625,
  "Z0276003|6": 6214.3154296875,
  "Z0276003|7": 5226.42529296875,
  "Z0283001|1": 57614.828125,
  "Z0283001|2": 86966.5234375,
  "Z0283001|3": 99960.5390625,
  "Z0283001|4": 34754.42578125,
  "Z0283001|5": 30712.908203125,
  "Z0283001|6": 0.0,
  "Z0283001|7": 0.0,
  "Z0284001|1": 167112.140625,
  "Z0284001|2": 188940.515625,
  "Z0284001|3": 230019.65625,
  "Z0284001|4": 110909.828125,
  "Z0284001|5": 90224.9453125,
  "Z0284001|6": 0.0,
  "Z0284001|7": 0.0,
  "Z0386001|1": 108356.1796875,
  "Z0386001|2": 115980.75,
  "Z0386001|3": 70558.0703125,
  "Z0386001|4": 55879.734375,
  "Z0386001|5": 29770.04296875,
  "Z0386001|6": 16974.1015625,
  "Z0386001|7": 8900.619140625,
  "Z0386002|1": 109170.3203125,
  "Z0386002|2": 117322.6171875,
  "Z0386002|3": 117115.6953125,
  "Z0386002|4": 53113.6484375,
  "Z0386002|5": 32807.98046875,
  "Z0386002|6": 23837.419921875,
  "Z0386002|7": 9231.626953125,
  "Z0386003|1": 87833.2109375,
  "Z0386003|2": 119172.125,
  "Z0386003|3": 128793.21875,
  "Z0386003|4": 56905.203125,
  "Z0386003|5": 33946.66015625,
  "Z0386003|6": 30331.9296875,
  "Z0386003|7": 10590.943359375,
  "Z0386004|1": 30804.31640625,
  "Z0386004|2": 25350.60546875,
  "Z0386004|3": 32917.70703125,
  "Z0386004|4": 17112.55859375,
  "Z0386004|5": 10145.1123046875,
  "Z0386004|6": 5640.76806640625,
  "Z0386004|7": 3789.56591796875,
  "Z0386005|1": 16629.380859375,
  "Z0386005|2": 20814.115234375,
  "Z0386005|3": 25154.158203125,
  "Z0386005|4": 10617.3505859375,
  "Z0386005|5": 8160.96533203125,
  "Z0386005|6": 3293.947021484375,
  "Z0386005|7": 4645.95654296875,
  "Z0386006|1": 21497.666015625,
  "Z0386006|2": 22518.3671875,
  "Z0386006|3": 22011.458984375,
  "Z0386006|4": 12534.0146484375,
  "Z0386006|5": 5475.82666015625,
  "Z0386006|6": 4314.32275390625,
  "Z0386006|7": 5329.49658203125,
  "Z0386007|1": 58439.37890625,
  "Z0386007|2": 63375.265625,
  "Z0386007|3": 67897.5234375,
  "Z0386007|4": 28932.701171875,
  "Z0386007|5": 16498.892578125,
  "Z0386007|6": 14423.37109375,
  "Z0386007|7": 966.0455932617188,
  "Z0646001|1": 156473.375,
  "Z0646001|2": 151181.765625,
  "Z0646001|3": 177187.6875,
  "Z0646001|4": 70810.4609375,
  "Z0646001|5": 52508.5625,
  "Z0646001|6": 20612.85546875,
  "Z0646001|7": 7310.853515625,
  "Z0646002|1": 156000.15625,
  "Z0646002|2": 155409.3125,
  "Z0646002|3": 177908.328125,
  "Z0646002|4": 69944.109375,
  "Z0646002|5": 51943.453125,
  "Z0646002|6": 20773.025390625,
  "Z0646002|7": 9189.9853515625,
  "Z0646003|1": 14211.8544921875,
  "Z0646003|2": 13663.9921875,
  "Z0646003|3": 13813.380859375,
  "Z0646003|4": 4324.44189453125,
  "Z0646003|5": 2829.653076171875,
  "Z0646003|6": 2537.092529296875,
  "Z0646003|7": 1049.619873046875,
  "Z0646004|1": 13362.95703125,
  "Z0646004|2": 16571.119140625,
  "Z0646004|3": 16938.345703125,
  "Z0646004|4": 4081.677978515625,
  "Z0646004|5": 5695.220703125,
  "Z0646004|6": 1882.590454101562,
  "Z0646004|7": 1208.428588867188,
  "Z0899001|1": 388371.21875,
  "Z0899001|2": 257535.96875,
  "Z0899001|3": 254086.40625,
  "Z0899001|4": 148650.078125,
  "Z0899001|5": 122364.1171875,
  "Z0899001|6": 0.0,
  "Z0899001|7": 0.0,
  "Z0908001|1": 179743.34375,
  "Z0908001|2": 194712.96875,
  "Z0908001|3": 166872.296875,
  "Z0908001|4": 94954.4921875,
  "Z0908001|5": 86192.109375,
  "Z0908001|6": 0.0,
  "Z0908001|7": 0.0,
  "Z0951001|1": 117780.34375,
  "Z0951001|2": 114632.6953125,
  "Z0951001|3": 140274.171875,
  "Z0951001|4": 65557.3203125,
  "Z0951001|5": 54900.9609375,
  "Z0951001|6": 35752.02734375,
  "Z0951001|7": 15366.4951171875,
  "Z0951002|1": 96271.3515625,
  "Z0951002|2": 104569.7421875,
  "Z0951002|3": 121109.453125,
  "Z0951002|4": 59179.19921875,
  "Z0951002|5": 42819.24609375,
  "Z0951002|6": 28150.46484375,
  "Z0951002|7": 11634.060546875,
  "Z0972001|1": 164281.40625,
  "Z0972001|2": 142992.703125,
  "Z0972001|3": 141194.484375,
  "Z0972001|4": 66593.4609375,
  "Z0972001|5": 67387.0625,
  "Z0972001|6": 0.0,
  "Z0972001|7": 0.0,
  "Z1031001|1": 84943.015625,
  "Z1031001|2": 101846.6953125,
  "Z1031001|3": 93345.765625,
  "Z1031001|4": 15964.134765625,
  "Z1031001|5": 10199.861328125,
  "Z1031001|6": 7040.787109375,
  "Z1031001|7": 3769.487548828125,
  "Z1031002|1": 107998.5,
  "Z1031002|2": 90676.6953125,
  "Z1031002|3": 101894.7890625,
  "Z1031002|4": 38509.83203125,
  "Z1031002|5": 27246.1875,
  "Z1031002|6": 14142.7724609375,
  "Z1031002|7": 10007.521484375,
  "Z1119001|1": 221612.6875,
  "Z1119001|2": 201425.640625,
  "Z1119001|3": 215352.46875,
  "Z1119001|4": 86403.546875,
  "Z1119001|5": 59209.68359375,
  "Z1119001|6": 45602.828125,
  "Z1119001|7": 13641.7783203125,
  "Z1169001|1": 175822.703125,
  "Z1169001|2": 131832.515625,
  "Z1169001|3": 157468.734375,
  "Z1169001|4": 53932.8984375,
  "Z1169001|5": 75859.859375,
  "Z1169001|6": 0.0,
  "Z1169001|7": 0.0,
  "Z1367001|1": 257186.71875,
  "Z1367001|2": 232113.75,
  "Z1367001|3": 342941.625,
  "Z1367001|4": 152873.140625,
  "Z1367001|5": 124817.78125,
  "Z1367001|6": 0.0,
  "Z1367001|7": 0.0,
  "Z1524001|1": 120678.140625,
  "Z1524001|2": 78081.484375,
  "Z1524001|3": 80573.765625,
  "Z1524001|4": 40698.25390625,
  "Z1524001|5": 24559.068359375,
  "Z1524001|6": 25188.125,
  "Z1524001|7": 14085.6435546875,
  "Z1665001|1": 182934.34375,
  "Z1665001|2": 136371.3125,
  "Z1665001|3": 158601.046875,
  "Z1665001|4": 54673.25390625,
  "Z1665001|5": 80255.734375,
  "Z1665001|6": 0.0,
  "Z1665001|7": 0.0,
  "Z1769001|1": 173497.09375,
  "Z1769001|2": 168035.203125,
  "Z1769001|3": 160301.28125,
  "Z1769001|4": 59389.63671875,
  "Z1769001|5": 47839.921875,
  "Z1769001|6": 0.0,
  "Z1769001|7": 0.0,
  "Z1899001|1": 120633.1484375,
  "Z1899001|2": 104278.3515625,
  "Z1899001|3": 108290.9921875,
  "Z1899001|4": 42319.3671875,
  "Z1899001|5": 30190.37109375,
  "Z1899001|6": 12039.21484375,
  "Z1899001|7": 5602.11376953125,