{
  "Z0241002|1": 61147.87109375,
  "Z0241002|2": 68369.984375,
  "Z0241002|3": 64871.94140625,
  "Z0241002|4": 58013.41015625,
  "Z0241002|5": 101846.40625,
  "Z0241002|6": 108985.984375,
  "Z0241002|7": 61045.78515625,
  "Z0241003|1": 50017.51171875,
  "Z0241003|2": 62398.89453125,
  "Z0241003|3": 55787.45703125,
  "Z0241003|4": 62518.1484375,
  "Z0241003|5": 77550.3515625,
  "Z0241003|6": 103919.3671875,
  "Z0241003|7": 53003.9921875,
  "Z0241004|1": 77115.6640625,
  "Z0241004|2": 72130.5546875,
  "Z0241004|3": 64117.1875,
  "Z0241004|4": 47510.01171875,
  "Z0241004|5": 115710.1875,
  "Z0241004|6": 121450.7734375,
  "Z0241004|7": 55833.015625,
  "Z0241005|1": 25870.302734375,
  "Z0241005|2": 36422.6484375,
  "Z0241005|3": 28861.431640625,
  "Z0241005|4": 31513.736328125,
  "Z0241005|5": 31308.890625,
  "Z0241005|6": 36294.31640625,
  "Z0241005|7": 23272.638671875,
  "Z0241006|1": 42279.10546875,
  "Z0241006|2": 50940.50390625,
  "Z0241006|3": 34449.27734375,
  "Z0241006|4": 49197.40625,
  "Z0241006|5": 31857.623046875,
  "Z0241006|6": 2180.551025390625,
  "Z0241006|7": 2112.355224609375,
  "Z0241007|1": 16752.49609375,
  "Z0241007|2": 30758.724609375,
  "Z0241007|3": 31613.49609375,
  "Z0241007|4": 31875.796875,
  "Z0241007|5": 35997.9921875,
  "Z0241007|6": 50480.33984375,
  "Z0241007|7": 33966.44921875,
  "Z0241008|1": 4759.173828125,
  "Z0241008|2": 8000.50390625,
  "Z0241008|3": 6446.7607421875,
  "Z0241008|4": 6642.26708984375,
  "Z0241008|5": 4181.19921875,
  "Z0241008|6": 5443.14453125,
  "Z0241008|7": 6769.154296875,
  "Z0276001|1": 52376.125,
  "Z0276001|2": 68066.9375,
  "Z0276001|3": 65399.33203125,
  "Z0276001|4": 69398.2734375,
  "Z0276001|5": 70820.9296875,
  "Z0276001|6": 79816.078125,
  "Z0276001|7": 37930.42578125,
  "Z0276002|1": 58343.70703125,
  "Z0276002|2": 54264.4375,
  "Z0276002|3": 37066.73046875,
  "Z0276002|4": 47653.7265625,
  "Z0276002|5": 29631.275390625,
  "Z0276002|6": 45725.24609375,
  "Z0276002|7": 23701.970703125,
  "Z0276003|1": 14323.845703125,
  "Z0276003|2": 13774.9775390625,
  "Z0276003|3": 11642.818359375,
  "Z0276003|4": 19769.361328125,
  "Z0276003|5": 10092.6591796875,
  "Z0276003|6": 12010.54296875,
  "Z0276003|7": 9745.3447265625,
  "Z0283001|1": 40594.171875,
  "Z0283001|2": 53367.67578125,
  "Z0283001|3": 46343.4765625,
  "Z0283001|4": 50008.35546875,
  "Z0283001|5": 72076.234375,
  "Z0283001|6": 0.0,
  "Z0283001|7": 0.0,
  "Z0284001|1": 143137.1875,
  "Z0284001|2": 204958.359375,
  "Z0284001|3": 125092.9375,
  "Z0284001|4": 126525.984375,
  "Z0284001|5": 199286.0,
  "Z0284001|6": 0.0,
  "Z0284001|7": 0.0,
  "Z0386001|1": 41498.640625,
  "Z0386001|2": 59954.6796875,
  "Z0386001|3": 36200.21875,
  "Z0386001|4": 63724.30078125,
  "Z0386001|5": 64001.72265625,
  "Z0386001|6": 115175.234375,
  "Z0386001|7": 43178.1015625,
  "Z0386002|1": 43426.2578125,
  "Z0386002|2": 79554.5,
  "Z0386002|3": 48687.3828125,
  "Z0386002|4": 49541.20703125,
  "Z0386002|5": 123368.3046875,
  "Z0386002|6": 97813.0703125,
  "Z0386002|7": 38277.03125,
  "Z0386003|1": 41360.78515625,
  "Z0386003|2": 75259.75,
  "Z0386003|3": 66606.03125,
  "Z0386003|4": 69138.7890625,
  "Z0386003|5": 111939.6171875,
  "Z0386003|6": 113949.390625,
  "Z0386003|7": 54114.30859375,
  "Z0386004|1": 3924.681640625,
  "Z0386004|2": 20629.197265625,
  "Z0386004|3": 21695.58203125,
  "Z0386004|4": 19736.392578125,
  "Z0386004|5": 17738.03125,
  "Z0386004|6": 24009.201171875,
  "Z0386004|7": 17990.541015625,
  "Z0386005|1": 573.8352661132812,
  "Z0386005|2": 5116.388671875,
  "Z0386005|3": 3640.953125,
  "Z0386005|4": 3823.7724609375,
  "Z0386005|5": 4561.91259765625,
  "Z0386005|6": 6853.19287109375,
  "Z0386005|7": 3114.38623046875,
  "Z0386006|1": 6953.0947265625,
  "Z0386006|2": 12430.513671875,
  "Z0386006|3": 17314.68359375,
  "Z0386006|4": 14414.1708984375,
  "Z0386006|5": 13904.1728515625,
  "Z0386006|6": 15150.1484375,
  "Z0386006|7": 9104.4521484375,
  "Z0386007|1": 8478.2939453125,
  "Z0386007|2": 23226.09765625,
  "Z0386007|3": 24591.083984375,
  "Z0386007|4": 29408.9765625,
  "Z0386007|5": 32861.83984375,
  "Z0386007|6": 39902.76171875,
  "Z0386007|7": 26885.791015625,
  "Z0646001|1": 52786.01953125,
  "Z0646001|2": 75098.7109375,
  "Z0646001|3": 90878.671875,
  "Z0646001|4": 131214.140625,
  "Z0646001|5": 162174.78125,
  "Z0646001|6": 130819.6796875,
  "Z0646001|7": 60622.84375,
  "Z0646002|1": 41549.8828125,
  "Z0646002|2": 78313.0390625,
  "Z0646002|3": 85592.5859375,
  "Z0646002|4": 121395.6484375,
  "Z0646002|5": 140716.859375,
  "Z0646002|6": 116052.1171875,
  "Z0646002|7": 57825.71484375,
  "Z0646003|1": 1810.771606445312,
  "Z0646003|2": 4652.6533203125,
  "Z0646003|3": 5211.833984375,
  "Z0646003|4": 6364.09228515625,
  "Z0646003|5": 7583.2451171875,
  "Z0646003|6": 11090.955078125,
  "Z0646003|7": 7806.67138671875,
  "Z0646004|1": 1141.920654296875,
  "Z0646004|2": 648.8424072265625,
  "Z0646004|3": 4351.59130859375,
  "Z0646004|4": 5463.81103515625,
  "Z0646004|5": 6130.35107421875,
  "Z0646004|6": 10513.990234375,
  "Z0646004|7": 5200.74951171875,
  "Z0899001|1": 85143.34375,
  "Z0899001|2": 158984.796875,
  "Z0899001|3": 154216.21875,
  "Z0899001|4": 257667.15625,
  "Z0899001|5": 185564.578125,
  "Z0899001|6": 0.0,
  "Z0899001|7": 0.0,
  "Z0908001|1": 70393.9375,
  "Z0908001|2": 152905.078125,
  "Z0908001|3": 107777.078125,
  "Z0908001|4": 116865.2109375,
  "Z0908001|5": 182347.0,
  "Z0908001|6": 0.0,
  "Z0908001|7": 0.0,
  "Z0951001|1": 87201.640625,
  "Z0951001|2": 86547.203125,
  "Z0951001|3": 97836.3046875,
  "Z0951001|4": 127307.890625,
  "Z0951001|5": 123477.296875,
  "Z0951001|6": 75109.53125,
  "Z0951001|7": 4756.5146484375,
  "Z0951002|1": 53942.2109375,
  "Z0951002|2": 92756.796875,
  "Z0951002|3": 101141.4609375,
  "Z0951002|4": 135458.265625,
  "Z0951002|5": 153281.03125,
  "Z0951002|6": 105010.8671875,
  "Z0951002|7": 575.5518188476562,
  "Z0972001|1": 29840.736328125,
  "Z0972001|2": 76272.8515625,
  "Z0972001|3": 103373.734375,
  "Z0972001|4": 73840.5390625,
  "Z0972001|5": 100373.890625,
  "Z0972001|6": 0.0,
  "Z0972001|7": 0.0,
  "Z1031001|1": 6889.41650390625,
  "Z1031001|2": 38025.140625,
  "Z1031001|3": 46608.80078125,
  "Z1031001|4": 51491.70703125,
  "Z1031001|5": 47616.703125,
  "Z1031001|6": 57183.47265625,
  "Z1031001|7": 28284.185546875,
  "Z1031002|1": 29379.763671875,
  "Z1031002|2": 58892.9609375,
  "Z1031002|3": 58415.53125,
  "Z1031002|4": 69913.1015625,
  "Z1031002|5": 81537.3984375,
  "Z1031002|6": 66591.171875,
  "Z1031002|7": 39521.1171875,
  "Z1119001|1": 89170.5546875,
  "Z1119001|2": 105417.9453125,
  "Z1119001|3": 192779.71875,
  "Z1119001|4": 193430.359375,
  "Z1119001|5": 278619.3125,
  "Z1119001|6": 238595.984375,
  "Z1119001|7": 117424.4765625,
  "Z1169001|1": 49222.375,
  "Z1169001|2": 105534.53125,
  "Z1169001|3": 106000.8515625,
  "Z1169001|4": 116931.546875,
  "Z1169001|5": 107810.796875,
  "Z1169001|6": 0.0,
  "Z1169001|7": 0.0,
  "Z1367001|1": 74997.65625,
  "Z1367001|2": 160065.109375,
  "Z1367001|3": 214456.828125,
  "Z1367001|4": 233313.078125,
  "Z1367001|5": 215823.703125,
  "Z1367001|6": 0.0,
  "Z1367001|7": 0.0,
  "Z1524001|1": 42072.48046875,
  "Z1524001|2": 61380.05859375,
  "Z1524001|3": 81237.015625,
  "Z1524001|4": 75224.3671875,
  "Z1524001|5": 86445.4140625,
  "Z1524001|6": 106479.3828125,
  "Z1524001|7": 57181.125,
  "Z1665001|1": 38746.63671875,
  "Z1665001|2": 90072.0859375,
  "Z1665001|3": 96363.671875,
  "Z1665001|4": 112634.5,
  "Z1665001|5": 124779.3359375,
  "Z1665001|6": 0.0,
  "Z1665001|7": 0.0,
  "Z1769001|1": 38472.94140625,
  "Z1769001|2": 144881.09375,
  "Z1769001|3": 120425.8984375,
  "Z1769001|4": 123114.1953125,
  "Z1769001|5": 124609.875,
  "Z1769001|6": 0.0,
  "Z1769001|7": 0.0,
  "Z1899001|1": 44599.12890625,
  "Z1899001|2": 61001.08984375,
  "Z1899001|3": 58041.19140625,
  "Z1899001|4": 53347.015625,
  "Z1899001|5": 75912.0390625,
  "Z1899001|6": 52938.06640625,
  "Z1899001|7": 16827.548828125,
  "Z1899002|1": 64997.21875,