{
  "Z0241002|1": 128744.09375,
  "Z0241003|1": 122140.9609375,
  "Z0241004|1": 148158.96875,
  "Z0241005|1": 67255.703125,
  "Z0241006|1": 15432.013671875,
  "Z0241007|1": 74685.171875,
  "Z0241008|1": 18663.45703125,
  "Z0276001|1": 75042.9453125,
  "Z0276002|1": 89171.1484375,
  "Z0276003|1": 20501.357421875,
  "Z0283001|1": 56652.703125,
  "Z0284001|1": 170710.359375,
  "Z0386001|1": 106543.375,
  "Z0386002|1": 127557.2734375,
  "Z0386003|1": 121772.1484375,
  "Z0386004|1": 40955.6640625,
  "Z0386005|1": 21913.244140625,
  "Z0386006|1": 23510.94140625,
  "Z0386007|1": 67663.203125,
  "Z0646001|1": 173760.21875,
  "Z0646002|1": 204473.390625,
  "Z0646003|1": 16192.8623046875,
  "Z0646004|1": 18203.591796875,
  "Z0899001|1": 324971.8125,
  "Z0908001|1": 201214.453125,
  "Z0951001|1": 112017.6875,
  "Z0951002|1": 223807.546875,
  "Z0972001|1": 167870.703125,
  "Z1031001|1": 94157.515625,
  "Z1031002|1": 119346.7109375,
  "Z1119001|1": 238843.0,
  "Z1169001|1": 157051.5,
  "Z1367001|1": 271690.25,
  "Z1524001|1": 136699.171875,
  "Z1665001|1": 201315.609375,
  "Z1769001|1": 233663.125,
  "Z1899001|1": 120910.7265625,
  "Z1899002|1": 129365.5078125,
  "Z2011001|1": 127327.078125,
  "Z2135001|1": 177264.421875,
  "Z2135002|1": 139310.15625,
  "Z2136001|1": 70379.7109375,
  "Z0241002|2": 110972.9921875,
  "Z0241003|2": 110105.1796875,
  "Z0241004|2": 119818.625,
  "Z0241005|2": 32964.13671875,
  "Z0241006|2": 10902.52734375,
  "Z0241007|2": 49800.27734375,
  "Z0241008|2": 15786.0830078125,
  "Z0276001|2": 84526.2734375,
  "Z0276002|2": 72128.21875,
  "Z0276003|2": 19022.888671875,
  "Z0283001|2": 109236.0390625,
  "Z0284001|2": 197169.28125,
  "Z0386001|2": 88924.1875,
  "Z0386002|2": 116892.75,
  "Z0386003|2": 118224.4140625,
  "Z0386004|2": 26753.220703125,
  "Z0386005|2": 20390.228515625,
  "Z0386006|2": 18908.302734375,
  "Z0386007|2": 45195.83984375,
  "Z0646001|2": 158826.421875,
  "Z0646002|2": 183317.15625,
  "Z0646003|2": 1204.039794921875,
  "Z0646004|2": 11874.544921875,
  "Z0899001|2": 263651.09375,
  "Z0908001|2": 178025.78125,
  "Z0951001|2": 136757.46875,
  "Z0951002|2": 129687.546875,
  "Z0972001|2": 136015.03125,
  "Z1031001|2": 71541.3125,
  "Z1031002|2": 96377.546875,
  "Z1119001|2": 225094.234375,
  "Z1169001|2": 171659.859375,
  "Z1367001|2": 254047.40625,
  "Z1524001|2": 103539.984375,
  "Z1665001|2": 173698.75,
  "Z1769001|2": 154940.34375,
  "Z1899001|2": 89198.28125,
  "Z1899002|2": 106006.40625,
  "Z2011001|2": 138438.171875,
  "Z2135001|2": 154027.5,
  "Z2135002|2": 117768.890625,
  "Z2136001|2": 44233.56640625,
  "Z0241002|3": 118104.2890625,
  "Z0241003|3": 114599.2421875,
  "Z0241004|3": 164706.84375,
  "Z0241005|3": 48314.24609375,
  "Z0241006|3": 14095.2919921875,
  "Z0241007|3": 54412.12890625,
  "Z0241008|3": 15863.357421875,
  "Z0276001|3": 88465.4765625,
  "Z0276002|3": 87416.1328125,
  "Z0276003|3": 20883.53125,
  "Z0283001|3": 68076.3515625,
  "Z0284001|3": 231409.78125,
  "Z0386001|3": 111747.9453125,
  "Z0386002|3": 139807.9375,
  "Z0386003|3": 134546.59375,
  "Z0386004|3": 34509.15625,
  "Z0386005|3": 31526.2421875,
  "Z0386006|3": 23656.69140625,
  "Z0386007|3": 47066.78515625,
  "Z0646001|3": 189430.359375,
  "Z0646002|3": 198167.078125,
  "Z0646003|3": 17336.77734375,
  "Z0646004|3": 12931.98046875,
  "Z0899001|3": 260224.3125,
  "Z0908001|3": 173065.953125,
  "Z0951001|3": 177411.390625,
  "Z0951002|3": 164689.25,
  "Z0972001|3": 183487.6875,
  "Z1031001|3": 76576.125,
  "Z1031002|3": 103234.234375,
  "Z1119001|3": 245023.125,
  "Z1169001|3": 157235.84375,
  "Z1367001|3": 318878.71875,
  "Z1524001|3": 109251.0390625,
  "Z1665001|3": 181072.4375,
  "Z1769001|3": 184307.421875,
  "Z1899001|3": 92742.109375,
  "Z1899002|3": 105000.4453125,
  "Z2011001|3": 123408.546875,
  "Z2135001|3": 177080.921875,
  "Z2135002|3": 130542.2578125,
  "Z2136001|3": 60865.98046875,
  "Z0241002|4": 152217.03125,
  "Z0241003|4": 143772.671875,
  "Z0241004|4": 150446.375,
  "Z0241005|4": 57072.0,
  "Z0241006|4": 11398.0107421875,
  "Z0241007|4": 76867.1171875,
  "Z0241008|4": 16515.455078125,
  "Z0276001|4": 100301.453125,
  "Z0276002|4": 81420.7578125,
  "Z0276003|4": 21404.35546875,
  "Z0283001|4": 106156.140625,
  "Z0284001|4": 162736.09375,
  "Z0386001|4": 121804.0859375,
  "Z0386002|4": 156840.765625,
  "Z0386003|4": 153111.84375,
  "Z0386004|4": 34162.8671875,
  "Z0386005|4": 32447.70703125,
  "Z0386006|4": 22583.2109375,
  "Z0386007|4": 55840.046875,
  "Z0646001|4": 198370.90625,
  "Z0646002|4": 201398.75,
  "Z0646003|4": 2433.49560546875,
  "Z0646004|4": 16041.439453125,
  "Z0899001|4": 299546.78125,
  "Z0908001|4": 160625.09375,
  "Z0951001|4": 171976.265625,
  "Z0951002|4": 161580.734375,
  "Z0972001|4": 159526.703125,
  "Z1031001|4": 96888.0078125,
  "Z1031002|4": 99697.203125,
  "Z1119001|4": 242409.046875,
  "Z1169001|4": 155472.75,
  "Z1367001|4": 325541.34375,
  "Z1524001|4": 107034.765625,
  "Z1665001|4": 275752.78125,
  "Z1769001|4": 201319.4375,
  "Z1899001|4": 113151.0703125,
  "Z1899002|4": 126556.8828125,
  "Z2011001|4": 108265.6953125,
  "Z2135001|4": 176270.140625,
  "Z2135002|4": 168874.765625,
  "Z2136001|4": 61835.2265625,
  "Z0241002|5": 61016.625,
  "Z0241003|5": 58004.50390625,
  "Z0241004|5": 67263.3984375,
  "Z0241005|5": 20891.478515625,
  "Z0241006|5": 6253.60107421875,
  "Z0241007|5": 24748.93359375,
  "Z0241008|5": 8337.375,
  "Z0276001|5": 43762.3125,
  "Z0276002|5": 38697.00390625,
  "Z0276003|5": 8550.8310546875,
  "Z0283001|5": 54062.3125,
  "Z0284001|5": 95348.59375,
  "Z0386001|5": 46702.28515625,
  "Z0386002|5": 57587.41796875,
  "Z0386003|5": 57245.07421875,
  "Z0386004|5": 14042.7060546875,
  "Z0386005|5": 15447.9755859375,
  "Z0386006|5": 11393.859375,
  "Z0386007|5": 16559.396484375,
  "Z0646001|5": 68387.5234375,
  "Z0646002|5": 69352.75,
  "Z0646003|5": 210.942626953125,
  "Z0646004|5": 4660.853515625,
  "Z0899001|5": 148184.96875,
  "Z0908001|5": 281636.5,
  "Z0951001|5": 70287.34375,
  "Z0951002|5": 62635.8359375,
  "Z0972001|5": 99728.6796875,
  "Z1031001|5": 33663.8203125,
  "Z1031002|5": 36534.39453125,
  "Z1119001|5": 76529.984375,
  "Z1169001|5": 123444.2109375,
  "Z1367001|5": 127082.9921875,
  "Z1524001|5": 48506.90625,
  "Z1665001|5": 154316.40625,
  "Z1769001|5": 68590.140625,
  "Z1899001|5": 36791.94921875,
  "Z1899002|5": 40967.9296875,
  "Z2011001|5": 48983.265625,
  "Z2135001|5": 71749.5078125,
  "Z2135002|5": 61260.11328125,
  "Z2136001|5": 39952.11328125,
  "Z0241002|6": 36828.0390625,
  "Z0241003|6": 20554.255859375,
  "Z0241004|6": 33292.46484375,
  "Z0241005|6": 10973.822265625,
  "Z0241006|6": 1697.5966796875,
  "Z0241007|6": 17090.490234375,
  "Z0241008|6": 4617.67578125,
  "Z0276001|6": 24345.431640625,
  "Z0276002|6": 22790.533203125,
  "Z0276003|6": 5112.66162109375,
  "Z0386001|6": 24023.173828125,
  "Z0386002|6": 34501.94921875,
  "Z0386003|6": 33866.20703125,
  "Z0386004|6": 5283.23974609375,
  "Z0386005|6": 7748.046875,
  "Z0386006|6": 3686.667724609375,
  "Z0386007|6": 11041.412109375,
  "Z0646001|6": 37638.04296875,
  "Z0646002|6": 37420.1796875,
  "Z0646003|6": 117.7983093261719,
  "Z0646004|6": 2516.236328125,
  "Z0951001|6": 37487.83203125,
  "Z0951002|6": 36750.77734375,
  "Z1031001|6": 14049.806640625,
  "Z1031002|6": 23508.20703125,
  "Z1119001|6": 52695.984375,
  "Z1524001|6": 28274.7734375,
  "Z1899001|6": 14716.3125,
  "Z1899002|6": 22335.30078125,
  "Z2135001|6": 42883.65234375,
  "Z2135002|6": 25719.279296875,
  "Z0241002|7": 20892.515625,
  "Z0241003|7": 13411.833984375,
  "Z0241004|7": 14740.65625,
  "Z0241005|7": 5119.76708984375,
  "Z0241006|7": 991.0112915039062,
  "Z0241007|7": 9871.77734375,
  "Z0241008|7": 2928.843017578125,
  "Z0276001|7": 14679.4599609375,
  "Z0276002|7": 8861.4169921875,
  "Z0276003|7": 3968.646240234375,
  "Z0386001|7": 12636.1484375,
  "Z0386002|7": 10568.8857421875,
  "Z0386003|7": 11705.4150390625,
  "Z0386004|7": 3428.383544921875,
  "Z0386005|7": 3575.876708984375,
  "Z0386006|7": 4133.40185546875,