{
  "Z0241002|1": 133631.765625,
  "Z0241002|2": 0.0,
  "Z0241002|3": 0.0,
  "Z0241003|1": 120122.9609375,
  "Z0241003|2": 0.0,
  "Z0241003|3": 0.0,
  "Z0241004|1": 112524.7734375,
  "Z0241004|2": 0.0,
  "Z0241004|3": 0.0,
  "Z0241005|1": 20785.609375,
  "Z0241005|2": 0.0,
  "Z0241005|3": 0.0,
  "Z0241006|1": 19106.85546875,
  "Z0241006|2": 0.0,
  "Z0241006|3": 0.0,
  "Z0241007|1": 51662.8359375,
  "Z0241007|2": 0.0,
  "Z0241007|3": 0.0,
  "Z0241008|1": 25775.953125,
  "Z0241008|2": 0.0,
  "Z0241008|3": 0.0,
  "Z0276001|1": 63564.05859375,
  "Z0276001|2": 0.0,
  "Z0276001|3": 0.0,
  "Z0276002|1": 69316.9140625,
  "Z0276002|2": 0.0,
  "Z0276002|3": 0.0,
  "Z0276003|1": 25253.333984375,
  "Z0276003|2": 0.0,
  "Z0276003|3": 0.0,
  "Z0283001|1": 21384.54296875,
  "Z0283001|2": 0.0,
  "Z0283001|3": 0.0,
  "Z0284001|1": 108629.234375,
  "Z0284001|2": 0.0,
  "Z0284001|3": 0.0,
  "Z0386001|1": 16622.81640625,
  "Z0386001|2": 0.0,
  "Z0386001|3": 0.0,
  "Z0386002|1": 95947.4375,
  "Z0386002|2": 0.0,
  "Z0386002|3": 0.0,
  "Z0386003|1": 16465.724609375,
  "Z0386003|2": 0.0,
  "Z0386003|3": 0.0,
  "Z0386004|1": 50423.99609375,
  "Z0386004|2": 0.0,
  "Z0386004|3": 0.0,
  "Z0386005|1": 12007.6787109375,
  "Z0386005|2": 0.0,
  "Z0386005|3": 0.0,
  "Z0386006|1": 13072.892578125,
  "Z0386006|2": 0.0,
  "Z0386006|3": 0.0,
  "Z0386007|1": 5937.09765625,
  "Z0386007|2": 0.0,
  "Z0386007|3": 0.0,
  "Z0646001|1": 133957.90625,
  "Z0646001|2": 0.0,
  "Z0646001|3": 0.0,
  "Z0646002|1": 138603.5625,
  "Z0646002|2": 0.0,
  "Z0646002|3": 0.0,
  "Z0646003|1": 10322.232421875,
  "Z0646003|2": 0.0,
  "Z0646003|3": 0.0,
  "Z0646004|1": 20470.21484375,
  "Z0646004|2": 0.0,
  "Z0646004|3": 0.0,
  "Z0899001|1": 286515.875,
  "Z0899001|2": 0.0,
  "Z0899001|3": 0.0,
  "Z0908001|1": 164697.890625,
  "Z0908001|2": 0.0,
  "Z0908001|3": 0.0,
  "Z0951001|1": 128216.1171875,
  "Z0951001|2": 0.0,
  "Z0951001|3": 0.0,
  "Z0951002|1": 131306.15625,
  "Z0951002|2": 0.0,
  "Z0951002|3": 0.0,
  "Z0972001|1": 116764.390625,
  "Z0972001|2": 0.0,
  "Z0972001|3": 0.0,
  "Z1031001|1": 75983.4609375,
  "Z1031001|2": 0.0,
  "Z1031001|3": 0.0,
  "Z1031002|1": 116497.4453125,
  "Z1031002|2": 0.0,
  "Z1031002|3": 0.0,
  "Z1119001|1": 65797.0234375,
  "Z1119001|2": 0.0,
  "Z1119001|3": 0.0,
  "Z1169001|1": 188473.859375,
  "Z1169001|2": 0.0,
  "Z1169001|3": 0.0,
  "Z1367001|1": 206300.6875,
  "Z1367001|2": 0.0,
  "Z1367001|3": 0.0,
  "Z1524001|1": 73478.625,
  "Z1524001|2": 0.0,
  "Z1524001|3": 0.0,
  "Z1665001|1": 116830.3359375,
  "Z1665001|2": 0.0,
  "Z1665001|3": 0.0,
  "Z1769001|1": 126717.390625,
  "Z1769001|2": 0.0,
  "Z1769001|3": 0.0,
  "Z1899001|1": 82581.515625,
  "Z1899001|2": 0.0,
  "Z1899001|3": 0.0,
  "Z1899002|1": 109385.2109375,
  "Z1899002|2": 0.0,
  "Z1899002|3": 0.0,
  "Z2011001|1": 102166.65625,
  "Z2011001|2": 0.0,
  "Z2011001|3": 0.0,
  "Z2135001|1": 83142.34375,
  "Z2135001|2": 0.0,
  "Z2135001|3": 0.0,
  "Z2135002|1": 80152.0859375,
  "Z2135002|2": 0.0,
  "Z2135002|3": 0.0,
  "Z2136001|1": 99632.09375,
  "Z2136001|2": 0.0,
  "Z2136001|3": 0.0
}