{
  "Z0241002|1": 87116.9609375,
  "Z0241002|2": 53016.37890625,
  "Z0241002|3": 25851.8125,
  "Z0241002|4": 27029.59375,
  "Z0241002|5": 21226.681640625,
  "Z0241002|6": 14530.1708984375,
  "Z0241002|7": 11609.7265625,
  "Z0241003|1": 31779.802734375,
  "Z0241003|2": 16355.578125,
  "Z0241003|3": 17678.7265625,
  "Z0241003|4": 12728.546875,
  "Z0241003|5": 11189.091796875,
  "Z0241003|6": 12163.50390625,
  "Z0241003|7": 8708.9501953125,
  "Z0241004|1": 97755.0,
  "Z0241004|2": 61545.125,
  "Z0241004|3": 31865.083984375,
  "Z0241004|4": 21615.818359375,
  "Z0241004|5": 22254.94921875,
  "Z0241004|6": 12595.044921875,
  "Z0241004|7": 8900.0556640625,
  "Z0241005|1": 35645.1484375,
  "Z0241005|2": 19524.71875,
  "Z0241005|3": 15217.171875,
  "Z0241005|4": 15405.0927734375,
  "Z0241005|5": 14597.0927734375,
  "Z0241005|6": 8750.765625,
  "Z0241005|7": 7396.365234375,
  "Z0241006|1": 41752.78125,
  "Z0241006|2": 34041.63671875,
  "Z0241006|3": 30880.779296875,
  "Z0241006|4": 32445.310546875,
  "Z0241006|5": 28360.583984375,
  "Z0241006|6": 3384.889892578125,
  "Z0241006|7": 1614.166381835938,
  "Z0241007|1": 18963.361328125,
  "Z0241007|2": 10820.3935546875,
  "Z0241007|3": 7808.70556640625,
  "Z0241007|4": 10080.39453125,
  "Z0241007|5": 10661.873046875,
  "Z0241007|6": 6380.3701171875,
  "Z0241007|7": 3725.848876953125,
  "Z0241008|1": 17896.208984375,
  "Z0241008|2": 9819.6044921875,
  "Z0241008|3": 6187.46337890625,
  "Z0241008|4": 5873.20703125,
  "Z0241008|5": 4407.7001953125,
  "Z0241008|6": 2818.2548828125,
  "Z0241008|7": 3843.98046875,
  "Z0276001|1": 62116.9296875,
  "Z0276001|2": 34279.46484375,
  "Z0276001|3": 25810.3984375,
  "Z0276001|4": 21658.162109375,
  "Z0276001|5": 22708.220703125,
  "Z0276001|6": 20490.64453125,
  "Z0276001|7": 15246.037109375,
  "Z0276002|1": 17560.30859375,
  "Z0276002|2": 35771.28515625,
  "Z0276002|3": 20792.646484375,
  "Z0276002|4": 16623.078125,
  "Z0276002|5": 15262.623046875,
  "Z0276002|6": 12797.7607421875,
  "Z0276002|7": 8037.087890625,
  "Z0276003|1": 23225.85546875,
  "Z0276003|2": 13403.53515625,
  "Z0276003|3": 10882.4814453125,
  "Z0276003|4": 9687.748046875,
  "Z0276003|5": 7477.02099609375,
  "Z0276003|6": 4539.89453125,
  "Z0276003|7": 4536.45751953125,
  "Z0283001|1": 23925.58984375,
  "Z0283001|2": 20548.39453125,
  "Z0283001|3": 14113.8447265625,
  "Z0283001|4": 25592.85546875,
  "Z0283001|5": 12140.8447265625,
  "Z0283001|6": 0.0,
  "Z0283001|7": 0.0,
  "Z0284001|1": 76143.3515625,
  "Z0284001|2": 52359.9453125,
  "Z0284001|3": 44491.7265625,
  "Z0284001|4": 40246.87890625,
  "Z0284001|5": 40231.91015625,
  "Z0284001|6": 0.0,
  "Z0284001|7": 0.0,
  "Z0386001|1": 59183.7734375,
  "Z0386001|2": 23963.087890625,
  "Z0386001|3": 22430.125,
  "Z0386001|4": 17559.0859375,
  "Z0386001|5": 16319.1171875,
  "Z0386001|6": 14276.6728515625,
  "Z0386001|7": 9401.33203125,
  "Z0386002|1": 60708.765625,
  "Z0386002|2": 31858.794921875,
  "Z0386002|3": 21915.66796875,
  "Z0386002|4": 18695.716796875,
  "Z0386002|5": 17976.833984375,
  "Z0386002|6": 12194.4482421875,
  "Z0386002|7": 6668.98974609375,
  "Z0386003|1": 31539.400390625,
  "Z0386003|2": 16956.91015625,
  "Z0386003|3": 17511.7578125,
  "Z0386003|4": 18068.22265625,
  "Z0386003|5": 16882.021484375,
  "Z0386003|6": 11225.9052734375,
  "Z0386003|7": 7851.64892578125,
  "Z0386004|1": 7074.51025390625,
  "Z0386004|2": 5173.68896484375,
  "Z0386004|3": 6208.89404296875,
  "Z0386004|4": 4999.24462890625,
  "Z0386004|5": 5307.7529296875,
  "Z0386004|6": 3117.55615234375,
  "Z0386004|7": 3135.7841796875,
  "Z0386005|1": 3844.149169921875,
  "Z0386005|2": 2076.952880859375,
  "Z0386005|3": 2237.2978515625,
  "Z0386005|4": 1662.215209960938,
  "Z0386005|5": 2512.727294921875,
  "Z0386005|6": 2267.5,
  "Z0386005|7": 1636.951293945312,
  "Z0386006|1": 5430.97314453125,
  "Z0386006|2": 3340.432861328125,
  "Z0386006|3": 3421.56298828125,
  "Z0386006|4": 3617.62548828125,
  "Z0386006|5": 3616.84228515625,
  "Z0386006|6": 2404.18701171875,
  "Z0386006|7": 2766.70751953125,
  "Z0386007|1": 18773.78125,
  "Z0386007|2": 9080.5146484375,
  "Z0386007|3": 9696.2705078125,
  "Z0386007|4": 8785.740234375,
  "Z0386007|5": 7180.36376953125,
  "Z0386007|6": 2931.551025390625,
  "Z0386007|7": 3265.123291015625,
  "Z0646001|1": 78705.5390625,
  "Z0646001|2": 54968.44140625,
  "Z0646001|3": 40035.75,
  "Z0646001|4": 29014.44921875,
  "Z0646001|5": 24069.43359375,
  "Z0646001|6": 16107.537109375,
  "Z0646001|7": 13724.033203125,
  "Z0646002|1": 80276.5703125,
  "Z0646002|2": 55098.12890625,
  "Z0646002|3": 42030.4453125,
  "Z0646002|4": 24588.60546875,
  "Z0646002|5": 21872.59375,
  "Z0646002|6": 16276.6982421875,
  "Z0646002|7": 13256.1640625,
  "Z0646003|1": 4261.9755859375,
  "Z0646003|2": 1407.879028320312,
  "Z0646003|3": 1415.940307617188,
  "Z0646003|4": 549.011962890625,
  "Z0646003|5": 833.425537109375,
  "Z0646003|6": 251.0008392333984,
  "Z0646003|7": 661.5064697265625,
  "Z0646004|1": 4412.5634765625,
  "Z0646004|2": 2490.287353515625,
  "Z0646004|3": 1412.520874023438,
  "Z0646004|4": 1754.484619140625,
  "Z0646004|5": 1141.652099609375,
  "Z0646004|6": 114.0627822875977,
  "Z0646004|7": 1132.525512695312,
  "Z0899001|1": 269444.21875,
  "Z0899001|2": 75983.1796875,
  "Z0899001|3": 77683.53125,
  "Z0899001|4": 60135.58203125,
  "Z0899001|5": 38671.6875,
  "Z0899001|6": 0.0,
  "Z0899001|7": 0.0,
  "Z0908001|1": 115282.1953125,
  "Z0908001|2": 108930.84375,
  "Z0908001|3": 51679.93359375,
  "Z0908001|4": 28738.091796875,
  "Z0908001|5": 24817.95703125,
  "Z0908001|6": 0.0,
  "Z0908001|7": 0.0,
  "Z0951001|1": 62524.4140625,
  "Z0951001|2": 65352.38671875,
  "Z0951001|3": 59464.67578125,
  "Z0951001|4": 51701.72265625,
  "Z0951001|5": 33977.0625,
  "Z0951001|6": 35166.98046875,
  "Z0951001|7": 19442.921875,
  "Z0951002|1": 93658.7890625,
  "Z0951002|2": 63308.69921875,
  "Z0951002|3": 59027.01171875,
  "Z0951002|4": 52881.85546875,
  "Z0951002|5": 51561.78125,
  "Z0951002|6": 32795.796875,
  "Z0951002|7": 23124.5390625,
  "Z0972001|1": 125019.2734375,
  "Z0972001|2": 51826.078125,
  "Z0972001|3": 39518.80859375,
  "Z0972001|4": 34665.23046875,
  "Z0972001|5": 28037.140625,
  "Z0972001|6": 0.0,
  "Z0972001|7": 0.0,
  "Z1031001|1": 21614.787109375,
  "Z1031001|2": 11277.3515625,
  "Z1031001|3": 11509.9365234375,
  "Z1031001|4": 9904.021484375,
  "Z1031001|5": 7515.6455078125,
  "Z1031001|6": 5114.9775390625,
  "Z1031001|7": 5453.9970703125,
  "Z1031002|1": 37543.0625,
  "Z1031002|2": 23568.037109375,
  "Z1031002|3": 17621.005859375,
  "Z1031002|4": 16184.5625,
  "Z1031002|5": 14995.630859375,
  "Z1031002|6": 7552.92041015625,
  "Z1031002|7": 7852.32275390625,
  "Z1119001|1": 82454.4296875,
  "Z1119001|2": 33564.234375,
  "Z1119001|3": 29296.1171875,
  "Z1119001|4": 20356.146484375,
  "Z1119001|5": 19051.046875,
  "Z1119001|6": 16199.2646484375,
  "Z1119001|7": 26107.583984375,
  "Z1169001|1": 106688.703125,
  "Z1169001|2": 52723.2265625,
  "Z1169001|3": 50210.1171875,
  "Z1169001|4": 44244.27734375,
  "Z1169001|5": 48933.1171875,
  "Z1169001|6": 0.0,
  "Z1169001|7": 0.0,
  "Z1367001|1": 204961.765625,
  "Z1367001|2": 62793.55859375,
  "Z1367001|3": 69482.7109375,
  "Z1367001|4": 51909.52734375,
  "Z1367001|5": 53289.1484375,
  "Z1367001|6": 0.0,
  "Z1367001|7": 0.0,
  "Z1524001|1": 87131.6640625,
  "Z1524001|2": 44593.93359375,
  "Z1524001|3": 27159.984375,
  "Z1524001|4": 18392.689453125,
  "Z1524001|5": 14723.85546875,
  "Z1524001|6": 15541.9111328125,
  "Z1524001|7": 9944.6005859375,
  "Z1665001|1": 96729.140625,
  "Z1665001|2": 41020.15234375,
  "Z1665001|3": 41260.86328125,
  "Z1665001|4": 32981.23046875,
  "Z1665001|5": 33761.8046875,
  "Z1665001|6": 0.0,
  "Z1665001|7": 0.0,
  "Z1769001|1": 145027.6875,
  "Z1769001|2": 55008.13671875,
  "Z1769001|3": 38742.15625,
  "Z1769001|4": 33892.10546875,
  "Z1769001|5": 23306.447265625,
  "Z1769001|6": 0.0,
  "Z1769001|7": 0.0,
  "Z1899001|1": 62047.95703125,
  "Z1899001|2": 31521.59765625,