{
  "Z0241002|1": 83805.234375,
  "Z0241002|2": 67737.3203125,
  "Z0241002|3": 116337.125,
  "Z0241002|4": 119945.7578125,
  "Z0241002|5": 146041.234375,
  "Z0241002|6": 93134.9375,
  "Z0241002|7": 49414.65234375,
  "Z0241003|1": 16038.0888671875,
  "Z0241003|2": 14808.9423828125,
  "Z0241003|3": 40108.40625,
  "Z0241003|4": 52093.0234375,
  "Z0241003|5": 74083.1875,
  "Z0241003|6": 48110.1875,
  "Z0241003|7": 35778.01953125,
  "Z0241004|1": 19901.025390625,
  "Z0241004|2": 10677.3671875,
  "Z0241004|3": 37073.0234375,
  "Z0241004|4": 56557.09765625,
  "Z0241004|5": 74955.1796875,
  "Z0241004|6": 54065.8671875,
  "Z0241004|7": 31144.470703125,
  "Z0241005|1": 9081.080078125,
  "Z0241005|2": 8755.611328125,
  "Z0241005|3": 16812.7265625,
  "Z0241005|4": 30147.64453125,
  "Z0241005|5": 29193.884765625,
  "Z0241005|6": 20806.91015625,
  "Z0241005|7": 15672.6865234375,
  "Z0241006|1": 9157.314453125,
  "Z0241006|2": 7526.54248046875,
  "Z0241006|3": 8673.85546875,
  "Z0241006|4": 13093.818359375,
  "Z0241006|5": 25599.369140625,
  "Z0241006|6": 1820.237182617188,
  "Z0241006|7": 1748.049682617188,
  "Z0241007|1": 8062.68359375,
  "Z0241007|2": 8617.7314453125,
  "Z0241007|3": 24129.39453125,
  "Z0241007|4": 38586.484375,
  "Z0241007|5": 40592.546875,
  "Z0241007|6": 32667.73046875,
  "Z0241007|7": 28679.267578125,
  "Z0241008|1": 3029.09375,
  "Z0241008|2": 1376.754028320312,
  "Z0241008|3": 823.649658203125,
  "Z0241008|4": 680.0556030273438,
  "Z0241008|5": 748.7726440429688,
  "Z0241008|6": 229.7696685791016,
  "Z0241008|7": 156.7555389404297,
  "Z0276001|1": 77406.484375,
  "Z0276001|2": 61121.984375,
  "Z0276001|3": 81368.75,
  "Z0276001|4": 70714.15625,
  "Z0276001|5": 78802.265625,
  "Z0276001|6": 58596.3671875,
  "Z0276001|7": 31712.240234375,
  "Z0276002|1": 20627.072265625,
  "Z0276002|2": 19506.27734375,
  "Z0276002|3": 70450.5546875,
  "Z0276002|4": 63518.671875,
  "Z0276002|5": 69351.1015625,
  "Z0276002|6": 57987.02734375,
  "Z0276002|7": 34611.6953125,
  "Z0276003|1": 11491.6337890625,
  "Z0276003|2": 5726.427734375,
  "Z0276003|3": 5976.48388671875,
  "Z0276003|4": 5461.0234375,
  "Z0276003|5": 10751.5986328125,
  "Z0276003|6": 159.072265625,
  "Z0276003|7": 70.42460632324219,
  "Z0283001|1": 37007.56640625,
  "Z0283001|2": 37379.125,
  "Z0283001|3": 56191.23828125,
  "Z0283001|4": 44647.17578125,
  "Z0283001|5": 65027.6640625,
  "Z0283001|6": 0.0,
  "Z0283001|7": 0.0,
  "Z0284001|1": 56954.7734375,
  "Z0284001|2": 92109.4921875,
  "Z0284001|3": 171780.0625,
  "Z0284001|4": 141427.5,
  "Z0284001|5": 182145.734375,
  "Z0284001|6": 0.0,
  "Z0284001|7": 0.0,
  "Z0386001|1": 26839.11328125,
  "Z0386001|2": 10388.990234375,
  "Z0386001|3": 45860.9375,
  "Z0386001|4": 57622.13671875,
  "Z0386001|5": 71642.90625,
  "Z0386001|6": 61533.8515625,
  "Z0386001|7": 42668.5390625,
  "Z0386002|1": 13737.7294921875,
  "Z0386002|2": 7298.47998046875,
  "Z0386002|3": 46417.125,
  "Z0386002|4": 78047.2421875,
  "Z0386002|5": 71242.484375,
  "Z0386002|6": 60621.45703125,
  "Z0386002|7": 39360.42578125,
  "Z0386003|1": 19376.634765625,
  "Z0386003|2": 26828.90234375,
  "Z0386003|3": 58345.43359375,
  "Z0386003|4": 78565.9609375,
  "Z0386003|5": 76028.8359375,
  "Z0386003|6": 62906.359375,
  "Z0386003|7": 49513.8125,
  "Z0386004|1": 5702.49951171875,
  "Z0386004|2": 1859.50830078125,
  "Z0386004|3": 5622.90673828125,
  "Z0386004|4": 3795.325439453125,
  "Z0386004|5": 9612.9267578125,
  "Z0386004|6": 3411.959228515625,
  "Z0386004|7": 12881.8056640625,
  "Z0386005|1": 2672.924560546875,
  "Z0386005|2": 2187.21337890625,
  "Z0386005|3": 4350.5869140625,
  "Z0386005|4": 501.9591979980469,
  "Z0386005|5": 2937.870849609375,
  "Z0386005|6": 1469.576538085938,
  "Z0386005|7": 2917.65869140625,
  "Z0386006|1": 4805.7685546875,
  "Z0386006|2": 2297.1572265625,
  "Z0386006|3": 4843.9814453125,
  "Z0386006|4": 1685.248657226562,
  "Z0386006|5": 9760.7861328125,
  "Z0386006|6": 5101.38427734375,
  "Z0386006|7": 5303.3095703125,
  "Z0386007|1": 15424.71484375,
  "Z0386007|2": 6592.6123046875,
  "Z0386007|3": 19381.236328125,
  "Z0386007|4": 8629.287109375,
  "Z0386007|5": 59279.1796875,
  "Z0386007|6": 12755.1611328125,
  "Z0386007|7": 14891.14453125,
  "Z0646001|1": 35364.92578125,
  "Z0646001|2": 45729.65234375,
  "Z0646001|3": 79724.484375,
  "Z0646001|4": 91694.578125,
  "Z0646001|5": 118236.2578125,
  "Z0646001|6": 87082.46875,
  "Z0646001|7": 44983.66796875,
  "Z0646002|1": 43486.72265625,
  "Z0646002|2": 49022.3359375,
  "Z0646002|3": 71790.0234375,
  "Z0646002|4": 90729.8125,
  "Z0646002|5": 117397.9375,
  "Z0646002|6": 87393.796875,
  "Z0646002|7": 48066.11328125,
  "Z0646003|1": 2951.550537109375,
  "Z0646003|2": 1535.539916992188,
  "Z0646003|3": 2919.041015625,
  "Z0646003|4": 1291.0166015625,
  "Z0646003|5": 4824.7060546875,
  "Z0646003|6": 1790.200927734375,
  "Z0646003|7": 2670.36181640625,
  "Z0646004|1": 2012.069946289062,
  "Z0646004|2": 1385.514892578125,
  "Z0646004|3": 2393.7919921875,
  "Z0646004|4": 964.282470703125,
  "Z0646004|5": 1536.357788085938,
  "Z0646004|6": 1490.636474609375,
  "Z0646004|7": 3609.156494140625,
  "Z0899001|1": 82662.90625,
  "Z0899001|2": 58921.10546875,
  "Z0899001|3": 145854.859375,
  "Z0899001|4": 182038.421875,
  "Z0899001|5": 257413.9375,
  "Z0899001|6": 0.0,
  "Z0899001|7": 0.0,
  "Z0908001|1": 96492.96875,
  "Z0908001|2": 39861.98828125,
  "Z0908001|3": 351931.4375,
  "Z0908001|4": 97816.5234375,
  "Z0908001|5": 117092.9140625,
  "Z0908001|6": 0.0,
  "Z0908001|7": 0.0,
  "Z0951001|1": 37826.9296875,
  "Z0951001|2": 58005.16796875,
  "Z0951001|3": 84331.5859375,
  "Z0951001|4": 89496.34375,
  "Z0951001|5": 118314.765625,
  "Z0951001|6": 79601.1015625,
  "Z0951001|7": 40358.9296875,
  "Z0951002|1": 64654.22265625,
  "Z0951002|2": 58658.26171875,
  "Z0951002|3": 84550.4609375,
  "Z0951002|4": 84200.265625,
  "Z0951002|5": 117961.1015625,
  "Z0951002|6": 83527.0078125,
  "Z0951002|7": 34832.50390625,
  "Z0972001|1": 35879.09375,
  "Z0972001|2": 49631.91015625,
  "Z0972001|3": 103844.3671875,
  "Z0972001|4": 97816.5234375,
  "Z0972001|5": 117092.9140625,
  "Z0972001|6": 0.0,
  "Z0972001|7": 0.0,
  "Z1031001|1": 15887.294921875,
  "Z1031001|2": 12000.85546875,
  "Z1031001|3": 36143.81640625,
  "Z1031001|4": 43721.8046875,
  "Z1031001|5": 54080.7734375,
  "Z1031001|6": 52405.90625,
  "Z1031001|7": 28377.240234375,
  "Z1031002|1": 22670.9765625,
  "Z1031002|2": 18405.50390625,
  "Z1031002|3": 44333.99609375,
  "Z1031002|4": 58262.640625,
  "Z1031002|5": 72446.578125,
  "Z1031002|6": 63803.53515625,
  "Z1031002|7": 41309.7734375,
  "Z1119001|1": 31132.146484375,
  "Z1119001|2": 46569.078125,
  "Z1119001|3": 98157.796875,
  "Z1119001|4": 154320.671875,
  "Z1119001|5": 196900.203125,
  "Z1119001|6": 122980.421875,
  "Z1119001|7": 58206.546875,
  "Z1169001|1": 62367.1875,
  "Z1169001|2": 49277.703125,
  "Z1169001|3": 85795.5859375,
  "Z1169001|4": 86646.640625,
  "Z1169001|5": 122255.6328125,
  "Z1169001|6": 0.0,
  "Z1169001|7": 0.0,
  "Z1367001|1": 99319.9765625,
  "Z1367001|2": 60401.1796875,
  "Z1367001|3": 141901.4375,
  "Z1367001|4": 147892.4375,
  "Z1367001|5": 185989.96875,
  "Z1367001|6": 0.0,
  "Z1367001|7": 0.0,
  "Z1524001|1": 20408.146484375,
  "Z1524001|2": 26177.23828125,
  "Z1524001|3": 37875.265625,
  "Z1524001|4": 65000.3828125,
  "Z1524001|5": 72269.296875,
  "Z1524001|6": 69573.4140625,
  "Z1524001|7": 36705.59375,
  "Z1665001|1": 54789.70703125,
  "Z1665001|2": 39551.80859375,
  "Z1665001|3": 99764.921875,
  "Z1665001|4": 86590.3828125,
  "Z1665001|5": 122176.2578125,
  "Z1665001|6": 0.0,
  "Z1665001|7": 0.0,
  "Z1769001|1": 43730.7265625,
  "Z1769001|2": 46933.16796875,
  "Z1769001|3": 106863.4140625,
  "Z1769001|4": 113351.9609375,
  "Z1769001|5": 123411.1328125,
  "Z1769001|6": 0.0,
  "Z1769001|7": 0.0,
  "Z1899001|1": 18018.169921875,
  "Z1899001|2": 16525.412109375,
  "Z1899001|3": 30422.55078125,
  "Z1899001|4": 39811.3828125,
  "Z1899001|5": 71784.890625,
  "Z1899001|6": 49129.328125,