{
  "Z0241002|1": 43036.47265625,
  "Z0241003|1": 46116.76953125,
  "Z0241004|1": 65537.125,
  "Z0241005|1": 26698.6484375,
  "Z0241006|1": 42048.453125,
  "Z0241007|1": 19510.185546875,
  "Z0241008|1": 0.0,
  "Z0276001|1": 54005.3671875,
  "Z0276002|1": 30263.189453125,
  "Z0276003|1": 13186.935546875,
  "Z0283001|1": 21864.791015625,
  "Z0284001|1": 122630.8203125,
  "Z0386001|1": 43934.3515625,
  "Z0386002|1": 34294.6171875,
  "Z0386003|1": 46854.859375,
  "Z0386004|1": 10404.1806640625,
  "Z0386005|1": 772.0851440429688,
  "Z0386006|1": 3015.136962890625,
  "Z0386007|1": 11865.1708984375,
  "Z0646001|1": 10459.859375,
  "Z0646002|1": 34882.96875,
  "Z0646003|1": 1183.776733398438,
  "Z0646004|1": 1749.519775390625,
  "Z0899001|1": 73350.9140625,
  "Z0908001|1": 65904.9140625,
  "Z0951001|1": 66218.1640625,
  "Z0951002|1": 67366.953125,
  "Z0972001|1": 47139.55859375,
  "Z1031001|1": 21259.927734375,
  "Z1031002|1": 26193.720703125,
  "Z1119001|1": 31079.638671875,
  "Z1169001|1": 52125.12890625,
  "Z1367001|1": 99309.2734375,
  "Z1524001|1": 32835.96484375,
  "Z1665001|1": 70394.4765625,
  "Z1769001|1": 65193.0859375,
  "Z1899001|1": 51363.94140625,
  "Z1899002|1": 56096.94921875,
  "Z2011001|1": 16356.724609375,
  "Z2135001|1": 59631.8671875,
  "Z2135002|1": 58365.46875,
  "Z2136001|1": 2.854681730270386,
  "Z0241002|2": 44906.76953125,
  "Z0241003|2": 49071.40234375,
  "Z0241004|2": 51915.9140625,
  "Z0241005|2": 14568.369140625,
  "Z0241006|2": 28802.2578125,
  "Z0241007|2": 13825.34765625,
  "Z0241008|2": 0.0,
  "Z0276001|2": 40902.578125,
  "Z0276002|2": 26637.07421875,
  "Z0276003|2": 11730.5498046875,
  "Z0283001|2": 21502.13671875,
  "Z0284001|2": 79439.109375,
  "Z0386001|2": 20534.818359375,
  "Z0386002|2": 26461.17578125,
  "Z0386003|2": 27557.5390625,
  "Z0386004|2": 7081.2158203125,
  "Z0386005|2": 1677.934692382812,
  "Z0386006|2": 3042.981689453125,
  "Z0386007|2": 8134.837890625,
  "Z0646001|2": 47535.30078125,
  "Z0646002|2": 33596.11328125,
  "Z0646003|2": 2722.025146484375,
  "Z0646004|2": 1730.513793945312,
  "Z0899001|2": 62639.77734375,
  "Z0908001|2": 32934.12890625,
  "Z0951001|2": 38674.609375,
  "Z0951002|2": 45009.0703125,
  "Z0972001|2": 59478.28515625,
  "Z1031001|2": 15855.052734375,
  "Z1031002|2": 20422.224609375,
  "Z1119001|2": 54133.04296875,
  "Z1169001|2": 25354.28125,
  "Z1367001|2": 51767.05078125,
  "Z1524001|2": 16157.8125,
  "Z1665001|2": 57938.4375,
  "Z1769001|2": 52410.703125,
  "Z1899001|2": 41408.9375,
  "Z1899002|2": 42303.66796875,
  "Z2011001|2": 15667.7392578125,
  "Z2135001|2": 53395.57421875,
  "Z2135002|2": 41601.984375,
  "Z2136001|2": 2.740011930465698,
  "Z0241002|3": 32104.248046875,
  "Z0241003|3": 33763.33203125,
  "Z0241004|3": 47445.71484375,
  "Z0241005|3": 15248.9697265625,
  "Z0241006|3": 26783.37109375,
  "Z0241007|3": 14324.556640625,
  "Z0241008|3": 0.005714950617402792,
  "Z0276001|3": 25376.658203125,
  "Z0276002|3": 21395.662109375,
  "Z0276003|3": 8652.091796875,
  "Z0283001|3": 15089.208984375,
  "Z0284001|3": 39640.77734375,
  "Z0386001|3": 20942.228515625,
  "Z0386002|3": 21311.533203125,
  "Z0386003|3": 19961.73828125,
  "Z0386004|3": 7801.95166015625,
  "Z0386005|3": 655.8150024414062,
  "Z0386006|3": 5644.40673828125,
  "Z0386007|3": 8137.6396484375,
  "Z0646001|3": 24769.359375,
  "Z0646002|3": 26372.970703125,
  "Z0646003|3": 2805.07861328125,
  "Z0646004|3": 1166.628784179688,
  "Z0899001|3": 28104.216796875,
  "Z0908001|3": 28030.017578125,
  "Z0951001|3": 39762.47265625,
  "Z0951002|3": 45696.16796875,
  "Z0972001|3": 33807.796875,
  "Z1031001|3": 12886.5732421875,
  "Z1031002|3": 19851.984375,
  "Z1119001|3": 34721.52734375,
  "Z1169001|3": 20317.6875,
  "Z1367001|3": 36610.01171875,
  "Z1524001|3": 15600.87890625,
  "Z1665001|3": 24745.298828125,
  "Z1769001|3": 30064.263671875,
  "Z1899001|3": 30864.306640625,
  "Z1899002|3": 28383.7890625,
  "Z2011001|3": 8813.6328125,
  "Z2135001|3": 17033.92578125,
  "Z2135002|3": 22999.912109375,
  "Z2136001|3": 2.555277347564697,
  "Z0241002|4": 24319.951171875,
  "Z0241003|4": 24428.32421875,
  "Z0241004|4": 20226.720703125,
  "Z0241005|4": 12021.189453125,
  "Z0241006|4": 30979.228515625,
  "Z0241007|4": 11000.41796875,
  "Z0241008|4": 1031.388671875,
  "Z0276001|4": 23282.939453125,
  "Z0276002|4": 19015.7421875,
  "Z0276003|4": 7207.66796875,
  "Z0283001|4": 11551.0703125,
  "Z0284001|4": 39777.7578125,
  "Z0386001|4": 18284.763671875,
  "Z0386002|4": 17981.0546875,
  "Z0386003|4": 18034.587890625,
  "Z0386004|4": 9833.990234375,
  "Z0386005|4": 877.0267333984375,
  "Z0386006|4": 3473.423828125,
  "Z0386007|4": 8062.49169921875,
  "Z0646001|4": 26748.578125,
  "Z0646002|4": 21351.611328125,
  "Z0646003|4": 1233.403198242188,
  "Z0646004|4": 841.0291137695312,
  "Z0899001|4": 47827.33203125,
  "Z0908001|4": 43577.4375,
  "Z0951001|4": 36816.30859375,
  "Z0951002|4": 35615.22265625,
  "Z0972001|4": 22478.5859375,
  "Z1031001|4": 7312.5830078125,
  "Z1031002|4": 18538.654296875,
  "Z1119001|4": 22365.056640625,
  "Z1169001|4": 27249.48828125,
  "Z1367001|4": 31463.345703125,
  "Z1524001|4": 17819.998046875,
  "Z1665001|4": 18919.359375,
  "Z1769001|4": 25727.693359375,
  "Z1899001|4": 16984.91796875,
  "Z1899002|4": 15414.5966796875,
  "Z2011001|4": 10070.7451171875,
  "Z2135001|4": 28045.177734375,
  "Z2135002|4": 17861.923828125,
  "Z2136001|4": 2.806185007095337,
  "Z0241002|5": 19215.86328125,
  "Z0241003|5": 21350.755859375,
  "Z0241004|5": 22622.6171875,
  "Z0241005|5": 12483.9306640625,
  "Z0241006|5": 32584.123046875,
  "Z0241007|5": 7911.53857421875,
  "Z0241008|5": 2328.85546875,
  "Z0276001|5": 22735.478515625,
  "Z0276002|5": 18902.044921875,
  "Z0276003|5": 4962.78564453125,
  "Z0283001|5": 26440.716796875,
  "Z0284001|5": 75405.2265625,
  "Z0386001|5": 20459.830078125,
  "Z0386002|5": 17809.955078125,
  "Z0386003|5": 18495.828125,
  "Z0386004|5": 7914.97998046875,
  "Z0386005|5": 1152.856567382812,
  "Z0386006|5": 3402.367431640625,
  "Z0386007|5": 4670.9384765625,
  "Z0646001|5": 21005.23828125,
  "Z0646002|5": 21306.654296875,
  "Z0646003|5": 2872.066650390625,
  "Z0646004|5": 294.1052856445312,
  "Z0899001|5": 28137.71484375,
  "Z0908001|5": 20823.884765625,
  "Z0951001|5": 37524.7109375,
  "Z0951002|5": 25464.8828125,
  "Z0972001|5": 29853.17578125,
  "Z1031001|5": 7047.22998046875,
  "Z1031002|5": 12865.205078125,
  "Z1119001|5": 14727.236328125,
  "Z1169001|5": 49651.4609375,
  "Z1367001|5": 41033.15234375,
  "Z1524001|5": 15020.4462890625,
  "Z1665001|5": 25068.564453125,
  "Z1769001|5": 21629.490234375,
  "Z1899001|5": 7913.06298828125,
  "Z1899002|5": 13717.2138671875,
  "Z2011001|5": 8863.462890625,
  "Z2135001|5": 19328.572265625,
  "Z2135002|5": 18986.818359375,
  "Z2136001|5": 2.852134227752686,
  "Z0241002|6": 14573.06640625,
  "Z0241003|6": 15895.751953125,
  "Z0241004|6": 10707.9521484375,
  "Z0241005|6": 10255.4736328125,
  "Z0241006|6": 4016.259033203125,
  "Z0241007|6": 4168.90478515625,
  "Z0241008|6": 2342.63525390625,
  "Z0276001|6": 22385.3515625,
  "Z0276002|6": 15127.6962890625,
  "Z0276003|6": 2980.819580078125,
  "Z0386001|6": 14350.8388671875,
  "Z0386002|6": 15523.5205078125,
  "Z0386003|6": 19622.580078125,
  "Z0386004|6": 5637.48193359375,
  "Z0386005|6": 1136.013061523438,
  "Z0386006|6": 1290.763427734375,
  "Z0386007|6": 2560.285888671875,
  "Z0646001|6": 20181.861328125,
  "Z0646002|6": 20490.91796875,
  "Z0646003|6": 597.8729858398438,
  "Z0646004|6": 1.619293928146362,
  "Z0951001|6": 7770.44873046875,
  "Z0951002|6": 7852.5009765625,
  "Z1031001|6": 9101.5439453125,
  "Z1031002|6": 10325.501953125,
  "Z1119001|6": 11204.7841796875,
  "Z1524001|6": 13479.7236328125,
  "Z1899001|6": 13011.109375,
  "Z1899002|6": 15772.779296875,
  "Z2135001|6": 19419.87109375,
  "Z2135002|6": 18185.701171875,
  "Z0241002|7": 28213.27734375,
  "Z0241003|7": 26517.96875,
  "Z0241004|7": 23315.44921875,
  "Z0241005|7": 12200.6044921875,
  "Z0241006|7": 3804.557861328125,