{
  "Z0241002|1": 173296.625,
  "Z0241002|2": 55165.8984375,
  "Z0241002|3": 38907.56640625,
  "Z0241002|4": 26933.400390625,
  "Z0241002|5": 22821.3359375,
  "Z0241002|6": 19931.1171875,
  "Z0241002|7": 24216.982421875,
  "Z0241003|1": 181059.609375,
  "Z0241003|2": 51151.53515625,
  "Z0241003|3": 36618.984375,
  "Z0241003|4": 26444.529296875,
  "Z0241003|5": 25095.740234375,
  "Z0241003|6": 19003.873046875,
  "Z0241003|7": 21107.90234375,
  "Z0241004|1": 183306.265625,
  "Z0241004|2": 57402.0234375,
  "Z0241004|3": 39563.3515625,
  "Z0241004|4": 26017.84765625,
  "Z0241004|5": 28558.875,
  "Z0241004|6": 13112.822265625,
  "Z0241004|7": 12280.2548828125,
  "Z0241005|1": 72492.59375,
  "Z0241005|2": 12539.3798828125,
  "Z0241005|3": 15161.212890625,
  "Z0241005|4": 12442.560546875,
  "Z0241005|5": 6485.76904296875,
  "Z0241005|6": 5948.14990234375,
  "Z0241005|7": 13234.078125,
  "Z0241006|1": 16295.4443359375,
  "Z0241006|2": 4934.6533203125,
  "Z0241006|3": 5488.486328125,
  "Z0241006|4": 5167.072265625,
  "Z0241006|5": 6923.23291015625,
  "Z0241006|6": 1630.015380859375,
  "Z0241006|7": 2064.75048828125,
  "Z0241007|1": 85533.328125,
  "Z0241007|2": 20459.015625,
  "Z0241007|3": 14258.6064453125,
  "Z0241007|4": 15171.5849609375,
  "Z0241007|5": 12456.845703125,
  "Z0241007|6": 5151.54541015625,
  "Z0241007|7": 13875.181640625,
  "Z0241008|1": 0.0418638214468956,
  "Z0241008|2": 0.0,
  "Z0241008|3": 0.04911824688315392,
  "Z0241008|4": 0.0763595849275589,
  "Z0241008|5": 0.06417668610811234,
  "Z0241008|6": 0.08729438483715057,
  "Z0241008|7": 0.06525924056768417,
  "Z0276001|1": 82452.1953125,
  "Z0276001|2": 38715.421875,
  "Z0276001|3": 35966.93359375,
  "Z0276001|4": 26610.5703125,
  "Z0276001|5": 25451.484375,
  "Z0276001|6": 15117.1171875,
  "Z0276001|7": 28497.46875,
  "Z0276002|1": 91505.6953125,
  "Z0276002|2": 26667.044921875,
  "Z0276002|3": 21577.677734375,
  "Z0276002|4": 16213.947265625,
  "Z0276002|5": 18316.029296875,
  "Z0276002|6": 8131.1240234375,
  "Z0276002|7": 22974.572265625,
  "Z0276003|1": 11908.6806640625,
  "Z0276003|2": 2562.677734375,
  "Z0276003|3": 4517.0205078125,
  "Z0276003|4": 2635.308349609375,
  "Z0276003|5": 2440.30322265625,
  "Z0276003|6": 1768.282348632812,
  "Z0276003|7": 7587.4150390625,
  "Z0283001|1": 78248.296875,
  "Z0283001|2": 53085.03125,
  "Z0283001|3": 22448.509765625,
  "Z0283001|4": 12785.2529296875,
  "Z0283001|5": 14690.7841796875,
  "Z0283001|6": 0.0,
  "Z0283001|7": 0.0,
  "Z0284001|1": 302208.3125,
  "Z0284001|2": 130700.4375,
  "Z0284001|3": 77590.65625,
  "Z0284001|4": 48470.1875,
  "Z0284001|5": 65915.53125,
  "Z0284001|6": 0.0,
  "Z0284001|7": 0.0,
  "Z0386001|1": 152777.203125,
  "Z0386001|2": 56685.609375,
  "Z0386001|3": 37220.57421875,
  "Z0386001|4": 24376.66015625,
  "Z0386001|5": 20785.693359375,
  "Z0386001|6": 12465.806640625,
  "Z0386001|7": 19113.916015625,
  "Z0386002|1": 152989.5,
  "Z0386002|2": 57055.23046875,
  "Z0386002|3": 39247.7109375,
  "Z0386002|4": 29003.150390625,
  "Z0386002|5": 26852.45703125,
  "Z0386002|6": 16090.4013671875,
  "Z0386002|7": 16491.7890625,
  "Z0386003|1": 155239.796875,
  "Z0386003|2": 53587.27734375,
  "Z0386003|3": 36551.19140625,
  "Z0386003|4": 27284.544921875,
  "Z0386003|5": 25186.423828125,
  "Z0386003|6": 14118.265625,
  "Z0386003|7": 16093.271484375,
  "Z0386004|1": 39240.15234375,
  "Z0386004|2": 11489.4833984375,
  "Z0386004|3": 15851.14453125,
  "Z0386004|4": 11887.1640625,
  "Z0386004|5": 9051.8955078125,
  "Z0386004|6": 3174.549560546875,
  "Z0386004|7": 17550.240234375,
  "Z0386005|1": 8599.259765625,
  "Z0386005|2": 3949.532470703125,
  "Z0386005|3": 4269.60205078125,
  "Z0386005|4": 2313.48583984375,
  "Z0386005|5": 710.1200561523438,
  "Z0386005|6": 427.6800537109375,
  "Z0386005|7": 643.1685791015625,
  "Z0386006|1": 22181.5078125,
  "Z0386006|2": 8712.568359375,
  "Z0386006|3": 10357.9814453125,
  "Z0386006|4": 4775.10009765625,
  "Z0386006|5": 4385.765625,
  "Z0386006|6": 2501.730224609375,
  "Z0386006|7": 4653.8671875,
  "Z0386007|1": 2042.603637695312,
  "Z0386007|2": 4284.04833984375,
  "Z0386007|3": 3818.93896484375,
  "Z0386007|4": 2641.277587890625,
  "Z0386007|5": 3216.814453125,
  "Z0386007|6": 4045.419189453125,
  "Z0386007|7": 9617.494140625,
  "Z0646001|1": 210986.390625,
  "Z0646001|2": 81247.2265625,
  "Z0646001|3": 45798.6484375,
  "Z0646001|4": 31681.13671875,
  "Z0646001|5": 28903.02734375,
  "Z0646001|6": 23375.9921875,
  "Z0646001|7": 33298.15234375,
  "Z0646002|1": 203743.390625,
  "Z0646002|2": 79962.5,
  "Z0646002|3": 44431.3046875,
  "Z0646002|4": 32210.26953125,
  "Z0646002|5": 32677.388671875,
  "Z0646002|6": 29208.5625,
  "Z0646002|7": 32677.919921875,
  "Z0646003|1": 12518.802734375,
  "Z0646003|2": 5681.748046875,
  "Z0646003|3": 4430.3740234375,
  "Z0646003|4": 1961.1171875,
  "Z0646003|5": 677.481689453125,
  "Z0646003|6": 1324.9560546875,
  "Z0646003|7": 1192.295654296875,
  "Z0646004|1": 15247.9150390625,
  "Z0646004|2": 5711.13232421875,
  "Z0646004|3": 1959.388061523438,
  "Z0646004|4": 663.6061401367188,
  "Z0646004|5": 673.80517578125,
  "Z0646004|6": 27.67472076416016,
  "Z0646004|7": 4753.31396484375,
  "Z0899001|1": 382359.0625,
  "Z0899001|2": 134334.75,
  "Z0899001|3": 66162.2265625,
  "Z0899001|4": 42839.5859375,
  "Z0899001|5": 61665.96875,
  "Z0899001|6": 0.0,
  "Z0899001|7": 0.0,
  "Z0908001|1": 266664.46875,
  "Z0908001|2": 93326.7890625,
  "Z0908001|3": 33269.51953125,
  "Z0908001|4": 23975.158203125,
  "Z0908001|5": 37769.96875,
  "Z0908001|6": 0.0,
  "Z0908001|7": 0.0,
  "Z0951001|1": 189342.171875,
  "Z0951001|2": 78587.3046875,
  "Z0951001|3": 56421.8671875,
  "Z0951001|4": 44707.9765625,
  "Z0951001|5": 38473.34375,
  "Z0951001|6": 34817.2578125,
  "Z0951001|7": 35596.953125,
  "Z0951002|1": 154872.1875,
  "Z0951002|2": 63735.3515625,
  "Z0951002|3": 50446.64453125,
  "Z0951002|4": 36731.2265625,
  "Z0951002|5": 36734.0625,
  "Z0951002|6": 24468.8046875,
  "Z0951002|7": 31950.244140625,
  "Z0972001|1": 171485.875,
  "Z0972001|2": 47403.2890625,
  "Z0972001|3": 38078.5234375,
  "Z0972001|4": 25033.615234375,
  "Z0972001|5": 28829.02734375,
  "Z0972001|6": 0.0,
  "Z0972001|7": 0.0,
  "Z1031001|1": 89354.578125,
  "Z1031001|2": 26068.791015625,
  "Z1031001|3": 19140.34765625,
  "Z1031001|4": 12042.185546875,
  "Z1031001|5": 12058.7470703125,
  "Z1031001|6": 6446.10107421875,
  "Z1031001|7": 5873.22998046875,
  "Z1031002|1": 129624.1953125,
  "Z1031002|2": 47328.88671875,
  "Z1031002|3": 26920.84375,
  "Z1031002|4": 19869.1875,
  "Z1031002|5": 15725.6669921875,
  "Z1031002|6": 7604.64404296875,
  "Z1031002|7": 17019.49609375,
  "Z1119001|1": 248332.046875,
  "Z1119001|2": 73251.21875,
  "Z1119001|3": 77959.0703125,
  "Z1119001|4": 36852.38671875,
  "Z1119001|5": 19926.822265625,
  "Z1119001|6": 19842.203125,
  "Z1119001|7": 6775.0810546875,
  "Z1169001|1": 211612.078125,
  "Z1169001|2": 104427.90625,
  "Z1169001|3": 56340.140625,
  "Z1169001|4": 28553.810546875,
  "Z1169001|5": 49788.2578125,
  "Z1169001|6": 0.0,
  "Z1169001|7": 0.0,
  "Z1367001|1": 320306.25,
  "Z1367001|2": 144922.375,
  "Z1367001|3": 46654.78125,
  "Z1367001|4": 42223.015625,
  "Z1367001|5": 59590.1875,
  "Z1367001|6": 0.0,
  "Z1367001|7": 0.0,
  "Z1524001|1": 136422.125,
  "Z1524001|2": 45238.1796875,
  "Z1524001|3": 38328.09765625,
  "Z1524001|4": 27152.78125,
  "Z1524001|5": 21762.2109375,
  "Z1524001|6": 13169.2587890625,
  "Z1524001|7": 22738.431640625,
  "Z1665001|1": 212766.75,
  "Z1665001|2": 60041.6484375,
  "Z1665001|3": 43601.62890625,
  "Z1665001|4": 28662.564453125,
  "Z1665001|5": 33324.234375,
  "Z1665001|6": 0.0,
  "Z1665001|7": 0.0,
  "Z1769001|1": 265836.96875,
  "Z1769001|2": 113784.6328125,
  "Z1769001|3": 45618.57421875,
  "Z1769001|4": 31041.1015625,
  "Z1769001|5": 31961.09375,
  "Z1769001|6": 0.0,
  "Z1769001|7": 0.0,
  "Z1899001|1": 121342.375,
  "Z1899001|2": 33869.01953125,
  "Z1899001|3": 22512.53125,
  "Z1899001|4": 14262.455078125,
  "Z1899001|5": 13498.4619140625,