{
  "Z0241002|1": 10289.0,
  "Z0241002|2": 3592.3564453125,
  "Z0241002|3": 5750.654296875,
  "Z0241002|4": 12889.0068359375,
  "Z0241002|5": 12728.935546875,
  "Z0241002|6": 1798.989013671875,
  "Z0241002|7": 28247.173828125,
  "Z0241003|1": 3543.613525390625,
  "Z0241003|2": 13904.9150390625,
  "Z0241003|3": 12302.5673828125,
  "Z0241003|4": 28279.060546875,
  "Z0241003|5": 37894.73828125,
  "Z0241003|6": 1905.098999023438,
  "Z0241003|7": 14594.2216796875,
  "Z0241004|1": 7222.05029296875,
  "Z0241004|2": 12804.6845703125,
  "Z0241004|3": 8531.8984375,
  "Z0241004|4": 28453.8515625,
  "Z0241004|5": 45527.609375,
  "Z0241004|6": 1252.836181640625,
  "Z0241004|7": 22689.578125,
  "Z0241005|1": 14900.77734375,
  "Z0241005|2": 9161.8837890625,
  "Z0241005|3": 6735.59912109375,
  "Z0241005|4": 21706.716796875,
  "Z0241005|5": 32992.22265625,
  "Z0241005|6": 26994.34375,
  "Z0241005|7": 17306.4453125,
  "Z0241006|1": 4781.87158203125,
  "Z0241006|2": 5155.46728515625,
  "Z0241006|3": 5223.82373046875,
  "Z0241006|4": 32027.82421875,
  "Z0241006|5": 37045.84375,
  "Z0241006|6": 3994.922607421875,
  "Z0241006|7": 22.90154838562012,
  "Z0241007|1": 8745.3623046875,
  "Z0241007|2": 4676.1767578125,
  "Z0241007|3": 1271.376953125,
  "Z0241007|4": 18732.810546875,
  "Z0241007|5": 23510.583984375,
  "Z0241007|6": 24860.072265625,
  "Z0241007|7": 20053.6171875,
  "Z0241008|1": 4143.15185546875,
  "Z0241008|2": 3149.273193359375,
  "Z0241008|3": 3005.60791015625,
  "Z0241008|4": 9376.724609375,
  "Z0241008|5": 13210.3740234375,
  "Z0241008|6": 10766.970703125,
  "Z0241008|7": 8724.591796875,
  "Z0276001|1": 26696.23046875,
  "Z0276001|2": 24225.15625,
  "Z0276001|3": 17727.83203125,
  "Z0276001|4": 50879.328125,
  "Z0276001|5": 65887.0703125,
  "Z0276001|6": 44784.0234375,
  "Z0276001|7": 33284.49609375,
  "Z0276002|1": 17180.96484375,
  "Z0276002|2": 14771.7451171875,
  "Z0276002|3": 14824.2890625,
  "Z0276002|4": 44845.953125,
  "Z0276002|5": 67997.3828125,
  "Z0276002|6": 42563.6796875,
  "Z0276002|7": 31673.279296875,
  "Z0276003|1": 7754.7822265625,
  "Z0276003|2": 6360.63916015625,
  "Z0276003|3": 5749.60107421875,
  "Z0276003|4": 15007.888671875,
  "Z0276003|5": 19191.212890625,
  "Z0276003|6": 14094.1767578125,
  "Z0276003|7": 14345.40625,
  "Z0283001|1": 27661.57421875,
  "Z0283001|2": 28409.572265625,
  "Z0283001|3": 18754.029296875,
  "Z0283001|4": 34898.33984375,
  "Z0283001|5": 46010.6328125,
  "Z0283001|6": 0.0,
  "Z0283001|7": 0.0,
  "Z0284001|1": 37131.08984375,
  "Z0284001|2": 48144.015625,
  "Z0284001|3": 37241.8828125,
  "Z0284001|4": 52647.4609375,
  "Z0284001|5": 133103.546875,
  "Z0284001|6": 0.0,
  "Z0284001|7": 0.0,
  "Z0386001|1": 15037.8046875,
  "Z0386001|2": 11808.92578125,
  "Z0386001|3": 10345.5126953125,
  "Z0386001|4": 24499.71875,
  "Z0386001|5": 35210.92578125,
  "Z0386001|6": 33895.67578125,
  "Z0386001|7": 29349.85546875,
  "Z0386002|1": 11691.4794921875,
  "Z0386002|2": 14996.384765625,
  "Z0386002|3": 12048.1171875,
  "Z0386002|4": 27643.19140625,
  "Z0386002|5": 42387.0625,
  "Z0386002|6": 40223.78515625,
  "Z0386002|7": 31926.970703125,
  "Z0386003|1": 21820.8984375,
  "Z0386003|2": 14719.064453125,
  "Z0386003|3": 13165.873046875,
  "Z0386003|4": 31527.35546875,
  "Z0386003|5": 46454.32421875,
  "Z0386003|6": 41389.90625,
  "Z0386003|7": 31327.140625,
  "Z0386004|1": 4732.62353515625,
  "Z0386004|2": 3765.8251953125,
  "Z0386004|3": 3691.1474609375,
  "Z0386004|4": 8533.6396484375,
  "Z0386004|5": 10105.0263671875,
  "Z0386004|6": 13952.3671875,
  "Z0386004|7": 12560.94140625,
  "Z0386005|1": 2009.553588867188,
  "Z0386005|2": 1404.128784179688,
  "Z0386005|3": 1477.78759765625,
  "Z0386005|4": 3380.119873046875,
  "Z0386005|5": 5536.6083984375,
  "Z0386005|6": 3364.18017578125,
  "Z0386005|7": 4944.08447265625,
  "Z0386006|1": 3928.352294921875,
  "Z0386006|2": 2218.25732421875,
  "Z0386006|3": 2000.473266601562,
  "Z0386006|4": 6442.27978515625,
  "Z0386006|5": 14073.1552734375,
  "Z0386006|6": 13261.38671875,
  "Z0386006|7": 9695.8916015625,
  "Z0386007|1": 7867.61474609375,
  "Z0386007|2": 6584.56201171875,
  "Z0386007|3": 7238.1044921875,
  "Z0386007|4": 18204.998046875,
  "Z0386007|5": 13207.98046875,
  "Z0386007|6": 42457.7421875,
  "Z0386007|7": 28592.55859375,
  "Z0646001|1": 15409.7021484375,
  "Z0646001|2": 22824.18359375,
  "Z0646001|3": 16320.5263671875,
  "Z0646001|4": 43195.3203125,
  "Z0646001|5": 61869.265625,
  "Z0646001|6": 47087.52734375,
  "Z0646001|7": 44142.79296875,
  "Z0646002|1": 14391.1484375,
  "Z0646002|2": 22379.16015625,
  "Z0646002|3": 15508.5595703125,
  "Z0646002|4": 36459.62890625,
  "Z0646002|5": 62741.4765625,
  "Z0646002|6": 53680.73828125,
  "Z0646002|7": 43492.73828125,
  "Z0646003|1": 1443.475708007812,
  "Z0646003|2": 1236.509033203125,
  "Z0646003|3": 939.4498291015625,
  "Z0646003|4": 2589.5322265625,
  "Z0646003|5": 3288.70654296875,
  "Z0646003|6": 4538.0068359375,
  "Z0646003|7": 4463.98974609375,
  "Z0646004|1": 76.20245361328125,
  "Z0646004|2": 792.9667358398438,
  "Z0646004|3": 837.61279296875,
  "Z0646004|4": 2697.998779296875,
  "Z0646004|5": 5627.8486328125,
  "Z0646004|6": 6331.5302734375,
  "Z0646004|7": 6429.5478515625,
  "Z0899001|1": 63927.60546875,
  "Z0899001|2": 84076.453125,
  "Z0899001|3": 32467.828125,
  "Z0899001|4": 58507.078125,
  "Z0899001|5": 75257.8828125,
  "Z0899001|6": 0.0,
  "Z0899001|7": 0.0,
  "Z0908001|1": 63770.5625,
  "Z0908001|2": 37290.14453125,
  "Z0908001|3": 37238.29296875,
  "Z0908001|4": 58173.3046875,
  "Z0908001|5": 68555.0234375,
  "Z0908001|6": 0.0,
  "Z0908001|7": 0.0,
  "Z0951001|1": 37265.86328125,
  "Z0951001|2": 34349.25,
  "Z0951001|3": 26176.73828125,
  "Z0951001|4": 43801.7265625,
  "Z0951001|5": 62626.99609375,
  "Z0951001|6": 39539.81640625,
  "Z0951001|7": 6513.61328125,
  "Z0951002|1": 45038.09765625,
  "Z0951002|2": 36016.43359375,
  "Z0951002|3": 33688.80859375,
  "Z0951002|4": 46738.5078125,
  "Z0951002|5": 63967.734375,
  "Z0951002|6": 36973.83984375,
  "Z0951002|7": 5307.49951171875,
  "Z0972001|1": 28581.625,
  "Z0972001|2": 20468.65234375,
  "Z0972001|3": 15144.8466796875,
  "Z0972001|4": 47676.7265625,
  "Z0972001|5": 188601.34375,
  "Z0972001|6": 0.0,
  "Z0972001|7": 0.0,
  "Z1031001|1": 12513.6376953125,
  "Z1031001|2": 8657.5400390625,
  "Z1031001|3": 11745.708984375,
  "Z1031001|4": 11326.12109375,
  "Z1031001|5": 26948.146484375,
  "Z1031001|6": 31309.548828125,
  "Z1031001|7": 21768.267578125,
  "Z1031002|1": 16467.04296875,
  "Z1031002|2": 16116.9345703125,
  "Z1031002|3": 14310.7099609375,
  "Z1031002|4": 17580.9765625,
  "Z1031002|5": 34295.796875,
  "Z1031002|6": 42415.89453125,
  "Z1031002|7": 30624.6640625,
  "Z1119001|1": 42942.7109375,
  "Z1119001|2": 19194.671875,
  "Z1119001|3": 18403.134765625,
  "Z1119001|4": 38099.375,
  "Z1119001|5": 70653.0859375,
  "Z1119001|6": 67626.6875,
  "Z1119001|7": 45354.73828125,
  "Z1169001|1": 60424.28515625,
  "Z1169001|2": 23543.76953125,
  "Z1169001|3": 23181.703125,
  "Z1169001|4": 46757.0546875,
  "Z1169001|5": 63422.609375,
  "Z1169001|6": 0.0,
  "Z1169001|7": 0.0,
  "Z1367001|1": 73288.125,
  "Z1367001|2": 87875.859375,
  "Z1367001|3": 64325.24609375,
  "Z1367001|4": 64687.8359375,
  "Z1367001|5": 115184.234375,
  "Z1367001|6": 0.0,
  "Z1367001|7": 0.0,
  "Z1524001|1": 10846.9033203125,
  "Z1524001|2": 18857.498046875,
  "Z1524001|3": 14681.3076171875,
  "Z1524001|4": 24766.076171875,
  "Z1524001|5": 30415.037109375,
  "Z1524001|6": 45718.05078125,
  "Z1524001|7": 39476.96875,
  "Z1665001|1": 57375.703125,
  "Z1665001|2": 29649.537109375,
  "Z1665001|3": 30203.388671875,
  "Z1665001|4": 46728.8828125,
  "Z1665001|5": 85246.4453125,
  "Z1665001|6": 0.0,
  "Z1665001|7": 0.0,
  "Z1769001|1": 30978.66796875,
  "Z1769001|2": 34313.69140625,
  "Z1769001|3": 27488.189453125,
  "Z1769001|4": 29124.943359375,
  "Z1769001|5": 41980.578125,
  "Z1769001|6": 0.0,
  "Z1769001|7": 0.0,
  "Z1899001|1": 11718.484375,
  "Z1899001|2": 14935.9208984375,