{
  "Z0241002|1": 93236.3046875,
  "Z0241002|2": 105849.3828125,
  "Z0241002|3": 106003.4375,
  "Z0241002|4": 129527.4375,
  "Z0241002|5": 126303.03125,
  "Z0241002|6": 100781.890625,
  "Z0241002|7": 52216.796875,
  "Z0241003|1": 19847.091796875,
  "Z0241003|2": 19305.8125,
  "Z0241003|3": 25230.607421875,
  "Z0241003|4": 58033.24609375,
  "Z0241003|5": 62570.1875,
  "Z0241003|6": 56499.16796875,
  "Z0241003|7": 34635.3125,
  "Z0241004|1": 98406.2421875,
  "Z0241004|2": 108984.703125,
  "Z0241004|3": 110218.078125,
  "Z0241004|4": 141615.453125,
  "Z0241004|5": 131198.71875,
  "Z0241004|6": 93058.3671875,
  "Z0241004|7": 50540.765625,
  "Z0241005|1": 36667.63671875,
  "Z0241005|2": 46905.70703125,
  "Z0241005|3": 38063.6796875,
  "Z0241005|4": 59222.30078125,
  "Z0241005|5": 41330.19921875,
  "Z0241005|6": 32297.38671875,
  "Z0241005|7": 20854.705078125,
  "Z0241006|1": 26345.66796875,
  "Z0241006|2": 24660.576171875,
  "Z0241006|3": 20862.423828125,
  "Z0241006|4": 23083.96484375,
  "Z0241006|5": 17780.060546875,
  "Z0241006|6": 3229.590087890625,
  "Z0241006|7": 2408.454833984375,
  "Z0241007|1": 52021.65234375,
  "Z0241007|2": 45352.15625,
  "Z0241007|3": 44292.6796875,
  "Z0241007|4": 60418.0859375,
  "Z0241007|5": 55584.2890625,
  "Z0241007|6": 49257.61328125,
  "Z0241007|7": 31543.62890625,
  "Z0241008|1": 19154.486328125,
  "Z0241008|2": 23558.79296875,
  "Z0241008|3": 18808.6171875,
  "Z0241008|4": 24488.96875,
  "Z0241008|5": 22817.171875,
  "Z0241008|6": 14814.2861328125,
  "Z0241008|7": 11501.345703125,
  "Z0276001|1": 83739.1328125,
  "Z0276001|2": 77833.3515625,
  "Z0276001|3": 87369.59375,
  "Z0276001|4": 108727.546875,
  "Z0276001|5": 91608.28125,
  "Z0276001|6": 71359.4765625,
  "Z0276001|7": 34916.42578125,
  "Z0276002|1": 89497.15625,
  "Z0276002|2": 63835.15234375,
  "Z0276002|3": 48510.44140625,
  "Z0276002|4": 71804.984375,
  "Z0276002|5": 70628.734375,
  "Z0276002|6": 51033.34765625,
  "Z0276002|7": 23636.32421875,
  "Z0276003|1": 20593.650390625,
  "Z0276003|2": 23022.623046875,
  "Z0276003|3": 20676.05078125,
  "Z0276003|4": 26137.546875,
  "Z0276003|5": 23244.263671875,
  "Z0276003|6": 17766.28125,
  "Z0276003|7": 14444.2158203125,
  "Z0283001|1": 69619.9765625,
  "Z0283001|2": 92588.0390625,
  "Z0283001|3": 77486.1484375,
  "Z0283001|4": 57486.09375,
  "Z0283001|5": 67504.484375,
  "Z0283001|6": 0.0,
  "Z0283001|7": 0.0,
  "Z0284001|1": 153814.75,
  "Z0284001|2": 200777.15625,
  "Z0284001|3": 136369.171875,
  "Z0284001|4": 197366.390625,
  "Z0284001|5": 198937.5,
  "Z0284001|6": 0.0,
  "Z0284001|7": 0.0,
  "Z0386001|1": 87200.9453125,
  "Z0386001|2": 82401.1640625,
  "Z0386001|3": 63477.21484375,
  "Z0386001|4": 118206.0,
  "Z0386001|5": 122523.46875,
  "Z0386001|6": 83100.140625,
  "Z0386001|7": 44368.2734375,
  "Z0386002|1": 93601.6640625,
  "Z0386002|2": 85133.2421875,
  "Z0386002|3": 87466.9609375,
  "Z0386002|4": 130071.6015625,
  "Z0386002|5": 112455.640625,
  "Z0386002|6": 87134.7734375,
  "Z0386002|7": 46601.16796875,
  "Z0386003|1": 83551.5859375,
  "Z0386003|2": 82780.0234375,
  "Z0386003|3": 89288.375,
  "Z0386003|4": 136144.25,
  "Z0386003|5": 141893.40625,
  "Z0386003|6": 93464.4765625,
  "Z0386003|7": 54456.17578125,
  "Z0386004|1": 6653.38525390625,
  "Z0386004|2": 4046.180419921875,
  "Z0386004|3": 12265.671875,
  "Z0386004|4": 21188.93359375,
  "Z0386004|5": 22130.7421875,
  "Z0386004|6": 14249.3154296875,
  "Z0386004|7": 8540.123046875,
  "Z0386005|1": 8791.8212890625,
  "Z0386005|2": 10986.5537109375,
  "Z0386005|3": 16102.068359375,
  "Z0386005|4": 23394.18359375,
  "Z0386005|5": 19973.76953125,
  "Z0386005|6": 13917.189453125,
  "Z0386005|7": 11863.03125,
  "Z0386006|1": 19809.953125,
  "Z0386006|2": 18988.640625,
  "Z0386006|3": 19617.12890625,
  "Z0386006|4": 36726.33203125,
  "Z0386006|5": 23793.08203125,
  "Z0386006|6": 16653.322265625,
  "Z0386006|7": 10201.7744140625,
  "Z0386007|1": 26273.60546875,
  "Z0386007|2": 24248.314453125,
  "Z0386007|3": 7748.63671875,
  "Z0386007|4": 11795.6416015625,
  "Z0386007|5": 38242.30078125,
  "Z0386007|6": 43436.04296875,
  "Z0386007|7": 29750.26171875,
  "Z0646001|1": 103185.0703125,
  "Z0646001|2": 101836.75,
  "Z0646001|3": 121454.203125,
  "Z0646001|4": 187544.859375,
  "Z0646001|5": 183574.109375,
  "Z0646001|6": 93341.546875,
  "Z0646001|7": 52280.828125,
  "Z0646002|1": 99833.0390625,
  "Z0646002|2": 105439.2265625,
  "Z0646002|3": 127568.0546875,
  "Z0646002|4": 189342.703125,
  "Z0646002|5": 190563.515625,
  "Z0646002|6": 97443.2109375,
  "Z0646002|7": 47863.625,
  "Z0646003|1": 7157.9609375,
  "Z0646003|2": 8780.876953125,
  "Z0646003|3": 6860.677734375,
  "Z0646003|4": 16882.388671875,
  "Z0646003|5": 16202.6318359375,
  "Z0646003|6": 9809.330078125,
  "Z0646003|7": 7140.62744140625,
  "Z0646004|1": 9117.455078125,
  "Z0646004|2": 6951.43994140625,
  "Z0646004|3": 4550.28125,
  "Z0646004|4": 2904.401611328125,
  "Z0646004|5": 7558.6044921875,
  "Z0646004|6": 4845.0166015625,
  "Z0646004|7": 5802.02001953125,
  "Z0899001|1": 201871.359375,
  "Z0899001|2": 212215.140625,
  "Z0899001|3": 162857.625,
  "Z0899001|4": 237287.28125,
  "Z0899001|5": 284165.21875,
  "Z0899001|6": 0.0,
  "Z0899001|7": 0.0,
  "Z0908001|1": 192581.578125,
  "Z0908001|2": 208035.890625,
  "Z0908001|3": 189471.671875,
  "Z0908001|4": 160303.671875,
  "Z0908001|5": 188825.90625,
  "Z0908001|6": 0.0,
  "Z0908001|7": 0.0,
  "Z0951001|1": 118266.546875,
  "Z0951001|2": 125841.34375,
  "Z0951001|3": 130960.9453125,
  "Z0951001|4": 158969.890625,
  "Z0951001|5": 152084.21875,
  "Z0951001|6": 84431.4921875,
  "Z0951001|7": 29482.4140625,
  "Z0951002|1": 117997.6328125,
  "Z0951002|2": 127061.5,
  "Z0951002|3": 128971.15625,
  "Z0951002|4": 172603.21875,
  "Z0951002|5": 154954.171875,
  "Z0951002|6": 89850.359375,
  "Z0951002|7": 24126.79296875,
  "Z0972001|1": 107487.3671875,
  "Z0972001|2": 85199.109375,
  "Z0972001|3": 91228.234375,
  "Z0972001|4": 122946.953125,
  "Z0972001|5": 125198.875,
  "Z0972001|6": 0.0,
  "Z0972001|7": 0.0,
  "Z1031001|1": 40641.12890625,
  "Z1031001|2": 51883.16796875,
  "Z1031001|3": 48106.80859375,
  "Z1031001|4": 77601.2890625,
  "Z1031001|5": 74671.2578125,
  "Z1031001|6": 42616.05078125,
  "Z1031001|7": 24927.8984375,
  "Z1031002|1": 75101.2578125,
  "Z1031002|2": 71124.1953125,
  "Z1031002|3": 75767.2109375,
  "Z1031002|4": 110748.6015625,
  "Z1031002|5": 119880.875,
  "Z1031002|6": 66798.5625,
  "Z1031002|7": 33963.27734375,
  "Z1119001|1": 165904.296875,
  "Z1119001|2": 202238.25,
  "Z1119001|3": 223582.21875,
  "Z1119001|4": 297321.90625,
  "Z1119001|5": 287865.21875,
  "Z1119001|6": 169180.671875,
  "Z1119001|7": 27886.005859375,
  "Z1169001|1": 223201.296875,
  "Z1169001|2": 122963.4921875,
  "Z1169001|3": 126897.78125,
  "Z1169001|4": 224390.296875,
  "Z1169001|5": 142902.421875,
  "Z1169001|6": 0.0,
  "Z1169001|7": 0.0,
  "Z1367001|1": 209368.421875,
  "Z1367001|2": 287119.75,
  "Z1367001|3": 159093.046875,
  "Z1367001|4": 291960.71875,
  "Z1367001|5": 267122.65625,
  "Z1367001|6": 0.0,
  "Z1367001|7": 0.0,
  "Z1524001|1": 60322.45703125,
  "Z1524001|2": 75054.21875,
  "Z1524001|3": 62447.14453125,
  "Z1524001|4": 100333.46875,
  "Z1524001|5": 95030.28125,
  "Z1524001|6": 81317.828125,
  "Z1524001|7": 46139.8359375,
  "Z1665001|1": 150164.234375,
  "Z1665001|2": 86124.046875,
  "Z1665001|3": 103831.5546875,
  "Z1665001|4": 106588.0546875,
  "Z1665001|5": 137377.546875,
  "Z1665001|6": 0.0,
  "Z1665001|7": 0.0,
  "Z1769001|1": 138304.828125,
  "Z1769001|2": 134590.0625,
  "Z1769001|3": 114460.703125,
  "Z1769001|4": 185244.125,
  "Z1769001|5": 172116.671875,
  "Z1769001|6": 0.0,
  "Z1769001|7": 0.0,
  "Z1899001|1": 48438.18359375,
  "Z1899001|2": 68992.7265625,
  "Z1899001|3": 52484.80078125,
  "Z1899001|4": 71206.9921875,
  "Z1899001|5": 83141.125,
  "Z1899001|6": 44833.65234375,
  "Z1899001|7": 23487.65234375,
  "Z1899002|1": 62354.19140625,
  "Z1899002|2": 67375.9140625,
  "Z1899002|3": 63040.31640625,
  "Z1899002|4": 81447.984375,