{
  "Z0241002|1": 79531.671875,
  "Z0241002|2": 21408.990234375,
  "Z0241002|3": 5837.54248046875,
  "Z0241002|4": 5742.947265625,
  "Z0241002|5": 4906.32666015625,
  "Z0241002|6": 100.897819519043,
  "Z0241002|7": 76.18699645996094,
  "Z0241003|1": 90782.3515625,
  "Z0241003|2": 102997.7265625,
  "Z0241003|3": 112808.6484375,
  "Z0241003|4": 76155.03125,
  "Z0241003|5": 70091.0859375,
  "Z0241003|6": 19256.224609375,
  "Z0241003|7": 7.036410331726074,
  "Z0241004|1": 126624.25,
  "Z0241004|2": 104263.1328125,
  "Z0241004|3": 133696.90625,
  "Z0241004|4": 78364.296875,
  "Z0241004|5": 74030.359375,
  "Z0241004|6": 40965.8984375,
  "Z0241004|7": 7.389857292175293,
  "Z0241005|1": 18963.09375,
  "Z0241005|2": 23023.373046875,
  "Z0241005|3": 31103.359375,
  "Z0241005|4": 18625.77734375,
  "Z0241005|5": 19708.798828125,
  "Z0241005|6": 10239.9140625,
  "Z0241005|7": 6008.6416015625,
  "Z0241006|1": 4664.74072265625,
  "Z0241006|2": 4731.58984375,
  "Z0241006|3": 5645.208984375,
  "Z0241006|4": 4403.83935546875,
  "Z0241006|5": 13020.66796875,
  "Z0241006|6": 1371.168090820312,
  "Z0241006|7": 2202.26318359375,
  "Z0241007|1": 29637.859375,
  "Z0241007|2": 46100.76171875,
  "Z0241007|3": 50235.83984375,
  "Z0241007|4": 25976.341796875,
  "Z0241007|5": 27106.28125,
  "Z0241007|6": 8578.1640625,
  "Z0241007|7": 8912.5712890625,
  "Z0241008|1": 15124.8974609375,
  "Z0241008|2": 15115.6826171875,
  "Z0241008|3": 20887.455078125,
  "Z0241008|4": 12285.3310546875,
  "Z0241008|5": 16008.47265625,
  "Z0241008|6": 4527.2412109375,
  "Z0241008|7": 4159.41552734375,
  "Z0276001|1": 74563.1171875,
  "Z0276001|2": 75340.1015625,
  "Z0276001|3": 118316.34375,
  "Z0276001|4": 58826.9453125,
  "Z0276001|5": 62734.17578125,
  "Z0276001|6": 28778.177734375,
  "Z0276001|7": 19332.1484375,
  "Z0276002|1": 73618.5546875,
  "Z0276002|2": 75040.7265625,
  "Z0276002|3": 102937.0390625,
  "Z0276002|4": 47340.26953125,
  "Z0276002|5": 45162.7890625,
  "Z0276002|6": 29980.513671875,
  "Z0276002|7": 1467.3330078125,
  "Z0276003|1": 22832.0,
  "Z0276003|2": 17469.2265625,
  "Z0276003|3": 25446.236328125,
  "Z0276003|4": 15156.73828125,
  "Z0276003|5": 15521.951171875,
  "Z0276003|6": 6144.75830078125,
  "Z0276003|7": 3830.2705078125,
  "Z0283001|1": 44709.2578125,
  "Z0283001|2": 51840.01953125,
  "Z0283001|3": 32400.796875,
  "Z0283001|4": 49725.671875,
  "Z0283001|5": 32527.552734375,
  "Z0283001|6": 0.0,
  "Z0283001|7": 0.0,
  "Z0284001|1": 152446.71875,
  "Z0284001|2": 174529.984375,
  "Z0284001|3": 111535.328125,
  "Z0284001|4": 141261.5625,
  "Z0284001|5": 165205.6875,
  "Z0284001|6": 0.0,
  "Z0284001|7": 0.0,
  "Z0386001|1": 4899.24169921875,
  "Z0386001|2": 49254.0234375,
  "Z0386001|3": 85162.4296875,
  "Z0386001|4": 39338.921875,
  "Z0386001|5": 34456.93359375,
  "Z0386001|6": 26864.59375,
  "Z0386001|7": 14550.26171875,
  "Z0386002|1": 62511.88671875,
  "Z0386002|2": 61836.46484375,
  "Z0386002|3": 86755.703125,
  "Z0386002|4": 48541.29296875,
  "Z0386002|5": 45781.40625,
  "Z0386002|6": 29058.162109375,
  "Z0386002|7": 10136.7841796875,
  "Z0386003|1": 44612.91015625,
  "Z0386003|2": 59403.23046875,
  "Z0386003|3": 60524.17578125,
  "Z0386003|4": 35241.765625,
  "Z0386003|5": 40056.6484375,
  "Z0386003|6": 29617.912109375,
  "Z0386003|7": 11391.1103515625,
  "Z0386004|1": 4986.0595703125,
  "Z0386004|2": 4231.76123046875,
  "Z0386004|3": 8091.07958984375,
  "Z0386004|4": 7105.193359375,
  "Z0386004|5": 6526.95947265625,
  "Z0386004|6": 3317.20947265625,
  "Z0386004|7": 3090.436767578125,
  "Z0386005|1": 28229.263671875,
  "Z0386005|2": 32538.1328125,
  "Z0386005|3": 27363.736328125,
  "Z0386005|4": 10728.6220703125,
  "Z0386005|5": 15088.2734375,
  "Z0386005|6": 3865.89892578125,
  "Z0386005|7": 1486.698364257812,
  "Z0386006|1": 6272.9453125,
  "Z0386006|2": 5641.5107421875,
  "Z0386006|3": 6049.3212890625,
  "Z0386006|4": 4467.21435546875,
  "Z0386006|5": 6088.7548828125,
  "Z0386006|6": 3772.437255859375,
  "Z0386006|7": 2772.120849609375,
  "Z0386007|1": 15111.30078125,
  "Z0386007|2": 13310.564453125,
  "Z0386007|3": 24452.984375,
  "Z0386007|4": 23439.8359375,
  "Z0386007|5": 21572.8359375,
  "Z0386007|6": 9657.0830078125,
  "Z0386007|7": 3314.20458984375,
  "Z0646001|1": 116725.6484375,
  "Z0646001|2": 111411.4765625,
  "Z0646001|3": 130704.953125,
  "Z0646001|4": 62767.5078125,
  "Z0646001|5": 58148.734375,
  "Z0646001|6": 38509.94140625,
  "Z0646001|7": 12283.2451171875,
  "Z0646002|1": 97512.421875,
  "Z0646002|2": 82528.6875,
  "Z0646002|3": 110072.53125,
  "Z0646002|4": 60412.7578125,
  "Z0646002|5": 57451.4296875,
  "Z0646002|6": 25594.681640625,
  "Z0646002|7": 11008.8359375,
  "Z0646003|1": 2250.18408203125,
  "Z0646003|2": 2040.647583007812,
  "Z0646003|3": 3774.80224609375,
  "Z0646003|4": 1318.538818359375,
  "Z0646003|5": 1750.012329101562,
  "Z0646003|6": 981.5638427734375,
  "Z0646003|7": 1161.706298828125,
  "Z0646004|1": 4829.90478515625,
  "Z0646004|2": 7318.9677734375,
  "Z0646004|3": 6863.98046875,
  "Z0646004|4": 3593.81640625,
  "Z0646004|5": 2227.3193359375,
  "Z0646004|6": 701.2529296875,
  "Z0646004|7": 990.4896850585938,
  "Z0899001|1": 197861.15625,
  "Z0899001|2": 113299.9765625,
  "Z0899001|3": 172587.796875,
  "Z0899001|4": 115453.1328125,
  "Z0899001|5": 93655.1875,
  "Z0899001|6": 0.0,
  "Z0899001|7": 0.0,
  "Z0908001|1": 98373.0625,
  "Z0908001|2": 89709.2890625,
  "Z0908001|3": 122746.0703125,
  "Z0908001|4": 54909.12890625,
  "Z0908001|5": 128642.8359375,
  "Z0908001|6": 0.0,
  "Z0908001|7": 0.0,
  "Z0951001|1": 98328.3203125,
  "Z0951001|2": 48312.91015625,
  "Z0951001|3": 117142.8359375,
  "Z0951001|4": 73783.2421875,
  "Z0951001|5": 39243.6328125,
  "Z0951001|6": 40818.0546875,
  "Z0951001|7": 16460.68359375,
  "Z0951002|1": 92381.59375,
  "Z0951002|2": 41413.04296875,
  "Z0951002|3": 122115.8046875,
  "Z0951002|4": 78557.046875,
  "Z0951002|5": 105697.703125,
  "Z0951002|6": 50762.95703125,
  "Z0951002|7": 14298.4990234375,
  "Z0972001|1": 102961.875,
  "Z0972001|2": 97767.0,
  "Z0972001|3": 29391.84375,
  "Z0972001|4": 22959.587890625,
  "Z0972001|5": 92341.8671875,
  "Z0972001|6": 0.0,
  "Z0972001|7": 0.0,
  "Z1031001|1": 10324.427734375,
  "Z1031001|2": 24672.341796875,
  "Z1031001|3": 35131.09375,
  "Z1031001|4": 9979.2890625,
  "Z1031001|5": 11864.1748046875,
  "Z1031001|6": 7119.2763671875,
  "Z1031001|7": 2340.489501953125,
  "Z1031002|1": 29586.291015625,
  "Z1031002|2": 48818.59375,
  "Z1031002|3": 53290.265625,
  "Z1031002|4": 31693.283203125,
  "Z1031002|5": 27326.626953125,
  "Z1031002|6": 12308.2001953125,
  "Z1031002|7": 7354.25732421875,
  "Z1119001|1": 34323.609375,
  "Z1119001|2": 63388.140625,
  "Z1119001|3": 114241.21875,
  "Z1119001|4": 69085.7265625,
  "Z1119001|5": 43682.2109375,
  "Z1119001|6": 36561.82421875,
  "Z1119001|7": 7246.78076171875,
  "Z1169001|1": 114145.2734375,
  "Z1169001|2": 125620.1484375,
  "Z1169001|3": 94211.4921875,
  "Z1169001|4": 61869.0859375,
  "Z1169001|5": 99157.1953125,
  "Z1169001|6": 0.0,
  "Z1169001|7": 0.0,
  "Z1367001|1": 154530.546875,
  "Z1367001|2": 140067.375,
  "Z1367001|3": 181903.0625,
  "Z1367001|4": 115846.328125,
  "Z1367001|5": 128342.0,
  "Z1367001|6": 0.0,
  "Z1367001|7": 0.0,
  "Z1524001|1": 101871.953125,
  "Z1524001|2": 98071.625,
  "Z1524001|3": 131909.984375,
  "Z1524001|4": 47207.26953125,
  "Z1524001|5": 44649.515625,
  "Z1524001|6": 28065.138671875,
  "Z1524001|7": 12907.3486328125,
  "Z1665001|1": 129055.96875,
  "Z1665001|2": 118488.3203125,
  "Z1665001|3": 87755.09375,
  "Z1665001|4": 69619.015625,
  "Z1665001|5": 86392.9140625,
  "Z1665001|6": 0.0,
  "Z1665001|7": 0.0,
  "Z1769001|1": 182024.875,
  "Z1769001|2": 151549.71875,
  "Z1769001|3": 189653.25,
  "Z1769001|4": 86366.5546875,
  "Z1769001|5": 147678.0625,
  "Z1769001|6": 0.0,
  "Z1769001|7": 0.0,
  "Z1899001|1": 67100.6640625,
  "Z1899001|2": 64394.7265625,
  "Z1899001|3": 97558.7421875,
  "Z1899001|4": 38399.625,
  "Z1899001|5": 54837.27734375,
  "Z1899001|6": 17801.091796875,