{
  "Z0241002|1": 18546.189453125,
  "Z0241002|2": 13443.837890625,
  "Z0241002|3": 12667.98046875,
  "Z0241002|4": 17880.1953125,
  "Z0241002|5": 31934.98046875,
  "Z0241002|6": 43467.56640625,
  "Z0241002|7": 37808.171875,
  "Z0241003|1": 21740.880859375,
  "Z0241003|2": 12958.8720703125,
  "Z0241003|3": 11458.2314453125,
  "Z0241003|4": 23981.556640625,
  "Z0241003|5": 41756.01171875,
  "Z0241003|6": 53736.98046875,
  "Z0241003|7": 36036.359375,
  "Z0241004|1": 22068.423828125,
  "Z0241004|2": 11405.373046875,
  "Z0241004|3": 14132.4443359375,
  "Z0241004|4": 26492.109375,
  "Z0241004|5": 49575.046875,
  "Z0241004|6": 46362.21875,
  "Z0241004|7": 34564.55859375,
  "Z0241005|1": 10099.158203125,
  "Z0241005|2": 9786.0107421875,
  "Z0241005|3": 7299.6005859375,
  "Z0241005|4": 14175.587890625,
  "Z0241005|5": 23400.099609375,
  "Z0241005|6": 22258.279296875,
  "Z0241005|7": 16390.892578125,
  "Z0241006|1": 27818.138671875,
  "Z0241006|2": 30231.802734375,
  "Z0241006|3": 25626.23828125,
  "Z0241006|4": 45186.3984375,
  "Z0241006|5": 54073.5,
  "Z0241006|6": 7079.43994140625,
  "Z0241006|7": 6857.64599609375,
  "Z0241007|1": 7560.1494140625,
  "Z0241007|2": 5654.52099609375,
  "Z0241007|3": 3902.059326171875,
  "Z0241007|4": 13814.14453125,
  "Z0241007|5": 19663.419921875,
  "Z0241007|6": 22599.521484375,
  "Z0241007|7": 14560.298828125,
  "Z0241008|1": 0.01649384573101997,
  "Z0241008|2": 0.03287531062960625,
  "Z0241008|3": 0.03353538736701012,
  "Z0241008|4": 0.1080273687839508,
  "Z0241008|5": 0.1697694659233093,
  "Z0241008|6": 0.07356765121221542,
  "Z0241008|7": 0.04051879420876503,
  "Z0276001|1": 22412.908203125,
  "Z0276001|2": 11196.8466796875,
  "Z0276001|3": 16002.48828125,
  "Z0276001|4": 41101.53515625,
  "Z0276001|5": 71629.859375,
  "Z0276001|6": 51564.14453125,
  "Z0276001|7": 41908.61328125,
  "Z0276002|1": 15270.421875,
  "Z0276002|2": 11472.25,
  "Z0276002|3": 12298.84765625,
  "Z0276002|4": 30964.51953125,
  "Z0276002|5": 55393.0703125,
  "Z0276002|6": 41199.33203125,
  "Z0276002|7": 28019.806640625,
  "Z0276003|1": 1224.507934570312,
  "Z0276003|2": 1313.50732421875,
  "Z0276003|3": 1185.127197265625,
  "Z0276003|4": 2603.766845703125,
  "Z0276003|5": 6298.59423828125,
  "Z0276003|6": 9049.771484375,
  "Z0276003|7": 9735.0234375,
  "Z0283001|1": 11484.3916015625,
  "Z0283001|2": 13503.6181640625,
  "Z0283001|3": 33922.16015625,
  "Z0283001|4": 39550.52734375,
  "Z0283001|5": 40936.13671875,
  "Z0283001|6": 0.0,
  "Z0283001|7": 0.0,
  "Z0284001|1": 47130.79296875,
  "Z0284001|2": 32747.865234375,
  "Z0284001|3": 31709.337890625,
  "Z0284001|4": 61811.171875,
  "Z0284001|5": 107698.890625,
  "Z0284001|6": 0.0,
  "Z0284001|7": 0.0,
  "Z0386001|1": 16603.9296875,
  "Z0386001|2": 8780.7919921875,
  "Z0386001|3": 11398.8369140625,
  "Z0386001|4": 16855.8828125,
  "Z0386001|5": 27915.703125,
  "Z0386001|6": 58465.1328125,
  "Z0386001|7": 30183.14453125,
  "Z0386002|1": 19068.0625,
  "Z0386002|2": 10588.9140625,
  "Z0386002|3": 11738.4287109375,
  "Z0386002|4": 20964.23046875,
  "Z0386002|5": 50473.50390625,
  "Z0386002|6": 55942.3359375,
  "Z0386002|7": 34280.328125,
  "Z0386003|1": 20090.390625,
  "Z0386003|2": 10717.4130859375,
  "Z0386003|3": 12427.111328125,
  "Z0386003|4": 25647.94921875,
  "Z0386003|5": 149503.25,
  "Z0386003|6": 50825.3515625,
  "Z0386003|7": 37973.89453125,
  "Z0386004|1": 3504.697021484375,
  "Z0386004|2": 3365.5830078125,
  "Z0386004|3": 5331.02685546875,
  "Z0386004|4": 7489.1689453125,
  "Z0386004|5": 13972.6611328125,
  "Z0386004|6": 17450.359375,
  "Z0386004|7": 13989.783203125,
  "Z0386005|1": 435.5257568359375,
  "Z0386005|2": 382.7810668945312,
  "Z0386005|3": 8.163105964660645,
  "Z0386005|4": 840.79345703125,
  "Z0386005|5": 3063.1162109375,
  "Z0386005|6": 4970.0146484375,
  "Z0386005|7": 2544.045166015625,
  "Z0386006|1": 940.405029296875,
  "Z0386006|2": 2190.6396484375,
  "Z0386006|3": 2714.232666015625,
  "Z0386006|4": 6808.11474609375,
  "Z0386006|5": 12423.1298828125,
  "Z0386006|6": 15792.7392578125,
  "Z0386006|7": 10854.541015625,
  "Z0386007|1": 0.03447879105806351,
  "Z0386007|2": 0.0,
  "Z0386007|3": 0.07352706044912338,
  "Z0386007|4": 0.1113986894488335,
  "Z0386007|5": 0.1855806857347488,
  "Z0386007|6": 0.07021978497505188,
  "Z0386007|7": 0.03876467421650887,
  "Z0646001|1": 16301.578125,
  "Z0646001|2": 8929.818359375,
  "Z0646001|3": 10182.9482421875,
  "Z0646001|4": 18084.814453125,
  "Z0646001|5": 36059.359375,
  "Z0646001|6": 50698.94921875,
  "Z0646001|7": 35962.26953125,
  "Z0646002|1": 19474.9375,
  "Z0646002|2": 11432.4697265625,
  "Z0646002|3": 12034.0595703125,
  "Z0646002|4": 20880.921875,
  "Z0646002|5": 36775.8125,
  "Z0646002|6": 58265.3046875,
  "Z0646002|7": 40485.9140625,
  "Z0646003|1": 0.03134968504309654,
  "Z0646003|2": 0.03493388369679451,
  "Z0646003|3": 1174.501220703125,
  "Z0646003|4": 1405.455444335938,
  "Z0646003|5": 1819.388916015625,
  "Z0646003|6": 3685.001220703125,
  "Z0646003|7": 3002.83935546875,
  "Z0646004|1": 0.0304225254803896,
  "Z0646004|2": 0.03944484516978264,
  "Z0646004|3": 0.04968706890940666,
  "Z0646004|4": 0.1173418313264847,
  "Z0646004|5": 4943.72607421875,
  "Z0646004|6": 3857.739013671875,
  "Z0646004|7": 3007.6875,
  "Z0899001|1": 61957.06640625,
  "Z0899001|2": 35468.51953125,
  "Z0899001|3": 22231.505859375,
  "Z0899001|4": 60521.63671875,
  "Z0899001|5": 97978.1328125,
  "Z0899001|6": 0.0,
  "Z0899001|7": 0.0,
  "Z0908001|1": 34118.0625,
  "Z0908001|2": 21600.30078125,
  "Z0908001|3": 43971.82421875,
  "Z0908001|4": 69044.4296875,
  "Z0908001|5": 76044.5703125,
  "Z0908001|6": 0.0,
  "Z0908001|7": 0.0,
  "Z0951001|1": 60494.91796875,
  "Z0951001|2": 46586.66796875,
  "Z0951001|3": 41353.09375,
  "Z0951001|4": 61987.62109375,
  "Z0951001|5": 76734.984375,
  "Z0951001|6": 62645.33203125,
  "Z0951001|7": 35707.35546875,
  "Z0951002|1": 54790.90625,
  "Z0951002|2": 41183.34375,
  "Z0951002|3": 32074.623046875,
  "Z0951002|4": 50921.46484375,
  "Z0951002|5": 74447.796875,
  "Z0951002|6": 63874.0390625,
  "Z0951002|7": 7683.52099609375,
  "Z0972001|1": 18635.390625,
  "Z0972001|2": 13140.1318359375,
  "Z0972001|3": 21207.66015625,
  "Z0972001|4": 37945.91015625,
  "Z0972001|5": 43704.25390625,
  "Z0972001|6": 0.0,
  "Z0972001|7": 0.0,
  "Z1031001|1": 3977.844970703125,
  "Z1031001|2": 3950.470947265625,
  "Z1031001|3": 4600.740234375,
  "Z1031001|4": 7614.56298828125,
  "Z1031001|5": 11452.5830078125,
  "Z1031001|6": 17388.72265625,
  "Z1031001|7": 20598.21484375,
  "Z1031002|1": 13557.5087890625,
  "Z1031002|2": 10839.818359375,
  "Z1031002|3": 11673.462890625,
  "Z1031002|4": 15363.06640625,
  "Z1031002|5": 30168.8125,
  "Z1031002|6": 38572.57421875,
  "Z1031002|7": 28172.755859375,
  "Z1119001|1": 12926.123046875,
  "Z1119001|2": 7231.728515625,
  "Z1119001|3": 8845.8369140625,
  "Z1119001|4": 18913.099609375,
  "Z1119001|5": 34187.734375,
  "Z1119001|6": 103146.453125,
  "Z1119001|7": 73216.171875,
  "Z1169001|1": 33388.58984375,
  "Z1169001|2": 33417.41796875,
  "Z1169001|3": 17636.732421875,
  "Z1169001|4": 48300.23828125,
  "Z1169001|5": 51856.78125,
  "Z1169001|6": 0.0,
  "Z1169001|7": 0.0,
  "Z1367001|1": 56150.79296875,
  "Z1367001|2": 21323.93359375,
  "Z1367001|3": 31371.80859375,
  "Z1367001|4": 57727.1953125,
  "Z1367001|5": 60587.52734375,
  "Z1367001|6": 0.0,
  "Z1367001|7": 0.0,
  "Z1524001|1": 13719.673828125,
  "Z1524001|2": 7593.95751953125,
  "Z1524001|3": 10620.916015625,
  "Z1524001|4": 19300.884765625,
  "Z1524001|5": 18374.267578125,
  "Z1524001|6": 33858.296875,
  "Z1524001|7": 33854.6796875,
  "Z1665001|1": 42632.74609375,
  "Z1665001|2": 36219.14453125,
  "Z1665001|3": 31810.474609375,
  "Z1665001|4": 36123.796875,
  "Z1665001|5": 51475.6015625,
  "Z1665001|6": 0.0,
  "Z1665001|7": 0.0,
  "Z1769001|1": 51304.1640625,
  "Z1769001|2": 30557.18359375,
  "Z1769001|3": 30979.61328125,
  "Z1769001|4": 60533.52734375,
  "Z1769001|5": 69707.640625,
  "Z1769001|6": 0.0,
  "Z1769001|7": 0.0,