{
  "Z0241002|1": 250443.609375,
  "Z0241002|2": 160468.0,
  "Z0241002|3": 163845.34375,
  "Z0241002|4": 220941.421875,
  "Z0241002|5": 256714.265625,
  "Z0241002|6": 47650.0,
  "Z0241002|7": 8647.0673828125,
  "Z0241003|1": 138938.65625,
  "Z0241003|2": 94372.640625,
  "Z0241003|3": 94271.3515625,
  "Z0241003|4": 100201.3515625,
  "Z0241003|5": 136932.46875,
  "Z0241003|6": 30673.947265625,
  "Z0241003|7": 15747.91796875,
  "Z0241004|1": 138165.53125,
  "Z0241004|2": 99691.6875,
  "Z0241004|3": 98190.1953125,
  "Z0241004|4": 116668.78125,
  "Z0241004|5": 144810.65625,
  "Z0241004|6": 34581.96875,
  "Z0241004|7": 13936.7666015625,
  "Z0241005|1": 75209.953125,
  "Z0241005|2": 47223.25390625,
  "Z0241005|3": 45640.8984375,
  "Z0241005|4": 53206.22265625,
  "Z0241005|5": 82514.203125,
  "Z0241005|6": 20431.498046875,
  "Z0241005|7": 9806.1171875,
  "Z0241006|1": 33245.82421875,
  "Z0241006|2": 32206.61328125,
  "Z0241006|3": 30973.3203125,
  "Z0241006|4": 33333.484375,
  "Z0241006|5": 36216.17578125,
  "Z0241006|6": 1824.860473632812,
  "Z0241006|7": 859.6825561523438,
  "Z0241007|1": 78357.046875,
  "Z0241007|2": 53440.55859375,
  "Z0241007|3": 50361.13671875,
  "Z0241007|4": 64948.94921875,
  "Z0241007|5": 110814.0390625,
  "Z0241007|6": 26230.818359375,
  "Z0241007|7": 10119.3193359375,
  "Z0241008|1": 73.6732406616211,
  "Z0241008|2": 43.18631744384766,
  "Z0241008|3": 4302.720703125,
  "Z0241008|4": 11453.380859375,
  "Z0241008|5": 12833.869140625,
  "Z0241008|6": 6909.580078125,
  "Z0241008|7": 2996.3037109375,
  "Z0276001|1": 109130.453125,
  "Z0276001|2": 78860.53125,
  "Z0276001|3": 81676.2421875,
  "Z0276001|4": 77477.5390625,
  "Z0276001|5": 102652.0546875,
  "Z0276001|6": 33277.640625,
  "Z0276001|7": 16007.96875,
  "Z0276002|1": 106579.453125,
  "Z0276002|2": 91150.6171875,
  "Z0276002|3": 88813.5,
  "Z0276002|4": 99752.3671875,
  "Z0276002|5": 107926.53125,
  "Z0276002|6": 33423.76171875,
  "Z0276002|7": 11884.5712890625,
  "Z0276003|1": 298.7755126953125,
  "Z0276003|2": 357.8709106445312,
  "Z0276003|3": 8652.396484375,
  "Z0276003|4": 14786.587890625,
  "Z0276003|5": 16896.34765625,
  "Z0276003|6": 5174.5927734375,
  "Z0276003|7": 7093.05224609375,
  "Z0283001|1": 59746.625,
  "Z0283001|2": 63675.03125,
  "Z0283001|3": 63817.3515625,
  "Z0283001|4": 118121.859375,
  "Z0283001|5": 89516.7421875,
  "Z0283001|6": 0.0,
  "Z0283001|7": 0.0,
  "Z0284001|1": 157508.84375,
  "Z0284001|2": 193866.015625,
  "Z0284001|3": 196112.53125,
  "Z0284001|4": 212808.0,
  "Z0284001|5": 232770.796875,
  "Z0284001|6": 0.0,
  "Z0284001|7": 0.0,
  "Z0386001|1": 118612.796875,
  "Z0386001|2": 96433.359375,
  "Z0386001|3": 94153.2890625,
  "Z0386001|4": 117130.2109375,
  "Z0386001|5": 145067.609375,
  "Z0386001|6": 37758.33984375,
  "Z0386001|7": 14414.1298828125,
  "Z0386002|1": 134766.203125,
  "Z0386002|2": 116224.015625,
  "Z0386002|3": 112595.40625,
  "Z0386002|4": 127484.9140625,
  "Z0386002|5": 154842.703125,
  "Z0386002|6": 37542.6796875,
  "Z0386002|7": 14667.8720703125,
  "Z0386003|1": 129693.234375,
  "Z0386003|2": 101837.953125,
  "Z0386003|3": 104833.5546875,
  "Z0386003|4": 130268.28125,
  "Z0386003|5": 154842.703125,
  "Z0386003|6": 43021.90625,
  "Z0386003|7": 14677.248046875,
  "Z0386004|1": 42575.49609375,
  "Z0386004|2": 43071.78515625,
  "Z0386004|3": 36774.5859375,
  "Z0386004|4": 51859.80078125,
  "Z0386004|5": 58156.71875,
  "Z0386004|6": 11616.9072265625,
  "Z0386004|7": 7056.794921875,
  "Z0386005|1": 16171.826171875,
  "Z0386005|2": 8134.10107421875,
  "Z0386005|3": 13813.9208984375,
  "Z0386005|4": 18666.341796875,
  "Z0386005|5": 20132.626953125,
  "Z0386005|6": 7554.8154296875,
  "Z0386005|7": 3229.323486328125,
  "Z0386006|1": 19170.541015625,
  "Z0386006|2": 22638.48046875,
  "Z0386006|3": 31568.39453125,
  "Z0386006|4": 28778.69921875,
  "Z0386006|5": 31025.3828125,
  "Z0386006|6": 11303.3076171875,
  "Z0386006|7": 4383.75927734375,
  "Z0386007|1": 66072.3203125,
  "Z0386007|2": 54581.14453125,
  "Z0386007|3": 37039.09765625,
  "Z0386007|4": 42647.3046875,
  "Z0386007|5": 50603.78515625,
  "Z0386007|6": 11440.8466796875,
  "Z0386007|7": 10784.8740234375,
  "Z0646001|1": 167292.796875,
  "Z0646001|2": 138217.59375,
  "Z0646001|3": 126020.8046875,
  "Z0646001|4": 168036.171875,
  "Z0646001|5": 188494.53125,
  "Z0646001|6": 38628.38671875,
  "Z0646001|7": 14720.6640625,
  "Z0646002|1": 186747.65625,
  "Z0646002|2": 154548.375,
  "Z0646002|3": 150522.71875,
  "Z0646002|4": 194056.71875,
  "Z0646002|5": 217426.421875,
  "Z0646002|6": 43986.671875,
  "Z0646002|7": 17621.650390625,
  "Z0646003|1": 13611.9375,
  "Z0646003|2": 13305.4365234375,
  "Z0646003|3": 10146.1962890625,
  "Z0646003|4": 12869.1083984375,
  "Z0646003|5": 17233.298828125,
  "Z0646003|6": 5483.70361328125,
  "Z0646003|7": 1376.990600585938,
  "Z0646004|1": 14138.443359375,
  "Z0646004|2": 14330.1455078125,
  "Z0646004|3": 12326.091796875,
  "Z0646004|4": 18139.279296875,
  "Z0646004|5": 17644.841796875,
  "Z0646004|6": 4851.56494140625,
  "Z0646004|7": 3066.598388671875,
  "Z0899001|1": 318382.5,
  "Z0899001|2": 181721.34375,
  "Z0899001|3": 152538.921875,
  "Z0899001|4": 252497.203125,
  "Z0899001|5": 287893.3125,
  "Z0899001|6": 0.0,
  "Z0899001|7": 0.0,
  "Z0908001|1": 221208.96875,
  "Z0908001|2": 149943.3125,
  "Z0908001|3": 149768.96875,
  "Z0908001|4": 170868.1875,
  "Z0908001|5": 204030.046875,
  "Z0908001|6": 0.0,
  "Z0908001|7": 0.0,
  "Z0951001|1": 151527.03125,
  "Z0951001|2": 120773.125,
  "Z0951001|3": 123816.7890625,
  "Z0951001|4": 144872.53125,
  "Z0951001|5": 165249.34375,
  "Z0951001|6": 44169.23828125,
  "Z0951001|7": 17282.51171875,
  "Z0951002|1": 151308.84375,
  "Z0951002|2": 141357.640625,
  "Z0951002|3": 140381.640625,
  "Z0951002|4": 163263.375,
  "Z0951002|5": 167078.515625,
  "Z0951002|6": 43081.31640625,
  "Z0951002|7": 17074.833984375,
  "Z0972001|1": 152600.46875,
  "Z0972001|2": 133335.28125,
  "Z0972001|3": 93684.1328125,
  "Z0972001|4": 105345.890625,
  "Z0972001|5": 155118.640625,
  "Z0972001|6": 0.0,
  "Z0972001|7": 0.0,
  "Z1031001|1": 95880.75,
  "Z1031001|2": 63257.3359375,
  "Z1031001|3": 54480.41015625,
  "Z1031001|4": 73397.03125,
  "Z1031001|5": 95503.8515625,
  "Z1031001|6": 23268.48828125,
  "Z1031001|7": 7831.7744140625,
  "Z1031002|1": 121267.328125,
  "Z1031002|2": 87389.375,
  "Z1031002|3": 89502.140625,
  "Z1031002|4": 107507.8125,
  "Z1031002|5": 111732.28125,
  "Z1031002|6": 31575.982421875,
  "Z1031002|7": 10311.94921875,
  "Z1119001|1": 255831.96875,
  "Z1119001|2": 226082.578125,
  "Z1119001|3": 218238.28125,
  "Z1119001|4": 249728.59375,
  "Z1119001|5": 258326.0625,
  "Z1119001|6": 60325.99609375,
  "Z1119001|7": 15484.1591796875,
  "Z1169001|1": 186870.9375,
  "Z1169001|2": 193633.75,
  "Z1169001|3": 139438.15625,
  "Z1169001|4": 138927.65625,
  "Z1169001|5": 244386.03125,
  "Z1169001|6": 0.0,
  "Z1169001|7": 0.0,
  "Z1367001|1": 252712.328125,
  "Z1367001|2": 219217.640625,
  "Z1367001|3": 189607.125,
  "Z1367001|4": 221642.921875,
  "Z1367001|5": 285816.6875,
  "Z1367001|6": 0.0,
  "Z1367001|7": 0.0,
  "Z1524001|1": 121681.0234375,
  "Z1524001|2": 77923.78125,
  "Z1524001|3": 73943.7109375,
  "Z1524001|4": 84229.6640625,
  "Z1524001|5": 92008.3515625,
  "Z1524001|6": 32866.41796875,
  "Z1524001|7": 13657.58203125,
  "Z1665001|1": 178372.96875,
  "Z1665001|2": 112736.8125,
  "Z1665001|3": 117393.4609375,
  "Z1665001|4": 99297.8203125,
  "Z1665001|5": 186718.09375,
  "Z1665001|6": 0.0,
  "Z1665001|7": 0.0,
  "Z1769001|1": 183862.375,
  "Z1769001|2": 119263.6484375,
  "Z1769001|3": 108324.1484375,
  "Z1769001|4": 167867.828125,
  "Z1769001|5": 168950.328125,
  "Z1769001|6": 0.0,
  "Z1769001|7": 0.0,
  "Z1899001|1": 108658.5546875,
  "Z1899001|2": 77243.734375,
  "Z1899001|3": 77717.828125,
  "Z1899001|4": 107782.9375,
  "Z1899001|5": 117930.5078125,
  "Z1899001|6": 25183.10546875,
  "Z1899001|7": 7827.9287109375,
  "Z1899002|1": 121090.515625,
  "Z1899002|2": 87252.3828125,
  "Z1899002|3": 83666.203125,