{
  "Z0241002|1": 32411.27734375,
  "Z0241002|2": 96758.296875,
  "Z0241002|3": 128070.6171875,
  "Z0241002|4": 146786.109375,
  "Z0241002|5": 45025.4140625,
  "Z0241002|6": 23479.515625,
  "Z0241002|7": 12476.4365234375,
  "Z0241003|1": 19882.849609375,
  "Z0241003|2": 104286.34375,
  "Z0241003|3": 148025.5625,
  "Z0241003|4": 148685.734375,
  "Z0241003|5": 51931.90234375,
  "Z0241003|6": 26723.7109375,
  "Z0241003|7": 12818.1064453125,
  "Z0241004|1": 34225.35546875,
  "Z0241004|2": 108549.4296875,
  "Z0241004|3": 156394.390625,
  "Z0241004|4": 161805.953125,
  "Z0241004|5": 59234.58984375,
  "Z0241004|6": 24420.7890625,
  "Z0241004|7": 13118.23828125,
  "Z0241005|1": 17914.140625,
  "Z0241005|2": 31182.158203125,
  "Z0241005|3": 47584.5,
  "Z0241005|4": 49660.78125,
  "Z0241005|5": 9332.6298828125,
  "Z0241005|6": 14366.421875,
  "Z0241005|7": 4935.74658203125,
  "Z0241006|1": 1416.14013671875,
  "Z0241006|2": 12348.48828125,
  "Z0241006|3": 22334.095703125,
  "Z0241006|4": 21862.482421875,
  "Z0241006|5": 10380.1005859375,
  "Z0241006|6": 885.776123046875,
  "Z0241006|7": 1208.85546875,
  "Z0241007|1": 19280.775390625,
  "Z0241007|2": 41418.078125,
  "Z0241007|3": 56473.06640625,
  "Z0241007|4": 72501.390625,
  "Z0241007|5": 11194.0263671875,
  "Z0241007|6": 18483.005859375,
  "Z0241007|7": 8193.4892578125,
  "Z0241008|1": 5227.14892578125,
  "Z0241008|2": 10739.2353515625,
  "Z0241008|3": 11326.2060546875,
  "Z0241008|4": 10676.1923828125,
  "Z0241008|5": 5625.25048828125,
  "Z0241008|6": 4287.64208984375,
  "Z0241008|7": 2800.3828125,
  "Z0276001|1": 15063.2998046875,
  "Z0276001|2": 63534.30078125,
  "Z0276001|3": 78827.2265625,
  "Z0276001|4": 94314.0078125,
  "Z0276001|5": 38318.42578125,
  "Z0276001|6": 22572.302734375,
  "Z0276001|7": 16873.98828125,
  "Z0276002|1": 16075.7216796875,
  "Z0276002|2": 49892.44140625,
  "Z0276002|3": 38484.84375,
  "Z0276002|4": 69899.234375,
  "Z0276002|5": 16341.83984375,
  "Z0276002|6": 14263.95703125,
  "Z0276002|7": 5016.58984375,
  "Z0276003|1": 4693.60009765625,
  "Z0276003|2": 13072.076171875,
  "Z0276003|3": 13958.8466796875,
  "Z0276003|4": 16388.884765625,
  "Z0276003|5": 7336.4775390625,
  "Z0276003|6": 4798.88916015625,
  "Z0276003|7": 4384.23193359375,
  "Z0283001|2": 83375.8046875,
  "Z0283001|3": 57169.1796875,
  "Z0283001|4": 60549.171875,
  "Z0283001|5": 39628.5859375,
  "Z0283001|6": 0.0,
  "Z0283001|7": 0.0,
  "Z0284001|2": 151411.109375,
  "Z0284001|3": 390770.78125,
  "Z0284001|4": 383684.6875,
  "Z0284001|5": 219931.625,
  "Z0284001|6": 0.0,
  "Z0284001|7": 0.0,
  "Z0386001|1": 525.16845703125,
  "Z0386001|2": 83828.7578125,
  "Z0386001|3": 133540.21875,
  "Z0386001|4": 144663.859375,
  "Z0386001|5": 52325.29296875,
  "Z0386001|6": 27067.580078125,
  "Z0386001|7": 15473.5634765625,
  "Z0386002|1": 13361.8828125,
  "Z0386002|2": 95735.859375,
  "Z0386002|3": 136368.625,
  "Z0386002|4": 143564.75,
  "Z0386002|5": 54362.0703125,
  "Z0386002|6": 29756.302734375,
  "Z0386002|7": 15678.1318359375,
  "Z0386003|1": 30936.775390625,
  "Z0386003|2": 86283.0078125,
  "Z0386003|3": 134573.09375,
  "Z0386003|4": 140935.71875,
  "Z0386003|5": 53144.546875,
  "Z0386003|6": 30901.037109375,
  "Z0386003|7": 16721.935546875,
  "Z0386004|1": 14506.8779296875,
  "Z0386004|2": 23440.740234375,
  "Z0386004|3": 24121.033203125,
  "Z0386004|4": 26350.111328125,
  "Z0386004|5": 15955.935546875,
  "Z0386004|6": 6513.09912109375,
  "Z0386004|7": 3357.17578125,
  "Z0386005|1": 1370.400756835938,
  "Z0386005|2": 7721.3232421875,
  "Z0386005|3": 6521.22998046875,
  "Z0386005|4": 6213.798828125,
  "Z0386005|5": 2791.03173828125,
  "Z0386005|6": 3805.378662109375,
  "Z0386005|7": 2345.390380859375,
  "Z0386006|1": 1586.642700195312,
  "Z0386006|2": 21271.57421875,
  "Z0386006|3": 21477.751953125,
  "Z0386006|4": 16396.044921875,
  "Z0386006|5": 15821.1162109375,
  "Z0386006|6": 2998.009765625,
  "Z0386006|7": 3515.08984375,
  "Z0386007|1": 14407.9990234375,
  "Z0386007|2": 33680.75,
  "Z0386007|3": 49420.109375,
  "Z0386007|4": 51400.78515625,
  "Z0386007|5": 13879.1435546875,
  "Z0386007|6": 6120.744140625,
  "Z0386007|7": 5148.92626953125,
  "Z0646001|1": 24717.01171875,
  "Z0646001|2": 152761.875,
  "Z0646001|3": 183251.015625,
  "Z0646001|4": 181857.015625,
  "Z0646001|5": 70719.5546875,
  "Z0646001|6": 37644.76953125,
  "Z0646001|7": 18361.6328125,
  "Z0646002|1": 24660.59375,
  "Z0646002|2": 149385.03125,
  "Z0646002|3": 185898.921875,
  "Z0646002|4": 179101.609375,
  "Z0646002|5": 75006.25,
  "Z0646002|6": 39340.7421875,
  "Z0646002|7": 17656.40234375,
  "Z0646003|1": 5771.54248046875,
  "Z0646003|2": 11353.353515625,
  "Z0646003|3": 10670.5419921875,
  "Z0646003|4": 11817.0625,
  "Z0646003|5": 5334.95068359375,
  "Z0646003|6": 2161.9580078125,
  "Z0646003|7": 172.3191223144531,
  "Z0646004|1": 5109.0,
  "Z0646004|2": 10386.388671875,
  "Z0646004|3": 10242.57421875,
  "Z0646004|4": 13713.2734375,
  "Z0646004|5": 6320.50048828125,
  "Z0646004|6": 3428.19873046875,
  "Z0646004|7": 2589.440185546875,
  "Z0899001|2": 280418.59375,
  "Z0899001|3": 258848.546875,
  "Z0899001|4": 356530.71875,
  "Z0899001|5": 164698.453125,
  "Z0899001|6": 0.0,
  "Z0899001|7": 0.0,
  "Z0908001|2": 218875.59375,
  "Z0908001|3": 170735.6875,
  "Z0908001|4": 165108.28125,
  "Z0908001|5": 61232.07421875,
  "Z0908001|6": 0.0,
  "Z0908001|7": 0.0,
  "Z0951001|1": 264.8028869628906,
  "Z0951001|2": 84199.5625,
  "Z0951001|3": 162122.296875,
  "Z0951001|4": 179449.359375,
  "Z0951001|5": 67747.921875,
  "Z0951001|6": 34599.16015625,
  "Z0951001|7": 20004.240234375,
  "Z0951002|1": 138.5704040527344,
  "Z0951002|2": 112646.03125,
  "Z0951002|3": 161007.21875,
  "Z0951002|4": 163121.671875,
  "Z0951002|5": 66663.1640625,
  "Z0951002|6": 29214.912109375,
  "Z0951002|7": 16764.794921875,
  "Z0972001|2": 146483.34375,
  "Z0972001|3": 124154.421875,
  "Z0972001|4": 164214.921875,
  "Z0972001|5": 51800.96875,
  "Z0972001|6": 0.0,
  "Z0972001|7": 0.0,
  "Z1031001|1": 14204.8876953125,
  "Z1031001|2": 67886.84375,
  "Z1031001|3": 76957.1328125,
  "Z1031001|4": 86413.453125,
  "Z1031001|5": 20792.134765625,
  "Z1031001|6": 12372.041015625,
  "Z1031001|7": 5305.86083984375,
  "Z1031002|1": 16632.798828125,
  "Z1031002|2": 88273.34375,
  "Z1031002|3": 112951.2265625,
  "Z1031002|4": 114810.7421875,
  "Z1031002|5": 39340.5546875,
  "Z1031002|6": 20518.064453125,
  "Z1031002|7": 5995.39697265625,
  "Z1119001|1": 56308.125,
  "Z1119001|2": 209964.28125,
  "Z1119001|3": 227399.8125,
  "Z1119001|4": 239695.875,
  "Z1119001|5": 101972.203125,
  "Z1119001|6": 17341.251953125,
  "Z1119001|7": 23668.84375,
  "Z1169001|2": 193146.40625,
  "Z1169001|3": 187227.265625,
  "Z1169001|4": 239108.65625,
  "Z1169001|5": 62937.92578125,
  "Z1169001|6": 0.0,
  "Z1169001|7": 0.0,
  "Z1367001|2": 297225.5,
  "Z1367001|3": 268885.15625,
  "Z1367001|4": 312687.96875,
  "Z1367001|5": 131480.140625,
  "Z1367001|6": 0.0,
  "Z1367001|7": 0.0,
  "Z1524001|1": 21332.625,
  "Z1524001|2": 92617.7734375,
  "Z1524001|3": 111061.1171875,
  "Z1524001|4": 117737.6015625,
  "Z1524001|5": 42692.375,
  "Z1524001|6": 26540.759765625,
  "Z1524001|7": 12861.6533203125,
  "Z1665001|2": 174708.265625,
  "Z1665001|3": 158052.875,
  "Z1665001|4": 137383.8125,
  "Z1665001|5": 67739.5859375,
  "Z1665001|6": 0.0,
  "Z1665001|7": 0.0,
  "Z1769001|2": 163422.671875,
  "Z1769001|3": 161979.953125,
  "Z1769001|4": 205468.484375,
  "Z1769001|5": 63092.4921875,
  "Z1769001|6": 0.0,
  "Z1769001|7": 0.0,
  "Z1899001|1": 16785.70703125,
  "Z1899001|2": 79786.8671875,
  "Z1899001|3": 105813.625,
  "Z1899001|4": 117435.609375,
  "Z1899001|5": 17752.919921875,
  "Z1899001|6": 10131.2978515625,
  "Z1899001|7": 3149.910400390625,
  "Z1899002|1": 17319.203125,
  "Z1899002|2": 74949.5390625,
  "Z1899002|3": 108332.140625,
  "Z1899002|4": 135269.96875,
  "Z1899002|5": 37309.19140625,
  "Z1899002|6": 15411.46875,
  "Z1899002|7": 6840.39111328125,
  "Z2011001|2": 123075.625,
  "Z2011001|3": 108836.0390625,