{
  "Z0241002|1": 181133.234375,
  "Z0241002|2": 149672.71875,
  "Z0241002|3": 144658.265625,
  "Z0241002|4": 140922.34375,
  "Z0241002|5": 192856.765625,
  "Z0241002|6": 93800.7109375,
  "Z0241002|7": 9651.623046875,
  "Z0241003|1": 93777.546875,
  "Z0241003|2": 82250.921875,
  "Z0241003|3": 74097.109375,
  "Z0241003|4": 76451.859375,
  "Z0241003|5": 112429.625,
  "Z0241003|6": 42018.62890625,
  "Z0241003|7": 3052.856201171875,
  "Z0241004|1": 115656.234375,
  "Z0241004|2": 75845.828125,
  "Z0241004|3": 72053.6875,
  "Z0241004|4": 80149.1796875,
  "Z0241004|5": 115912.4140625,
  "Z0241004|6": 61650.6875,
  "Z0241004|7": 4791.25,
  "Z0241005|1": 65650.3515625,
  "Z0241005|2": 57428.3671875,
  "Z0241005|3": 53203.9375,
  "Z0241005|4": 42661.6640625,
  "Z0241005|5": 73183.4296875,
  "Z0241005|6": 50284.15625,
  "Z0241005|7": 15266.1845703125,
  "Z0241006|1": 5334.353515625,
  "Z0241006|2": 8492.5625,
  "Z0241006|3": 6465.54296875,
  "Z0241006|4": 4318.7822265625,
  "Z0241006|5": 7200.55615234375,
  "Z0241006|6": 707.4962158203125,
  "Z0241006|7": 118.1507263183594,
  "Z0241007|1": 98653.3125,
  "Z0241007|2": 68315.4296875,
  "Z0241007|3": 63313.94921875,
  "Z0241007|4": 48449.25390625,
  "Z0241007|5": 87648.3671875,
  "Z0241007|6": 57892.8125,
  "Z0241007|7": 19214.763671875,
  "Z0241008|1": 17766.5078125,
  "Z0241008|2": 26578.98828125,
  "Z0241008|3": 15291.6708984375,
  "Z0241008|4": 16983.4453125,
  "Z0241008|5": 22423.685546875,
  "Z0241008|6": 12539.0126953125,
  "Z0241008|7": 8321.0732421875,
  "Z0276001|1": 140431.84375,
  "Z0276001|2": 70018.328125,
  "Z0276001|3": 76910.234375,
  "Z0276001|4": 71796.1875,
  "Z0276001|5": 97756.1875,
  "Z0276001|6": 51190.046875,
  "Z0276001|7": 17427.58984375,
  "Z0276002|1": 91391.203125,
  "Z0276002|2": 70397.1640625,
  "Z0276002|3": 65886.7578125,
  "Z0276002|4": 68762.8515625,
  "Z0276002|5": 83352.4140625,
  "Z0276002|6": 58560.7265625,
  "Z0276002|7": 16828.49609375,
  "Z0276003|1": 27605.123046875,
  "Z0276003|2": 22763.380859375,
  "Z0276003|3": 21532.076171875,
  "Z0276003|4": 15501.4619140625,
  "Z0276003|5": 28129.69140625,
  "Z0276003|6": 12316.5498046875,
  "Z0276003|7": 7618.03515625,
  "Z0283001|1": 56158.7734375,
  "Z0283001|2": 60423.015625,
  "Z0283001|3": 49392.7421875,
  "Z0283001|4": 50212.46484375,
  "Z0283001|5": 64753.7578125,
  "Z0283001|6": 0.0,
  "Z0283001|7": 0.0,
  "Z0284001|1": 208722.15625,
  "Z0284001|2": 136686.796875,
  "Z0284001|3": 135342.046875,
  "Z0284001|4": 141167.828125,
  "Z0284001|5": 237923.859375,
  "Z0284001|6": 0.0,
  "Z0284001|7": 0.0,
  "Z0386001|1": 136827.515625,
  "Z0386001|2": 83040.125,
  "Z0386001|3": 82675.046875,
  "Z0386001|4": 80732.90625,
  "Z0386001|5": 103913.9140625,
  "Z0386001|6": 56573.875,
  "Z0386001|7": 6619.0693359375,
  "Z0386002|1": 121710.265625,
  "Z0386002|2": 82850.1953125,
  "Z0386002|3": 91770.1640625,
  "Z0386002|4": 107531.703125,
  "Z0386002|5": 140416.3125,
  "Z0386002|6": 75988.75,
  "Z0386002|7": 9292.705078125,
  "Z0386003|1": 116896.6484375,
  "Z0386003|2": 93124.6328125,
  "Z0386003|3": 87618.53125,
  "Z0386003|4": 96120.3515625,
  "Z0386003|5": 119418.2109375,
  "Z0386003|6": 45202.21875,
  "Z0386003|7": 3434.403076171875,
  "Z0386004|1": 40297.77734375,
  "Z0386004|2": 44176.31640625,
  "Z0386004|3": 44266.98828125,
  "Z0386004|4": 44072.5859375,
  "Z0386004|5": 60875.03515625,
  "Z0386004|6": 20695.568359375,
  "Z0386004|7": 15510.912109375,
  "Z0386005|1": 13642.63671875,
  "Z0386005|2": 11858.609375,
  "Z0386005|3": 11581.09765625,
  "Z0386005|4": 13020.0341796875,
  "Z0386005|5": 15517.6884765625,
  "Z0386005|6": 6939.8369140625,
  "Z0386005|7": 2866.652099609375,
  "Z0386006|1": 22998.794921875,
  "Z0386006|2": 18492.759765625,
  "Z0386006|3": 17854.6328125,
  "Z0386006|4": 17433.42578125,
  "Z0386006|5": 22311.98828125,
  "Z0386006|6": 10673.9970703125,
  "Z0386006|7": 32.28187561035156,
  "Z0386007|1": 5121.7060546875,
  "Z0386007|2": 26878.048828125,
  "Z0386007|3": 26405.71484375,
  "Z0386007|4": 29810.015625,
  "Z0386007|5": 37216.921875,
  "Z0386007|6": 33864.81640625,
  "Z0386007|7": 16920.697265625,
  "Z0646001|1": 180408.3125,
  "Z0646001|2": 116657.984375,
  "Z0646001|3": 117367.265625,
  "Z0646001|4": 123413.7265625,
  "Z0646001|5": 169236.71875,
  "Z0646001|6": 72512.2421875,
  "Z0646001|7": 5584.32666015625,
  "Z0646002|1": 199460.734375,
  "Z0646002|2": 136454.171875,
  "Z0646002|3": 129519.9453125,
  "Z0646002|4": 133876.15625,
  "Z0646002|5": 169236.71875,
  "Z0646002|6": 72643.203125,
  "Z0646002|7": 18686.3984375,
  "Z0646003|1": 17882.376953125,
  "Z0646003|2": 19354.490234375,
  "Z0646003|3": 14327.64453125,
  "Z0646003|4": 9821.9072265625,
  "Z0646003|5": 15299.73828125,
  "Z0646003|6": 7618.84912109375,
  "Z0646003|7": 1926.676513671875,
  "Z0646004|1": 18199.755859375,
  "Z0646004|2": 19649.322265625,
  "Z0646004|3": 20405.8515625,
  "Z0646004|4": 22013.076171875,
  "Z0646004|5": 22196.2734375,
  "Z0646004|6": 11451.6767578125,
  "Z0646004|7": 680.9541625976562,
  "Z0899001|1": 391856.125,
  "Z0899001|2": 182099.53125,
  "Z0899001|3": 184522.328125,
  "Z0899001|4": 189832.9375,
  "Z0899001|5": 380217.0625,
  "Z0899001|6": 0.0,
  "Z0899001|7": 0.0,
  "Z0908001|1": 234650.375,
  "Z0908001|2": 165763.265625,
  "Z0908001|3": 156609.09375,
  "Z0908001|4": 133995.078125,
  "Z0908001|5": 305508.15625,
  "Z0908001|6": 0.0,
  "Z0908001|7": 0.0,
  "Z0951001|1": 151375.671875,
  "Z0951001|2": 106972.8203125,
  "Z0951001|3": 114298.6484375,
  "Z0951001|4": 121214.71875,
  "Z0951001|5": 147284.109375,
  "Z0951001|6": 67415.21875,
  "Z0951001|7": 6627.30712890625,
  "Z0951002|1": 152057.0,
  "Z0951002|2": 107197.296875,
  "Z0951002|3": 114538.4921875,
  "Z0951002|4": 121469.078125,
  "Z0951002|5": 150893.6875,
  "Z0951002|6": 69244.03125,
  "Z0951002|7": 11961.9912109375,
  "Z0972001|1": 184258.203125,
  "Z0972001|2": 79302.1015625,
  "Z0972001|3": 94336.1953125,
  "Z0972001|4": 122036.6328125,
  "Z0972001|5": 157625.0,
  "Z0972001|6": 0.0,
  "Z0972001|7": 0.0,
  "Z1031001|1": 93931.40625,
  "Z1031001|2": 61191.33203125,
  "Z1031001|3": 60207.94140625,
  "Z1031001|4": 67643.65625,
  "Z1031001|5": 92648.84375,
  "Z1031001|6": 44123.3046875,
  "Z1031001|7": 13093.0068359375,
  "Z1031002|1": 153309.546875,
  "Z1031002|2": 84876.2890625,
  "Z1031002|3": 76292.640625,
  "Z1031002|4": 81729.3828125,
  "Z1031002|5": 119641.640625,
  "Z1031002|6": 53678.63671875,
  "Z1031002|7": 12214.7509765625,
  "Z1119001|1": 278306.5,
  "Z1119001|2": 173862.328125,
  "Z1119001|3": 159668.546875,
  "Z1119001|4": 174201.234375,
  "Z1119001|5": 212497.109375,
  "Z1119001|6": 102661.5546875,
  "Z1119001|7": 8142.70947265625,
  "Z1169001|1": 305208.78125,
  "Z1169001|2": 220532.1875,
  "Z1169001|3": 96014.8984375,
  "Z1169001|4": 111145.421875,
  "Z1169001|5": 236655.46875,
  "Z1169001|6": 0.0,
  "Z1169001|7": 0.0,
  "Z1367001|1": 298907.28125,
  "Z1367001|2": 240500.8125,
  "Z1367001|3": 183396.890625,
  "Z1367001|4": 162193.1875,
  "Z1367001|5": 361048.75,
  "Z1367001|6": 0.0,
  "Z1367001|7": 0.0,
  "Z1524001|1": 147629.625,
  "Z1524001|2": 57004.7109375,
  "Z1524001|3": 62028.83984375,
  "Z1524001|4": 76497.0,
  "Z1524001|5": 94328.3671875,
  "Z1524001|6": 56638.92578125,
  "Z1524001|7": 14282.4580078125,
  "Z1665001|1": 171767.28125,
  "Z1665001|2": 122583.5859375,
  "Z1665001|3": 128238.7421875,
  "Z1665001|4": 180072.4375,
  "Z1665001|5": 232599.265625,
  "Z1665001|6": 0.0,
  "Z1665001|7": 0.0,
  "Z1769001|1": 181868.015625,
  "Z1769001|2": 118071.1796875,
  "Z1769001|3": 144850.84375,
  "Z1769001|4": 140395.953125,
  "Z1769001|5": 203326.3125,
  "Z1769001|6": 0.0,
  "Z1769001|7": 0.0,
  "Z1899001|1": 132823.9375,
  "Z1899001|2": 78891.3671875,
  "Z1899001|3": 74177.78125,
  "Z1899001|4": 64179.16015625,
  "Z1899001|5": 112762.6171875,
  "Z1899001|6": 46352.05078125,
  "Z1899001|7": 12432.5888671875,
  "Z1899002|1": 138719.671875,
  "Z1899002|2": 84238.34375,
  "Z1899002|3": 57800.57421875,
  "Z1899002|4": 63029.828125,