{
  "Z0241002|1": 41439.87109375,
  "Z0241002|2": 35234.875,
  "Z0241002|3": 27146.587890625,
  "Z0241002|4": 63218.49609375,
  "Z0241002|5": 68491.828125,
  "Z0241002|6": 72279.5,
  "Z0241002|7": 48837.58984375,
  "Z0241003|1": 34196.76953125,
  "Z0241003|2": 24368.080078125,
  "Z0241003|3": 26027.623046875,
  "Z0241003|4": 46246.609375,
  "Z0241003|5": 54638.2265625,
  "Z0241003|6": 30950.111328125,
  "Z0241003|7": 19379.091796875,
  "Z0241004|1": 40476.8828125,
  "Z0241004|2": 32629.525390625,
  "Z0241004|3": 28496.9765625,
  "Z0241004|4": 61933.61328125,
  "Z0241004|5": 79179.90625,
  "Z0241004|6": 69523.5390625,
  "Z0241004|7": 53904.56640625,
  "Z0241005|1": 18294.4609375,
  "Z0241005|2": 15311.83984375,
  "Z0241005|3": 10569.439453125,
  "Z0241005|4": 13182.9736328125,
  "Z0241005|5": 12186.416015625,
  "Z0241005|6": 9214.412109375,
  "Z0241005|7": 9292.900390625,
  "Z0241006|1": 16843.478515625,
  "Z0241006|2": 5958.275390625,
  "Z0241006|3": 18728.771484375,
  "Z0241006|4": 16521.046875,
  "Z0241006|5": 17697.138671875,
  "Z0241006|6": 3138.646728515625,
  "Z0241006|7": 2047.748291015625,
  "Z0241007|1": 15374.96875,
  "Z0241007|2": 14387.2236328125,
  "Z0241007|3": 14640.6044921875,
  "Z0241007|4": 20922.8046875,
  "Z0241007|5": 28391.126953125,
  "Z0241007|6": 34619.35546875,
  "Z0241007|7": 30592.61328125,
  "Z0241008|1": 17563.044921875,
  "Z0241008|2": 11344.59765625,
  "Z0241008|3": 16342.1455078125,
  "Z0241008|4": 18743.40625,
  "Z0241008|5": 19176.576171875,
  "Z0241008|6": 18801.056640625,
  "Z0241008|7": 15666.7978515625,
  "Z0276001|1": 14529.572265625,
  "Z0276001|2": 28364.521484375,
  "Z0276001|3": 20344.42578125,
  "Z0276001|4": 24933.275390625,
  "Z0276001|5": 29853.0625,
  "Z0276001|6": 28496.052734375,
  "Z0276001|7": 23205.416015625,
  "Z0276002|1": 12723.9111328125,
  "Z0276002|2": 25464.2265625,
  "Z0276002|3": 22493.576171875,
  "Z0276002|4": 24480.822265625,
  "Z0276002|5": 28798.578125,
  "Z0276002|6": 26772.517578125,
  "Z0276002|7": 25093.10546875,
  "Z0276003|1": 10627.4921875,
  "Z0276003|2": 8304.4150390625,
  "Z0276003|3": 7720.2216796875,
  "Z0276003|4": 7295.37548828125,
  "Z0276003|5": 6301.5625,
  "Z0276003|6": 4730.25830078125,
  "Z0276003|7": 11290.0341796875,
  "Z0283001|1": 17667.55859375,
  "Z0283001|2": 14659.396484375,
  "Z0283001|3": 14437.091796875,
  "Z0283001|4": 26169.025390625,
  "Z0283001|5": 17628.7109375,
  "Z0283001|6": 0.0,
  "Z0283001|7": 0.0,
  "Z0284001|1": 42059.96484375,
  "Z0284001|2": 36782.08984375,
  "Z0284001|3": 120697.125,
  "Z0284001|4": 199074.390625,
  "Z0284001|5": 170943.65625,
  "Z0284001|6": 0.0,
  "Z0284001|7": 0.0,
  "Z0386001|1": 26284.0078125,
  "Z0386001|2": 19885.5625,
  "Z0386001|3": 14120.6552734375,
  "Z0386001|4": 14158.5771484375,
  "Z0386001|5": 13809.810546875,
  "Z0386001|6": 10577.759765625,
  "Z0386001|7": 12887.00390625,
  "Z0386002|1": 39014.69140625,
  "Z0386002|2": 31095.826171875,
  "Z0386002|3": 22277.095703125,
  "Z0386002|4": 17663.986328125,
  "Z0386002|5": 19515.080078125,
  "Z0386002|6": 16782.84765625,
  "Z0386002|7": 13595.9013671875,
  "Z0386003|1": 45365.1640625,
  "Z0386003|2": 29054.560546875,
  "Z0386003|3": 26526.416015625,
  "Z0386003|4": 19973.8125,
  "Z0386003|5": 17982.546875,
  "Z0386003|6": 16815.662109375,
  "Z0386003|7": 15288.302734375,
  "Z0386004|1": 5960.77099609375,
  "Z0386004|2": 5756.2626953125,
  "Z0386004|3": 6455.28271484375,
  "Z0386004|4": 4370.2734375,
  "Z0386004|5": 4586.63916015625,
  "Z0386004|6": 4701.0205078125,
  "Z0386004|7": 8129.8818359375,
  "Z0386005|1": 5345.3193359375,
  "Z0386005|2": 4500.5458984375,
  "Z0386005|3": 2685.2353515625,
  "Z0386005|4": 2797.555419921875,
  "Z0386005|5": 3755.246337890625,
  "Z0386005|6": 4736.10498046875,
  "Z0386005|7": 6855.18701171875,
  "Z0386006|1": 3331.016357421875,
  "Z0386006|2": 2673.805908203125,
  "Z0386006|3": 4126.4169921875,
  "Z0386006|4": 4130.90673828125,
  "Z0386006|5": 4106.81396484375,
  "Z0386006|6": 3788.326171875,
  "Z0386006|7": 3109.80224609375,
  "Z0386007|1": 13576.076171875,
  "Z0386007|2": 12335.5830078125,
  "Z0386007|3": 12626.3173828125,
  "Z0386007|4": 12460.5205078125,
  "Z0386007|5": 8834.673828125,
  "Z0386007|6": 6744.33544921875,
  "Z0386007|7": 12784.37890625,
  "Z0646001|1": 66535.0546875,
  "Z0646001|2": 51212.5546875,
  "Z0646001|3": 36435.6796875,
  "Z0646001|4": 26679.126953125,
  "Z0646001|5": 21670.291015625,
  "Z0646001|6": 18735.59765625,
  "Z0646001|7": 14315.5830078125,
  "Z0646002|1": 3637.2421875,
  "Z0646002|2": 3565.46044921875,
  "Z0646002|3": 24477.484375,
  "Z0646002|4": 19687.607421875,
  "Z0646002|5": 15542.5576171875,
  "Z0646002|6": 13572.0625,
  "Z0646002|7": 12382.201171875,
  "Z0646003|1": 580.0640869140625,
  "Z0646003|2": 196.5343475341797,
  "Z0646003|3": 161.9580078125,
  "Z0646003|4": 124.6081390380859,
  "Z0646003|5": 707.1115112304688,
  "Z0646003|6": 231.0484466552734,
  "Z0646003|7": 72.96472930908203,
  "Z0646004|1": 1429.515991210938,
  "Z0646004|2": 3193.720458984375,
  "Z0646004|3": 3279.392578125,
  "Z0646004|4": 1722.296752929688,
  "Z0646004|5": 456.7537231445312,
  "Z0646004|6": 2518.256103515625,
  "Z0646004|7": 1294.7763671875,
  "Z0899001|1": 110545.1953125,
  "Z0899001|2": 47221.09375,
  "Z0899001|3": 45874.5,
  "Z0899001|4": 68992.7578125,
  "Z0899001|5": 42132.55078125,
  "Z0899001|6": 0.0,
  "Z0899001|7": 0.0,
  "Z0908001|1": 91147.3125,
  "Z0908001|2": 60297.58203125,
  "Z0908001|3": 46314.18359375,
  "Z0908001|4": 29834.50390625,
  "Z0908001|5": 31474.83984375,
  "Z0908001|6": 0.0,
  "Z0908001|7": 0.0,
  "Z0951001|1": 73660.4140625,
  "Z0951001|2": 60047.89453125,
  "Z0951001|3": 36036.9453125,
  "Z0951001|4": 37138.13671875,
  "Z0951001|5": 40170.69140625,
  "Z0951001|6": 29193.966796875,
  "Z0951001|7": 18082.986328125,
  "Z0951002|1": 49437.46484375,
  "Z0951002|2": 57586.09765625,
  "Z0951002|3": 37699.6171875,
  "Z0951002|4": 37212.58984375,
  "Z0951002|5": 38029.12890625,
  "Z0951002|6": 21915.857421875,
  "Z0951002|7": 14451.943359375,
  "Z0972001|1": 59137.50390625,
  "Z0972001|2": 39429.21875,
  "Z0972001|3": 22121.419921875,
  "Z0972001|4": 26757.966796875,
  "Z0972001|5": 27489.185546875,
  "Z0972001|6": 0.0,
  "Z0972001|7": 0.0,
  "Z1031001|1": 15242.048828125,
  "Z1031001|2": 12454.1171875,
  "Z1031001|3": 7518.599609375,
  "Z1031001|4": 7106.23681640625,
  "Z1031001|5": 10003.732421875,
  "Z1031001|6": 4910.0205078125,
  "Z1031001|7": 7171.5087890625,
  "Z1031002|1": 25689.00390625,
  "Z1031002|2": 21431.115234375,
  "Z1031002|3": 16894.140625,
  "Z1031002|4": 12543.091796875,
  "Z1031002|5": 13396.5693359375,
  "Z1031002|6": 9619.3837890625,
  "Z1031002|7": 13895.5419921875,
  "Z1119001|1": 28048.548828125,
  "Z1119001|2": 30322.47265625,
  "Z1119001|3": 22070.73828125,
  "Z1119001|4": 20170.892578125,
  "Z1119001|5": 16988.64453125,
  "Z1119001|6": 15679.7578125,
  "Z1119001|7": 3047.85107421875,
  "Z1169001|1": 43169.45703125,
  "Z1169001|2": 52169.5390625,
  "Z1169001|3": 24314.29296875,
  "Z1169001|4": 26439.708984375,
  "Z1169001|5": 41817.265625,
  "Z1169001|6": 0.0,
  "Z1169001|7": 0.0,
  "Z1367001|1": 80439.40625,
  "Z1367001|2": 59604.17578125,
  "Z1367001|3": 54048.85546875,
  "Z1367001|4": 78157.921875,
  "Z1367001|5": 70572.4765625,
  "Z1367001|6": 0.0,
  "Z1367001|7": 0.0,
  "Z1524001|1": 37779.9140625,
  "Z1524001|2": 22206.54296875,
  "Z1524001|3": 18394.009765625,
  "Z1524001|4": 22740.3359375,
  "Z1524001|5": 18509.009765625,
  "Z1524001|6": 17367.408203125,
  "Z1524001|7": 15520.9150390625,
  "Z1665001|1": 47795.4609375,
  "Z1665001|2": 35771.9140625,
  "Z1665001|3": 34778.59375,
  "Z1665001|4": 35539.38671875,
  "Z1665001|5": 33722.109375,
  "Z1665001|6": 0.0,
  "Z1665001|7": 0.0,
  "Z1769001|1": 58040.03125,
  "Z1769001|2": 43836.95703125,
  "Z1769001|3": 38239.73828125,
  "Z1769001|4": 41224.171875,
  "Z1769001|5": 30067.93359375,
  "Z1769001|6": 0.0,
  "Z1769001|7": 0.0,
  "Z1899001|1": 22828.14453125,
  "Z1899001|2": 14909.775390625,