{
  "Z0241002|1": 93195.3984375,
  "Z0241002|2": 102975.7734375,
  "Z0241002|3": 39710.21484375,
  "Z0241002|4": 51063.5234375,
  "Z0241002|5": 42689.46484375,
  "Z0241002|6": 48214.5546875,
  "Z0241002|7": 27075.65625,
  "Z0241003|1": 76417.625,
  "Z0241003|2": 95443.0703125,
  "Z0241003|3": 34971.66796875,
  "Z0241003|4": 49484.125,
  "Z0241003|5": 46984.140625,
  "Z0241003|6": 44575.875,
  "Z0241003|7": 21921.716796875,
  "Z0241004|1": 107453.4453125,
  "Z0241004|2": 114767.9609375,
  "Z0241004|3": 55192.28515625,
  "Z0241004|4": 59710.53125,
  "Z0241004|5": 45378.625,
  "Z0241004|6": 41326.5625,
  "Z0241004|7": 30145.021484375,
  "Z0241005|1": 26133.30078125,
  "Z0241005|2": 25385.095703125,
  "Z0241005|3": 15580.59375,
  "Z0241005|4": 17647.232421875,
  "Z0241005|5": 14494.2314453125,
  "Z0241005|6": 11091.6943359375,
  "Z0241005|7": 6550.734375,
  "Z0241006|1": 8887.912109375,
  "Z0241006|2": 9028.3671875,
  "Z0241006|3": 9667.400390625,
  "Z0241006|4": 21519.251953125,
  "Z0241006|5": 12681.8017578125,
  "Z0241006|6": 1058.564575195312,
  "Z0241006|7": 756.9124145507812,
  "Z0241007|1": 31768.38671875,
  "Z0241007|2": 46426.69140625,
  "Z0241007|3": 23936.1875,
  "Z0241007|4": 19337.611328125,
  "Z0241007|5": 18618.67578125,
  "Z0241007|6": 19133.0078125,
  "Z0241007|7": 11402.1318359375,
  "Z0241008|1": 14243.7509765625,
  "Z0241008|2": 21639.23828125,
  "Z0241008|3": 12304.1533203125,
  "Z0241008|4": 11851.0009765625,
  "Z0241008|5": 12398.6181640625,
  "Z0241008|6": 9453.8212890625,
  "Z0241008|7": 4889.671875,
  "Z0276001|1": 77898.546875,
  "Z0276001|2": 99517.7109375,
  "Z0276001|3": 42340.8046875,
  "Z0276001|4": 52767.40625,
  "Z0276001|5": 43611.8671875,
  "Z0276001|6": 40384.23046875,
  "Z0276001|7": 16542.36328125,
  "Z0276002|1": 78237.7578125,
  "Z0276002|2": 86054.1640625,
  "Z0276002|3": 33113.390625,
  "Z0276002|4": 34031.09765625,
  "Z0276002|5": 39783.296875,
  "Z0276002|6": 35807.203125,
  "Z0276002|7": 17235.05859375,
  "Z0276003|1": 27278.6015625,
  "Z0276003|2": 28291.650390625,
  "Z0276003|3": 16186.9306640625,
  "Z0276003|4": 13459.35546875,
  "Z0276003|5": 10942.4248046875,
  "Z0276003|6": 10539.3291015625,
  "Z0276003|7": 7587.38037109375,
  "Z0283001|1": 39894.4296875,
  "Z0283001|2": 59243.58984375,
  "Z0283001|3": 52653.1953125,
  "Z0283001|4": 43576.94140625,
  "Z0283001|5": 35336.63671875,
  "Z0283001|6": 0.0,
  "Z0283001|7": 0.0,
  "Z0284001|1": 120464.5625,
  "Z0284001|2": 147236.875,
  "Z0284001|3": 138389.0,
  "Z0284001|4": 152149.21875,
  "Z0284001|5": 101756.7421875,
  "Z0284001|6": 0.0,
  "Z0284001|7": 0.0,
  "Z0386001|1": 53298.87109375,
  "Z0386001|2": 83177.125,
  "Z0386001|3": 35117.890625,
  "Z0386001|4": 37154.359375,
  "Z0386001|5": 26576.673828125,
  "Z0386001|6": 21167.19140625,
  "Z0386001|7": 15968.380859375,
  "Z0386002|1": 65236.26953125,
  "Z0386002|2": 83850.84375,
  "Z0386002|3": 34540.859375,
  "Z0386002|4": 38750.11328125,
  "Z0386002|5": 30730.775390625,
  "Z0386002|6": 23277.732421875,
  "Z0386002|7": 11973.44140625,
  "Z0386003|1": 56656.28515625,
  "Z0386003|2": 90134.6015625,
  "Z0386003|3": 32501.716796875,
  "Z0386003|4": 48308.81640625,
  "Z0386003|5": 33137.94140625,
  "Z0386003|6": 23741.572265625,
  "Z0386003|7": 16375.4541015625,
  "Z0386004|1": 6477.5107421875,
  "Z0386004|2": 8737.859375,
  "Z0386004|3": 6318.154296875,
  "Z0386004|4": 7205.7939453125,
  "Z0386004|5": 6324.671875,
  "Z0386004|6": 5830.4658203125,
  "Z0386004|7": 5496.4443359375,
  "Z0386005|1": 4699.20947265625,
  "Z0386005|2": 5037.7978515625,
  "Z0386005|3": 2406.862548828125,
  "Z0386005|4": 3159.626953125,
  "Z0386005|5": 1534.4990234375,
  "Z0386005|6": 776.8209838867188,
  "Z0386005|7": 949.4290161132812,
  "Z0386006|1": 16612.244140625,
  "Z0386006|2": 16185.4951171875,
  "Z0386006|3": 7601.77392578125,
  "Z0386006|4": 9768.1298828125,
  "Z0386006|5": 6353.07080078125,
  "Z0386006|6": 3729.4189453125,
  "Z0386006|7": 3028.494873046875,
  "Z0386007|1": 18362.322265625,
  "Z0386007|2": 23970.318359375,
  "Z0386007|3": 15889.5498046875,
  "Z0386007|4": 20375.421875,
  "Z0386007|5": 14208.83984375,
  "Z0386007|6": 11060.0986328125,
  "Z0386007|7": 9197.86328125,
  "Z0646001|1": 142728.75,
  "Z0646001|2": 145927.4375,
  "Z0646001|3": 58469.27734375,
  "Z0646001|4": 64380.07421875,
  "Z0646001|5": 43135.015625,
  "Z0646001|6": 32130.646484375,
  "Z0646001|7": 17990.919921875,
  "Z0646002|1": 134432.53125,
  "Z0646002|2": 144714.375,
  "Z0646002|3": 53526.109375,
  "Z0646002|4": 51483.46875,
  "Z0646002|5": 37543.0390625,
  "Z0646002|6": 38339.94140625,
  "Z0646002|7": 13625.2578125,
  "Z0646003|1": 4700.13720703125,
  "Z0646003|2": 4591.6025390625,
  "Z0646003|3": 4437.48779296875,
  "Z0646003|4": 7326.3046875,
  "Z0646003|5": 5066.814453125,
  "Z0646003|6": 5422.751953125,
  "Z0646003|7": 3272.788818359375,
  "Z0646004|1": 6832.13916015625,
  "Z0646004|2": 8304.67578125,
  "Z0646004|3": 8992.5380859375,
  "Z0646004|4": 4642.44775390625,
  "Z0646004|5": 6390.234375,
  "Z0646004|6": 6858.29443359375,
  "Z0646004|7": 4300.01025390625,
  "Z0899001|1": 196089.296875,
  "Z0899001|2": 248334.890625,
  "Z0899001|3": 93856.4140625,
  "Z0899001|4": 91157.4375,
  "Z0899001|5": 74543.953125,
  "Z0899001|6": 0.0,
  "Z0899001|7": 0.0,
  "Z0908001|1": 99177.671875,
  "Z0908001|2": 176528.15625,
  "Z0908001|3": 111311.9140625,
  "Z0908001|4": 61868.21875,
  "Z0908001|5": 63438.90234375,
  "Z0908001|6": 0.0,
  "Z0908001|7": 0.0,
  "Z0951001|1": 16984.611328125,
  "Z0951001|2": 112615.4375,
  "Z0951001|3": 60915.6484375,
  "Z0951001|4": 84555.421875,
  "Z0951001|5": 76787.9453125,
  "Z0951001|6": 48897.0703125,
  "Z0951001|7": 25471.28515625,
  "Z0951002|1": 49196.4765625,
  "Z0951002|2": 119555.015625,
  "Z0951002|3": 58850.53125,
  "Z0951002|4": 80193.484375,
  "Z0951002|5": 70688.625,
  "Z0951002|6": 54686.4609375,
  "Z0951002|7": 10107.2880859375,
  "Z0972001|1": 88010.9375,
  "Z0972001|2": 102799.84375,
  "Z0972001|3": 87228.3046875,
  "Z0972001|4": 96732.578125,
  "Z0972001|5": 40250.30078125,
  "Z0972001|6": 0.0,
  "Z0972001|7": 0.0,
  "Z1031001|1": 26721.794921875,
  "Z1031001|2": 46899.75,
  "Z1031001|3": 19111.65234375,
  "Z1031001|4": 17640.771484375,
  "Z1031001|5": 11994.873046875,
  "Z1031001|6": 9912.740234375,
  "Z1031001|7": 4609.16455078125,
  "Z1031002|1": 37378.51953125,
  "Z1031002|2": 60583.0390625,
  "Z1031002|3": 26897.88671875,
  "Z1031002|4": 29817.31640625,
  "Z1031002|5": 25522.275390625,
  "Z1031002|6": 23627.09765625,
  "Z1031002|7": 7570.587890625,
  "Z1119001|1": 101326.6875,
  "Z1119001|2": 108041.828125,
  "Z1119001|3": 49302.15625,
  "Z1119001|4": 51284.70703125,
  "Z1119001|5": 64496.16015625,
  "Z1119001|6": 65137.484375,
  "Z1119001|7": 29745.060546875,
  "Z1169001|1": 102574.8046875,
  "Z1169001|2": 109347.7265625,
  "Z1169001|3": 52714.64453125,
  "Z1169001|4": 68337.3515625,
  "Z1169001|5": 39801.7421875,
  "Z1169001|6": 0.0,
  "Z1169001|7": 0.0,
  "Z1367001|1": 178715.515625,
  "Z1367001|2": 210740.25,
  "Z1367001|3": 97237.6796875,
  "Z1367001|4": 105529.3515625,
  "Z1367001|5": 76619.765625,
  "Z1367001|6": 0.0,
  "Z1367001|7": 0.0,
  "Z1524001|1": 131652.9375,
  "Z1524001|2": 134501.515625,
  "Z1524001|3": 41972.0546875,
  "Z1524001|4": 15147.7607421875,
  "Z1524001|5": 21437.806640625,
  "Z1524001|6": 17981.451171875,
  "Z1524001|7": 14143.873046875,
  "Z1665001|1": 118996.390625,
  "Z1665001|2": 131989.59375,
  "Z1665001|3": 67426.234375,
  "Z1665001|4": 72409.9296875,
  "Z1665001|5": 42707.7890625,
  "Z1665001|6": 0.0,
  "Z1665001|7": 0.0,
  "Z1769001|1": 199171.1875,
  "Z1769001|2": 160954.5625,
  "Z1769001|3": 102620.1953125,
  "Z1769001|4": 102845.046875,
  "Z1769001|5": 44853.1015625,
  "Z1769001|6": 0.0,
  "Z1769001|7": 0.0,
  "Z1899001|1": 68098.9140625,
  "Z1899001|2": 94127.484375,
  "Z1899001|3": 36851.2578125,
  "Z1899001|4": 45507.0390625,
  "Z1899001|5": 34760.08984375,
  "Z1899001|6": 18504.44140625,
  "Z1899001|7": 10605.294921875,