{
  "Z0241002|1": 180049.234375,
  "Z0241002|2": 131338.046875,
  "Z0241002|3": 120227.546875,
  "Z0241002|4": 102801.1015625,
  "Z0241002|5": 137854.21875,
  "Z0241002|6": 96316.9296875,
  "Z0241002|7": 28148.3828125,
  "Z0241003|1": 107348.640625,
  "Z0241003|2": 120842.546875,
  "Z0241003|3": 90665.390625,
  "Z0241003|4": 85801.3359375,
  "Z0241003|5": 137871.828125,
  "Z0241003|6": 92505.046875,
  "Z0241003|7": 23002.205078125,
  "Z0241004|1": 179427.0,
  "Z0241004|2": 141076.796875,
  "Z0241004|3": 120221.703125,
  "Z0241004|4": 100425.7265625,
  "Z0241004|5": 155330.0,
  "Z0241004|6": 104541.1640625,
  "Z0241004|7": 29355.919921875,
  "Z0241005|1": 60090.95703125,
  "Z0241005|2": 47371.4375,
  "Z0241005|3": 41568.34375,
  "Z0241005|4": 32387.017578125,
  "Z0241005|5": 57218.19140625,
  "Z0241005|6": 45303.68359375,
  "Z0241005|7": 12452.2216796875,
  "Z0241006|1": 45787.60546875,
  "Z0241006|2": 42640.91015625,
  "Z0241006|3": 37356.87109375,
  "Z0241006|4": 37544.4140625,
  "Z0241006|5": 40268.41015625,
  "Z0241006|6": 5128.8896484375,
  "Z0241006|7": 1724.786987304688,
  "Z0241007|1": 76023.8359375,
  "Z0241007|2": 56202.57421875,
  "Z0241007|3": 52645.5703125,
  "Z0241007|4": 45128.046875,
  "Z0241007|5": 63731.69921875,
  "Z0241007|6": 49504.61328125,
  "Z0241007|7": 14220.6474609375,
  "Z0241008|1": 17795.017578125,
  "Z0241008|2": 14172.06640625,
  "Z0241008|3": 12105.9521484375,
  "Z0241008|4": 6847.9912109375,
  "Z0241008|5": 8318.0478515625,
  "Z0241008|6": 10525.0439453125,
  "Z0241008|7": 4230.734375,
  "Z0276001|1": 129017.40625,
  "Z0276001|2": 83720.734375,
  "Z0276001|3": 78989.09375,
  "Z0276001|4": 83903.765625,
  "Z0276001|5": 97708.5,
  "Z0276001|6": 69451.828125,
  "Z0276001|7": 16702.205078125,
  "Z0276002|1": 95438.7734375,
  "Z0276002|2": 69223.03125,
  "Z0276002|3": 59746.546875,
  "Z0276002|4": 50388.2421875,
  "Z0276002|5": 82368.2109375,
  "Z0276002|6": 62239.71484375,
  "Z0276002|7": 15138.9404296875,
  "Z0276003|1": 23443.47265625,
  "Z0276003|2": 18781.046875,
  "Z0276003|3": 14845.439453125,
  "Z0276003|4": 16575.19140625,
  "Z0276003|5": 20394.583984375,
  "Z0276003|6": 18701.970703125,
  "Z0276003|7": 6385.146484375,
  "Z0283001|1": 86367.890625,
  "Z0283001|2": 100427.546875,
  "Z0283001|3": 64029.54296875,
  "Z0283001|4": 87000.0625,
  "Z0283001|5": 80427.140625,
  "Z0283001|6": 0.0,
  "Z0283001|7": 0.0,
  "Z0284001|1": 179921.53125,
  "Z0284001|2": 154961.875,
  "Z0284001|3": 116169.4375,
  "Z0284001|4": 150610.28125,
  "Z0284001|5": 231387.0625,
  "Z0284001|6": 0.0,
  "Z0284001|7": 0.0,
  "Z0386001|1": 150064.171875,
  "Z0386001|2": 118875.46875,
  "Z0386001|3": 102404.125,
  "Z0386001|4": 70982.390625,
  "Z0386001|5": 130721.359375,
  "Z0386001|6": 89284.4296875,
  "Z0386001|7": 25584.75,
  "Z0386002|1": 170070.421875,
  "Z0386002|2": 115772.4921875,
  "Z0386002|3": 112203.34375,
  "Z0386002|4": 127438.0625,
  "Z0386002|5": 151668.53125,
  "Z0386002|6": 91538.640625,
  "Z0386002|7": 25113.263671875,
  "Z0386003|1": 154825.375,
  "Z0386003|2": 118929.6796875,
  "Z0386003|3": 113187.390625,
  "Z0386003|4": 107228.625,
  "Z0386003|5": 144659.328125,
  "Z0386003|6": 95278.8046875,
  "Z0386003|7": 21961.6640625,
  "Z0386004|1": 31632.462890625,
  "Z0386004|2": 38813.26953125,
  "Z0386004|3": 36533.5703125,
  "Z0386004|4": 31810.71484375,
  "Z0386004|5": 42314.63671875,
  "Z0386004|6": 33000.94140625,
  "Z0386004|7": 10647.66015625,
  "Z0386005|1": 8471.93359375,
  "Z0386005|2": 12339.9521484375,
  "Z0386005|3": 13105.7236328125,
  "Z0386005|4": 8856.7080078125,
  "Z0386005|5": 9841.0830078125,
  "Z0386005|6": 13956.41796875,
  "Z0386005|7": 2547.529052734375,
  "Z0386006|1": 17182.50390625,
  "Z0386006|2": 20276.685546875,
  "Z0386006|3": 26263.615234375,
  "Z0386006|4": 22090.7109375,
  "Z0386006|5": 24190.173828125,
  "Z0386006|6": 17096.12890625,
  "Z0386006|7": 5401.76904296875,
  "Z0386007|1": 65678.390625,
  "Z0386007|2": 32048.783203125,
  "Z0386007|3": 23330.12109375,
  "Z0386007|4": 36063.80859375,
  "Z0386007|5": 43651.51171875,
  "Z0386007|6": 33300.28125,
  "Z0386007|7": 8657.287109375,
  "Z0646001|1": 199674.65625,
  "Z0646001|2": 159817.046875,
  "Z0646001|3": 151756.9375,
  "Z0646001|4": 159739.03125,
  "Z0646001|5": 218372.34375,
  "Z0646001|6": 103863.2265625,
  "Z0646001|7": 25335.11328125,
  "Z0646002|1": 227629.234375,
  "Z0646002|2": 183025.25,
  "Z0646002|3": 163064.8125,
  "Z0646002|4": 163494.578125,
  "Z0646002|5": 220145.546875,
  "Z0646002|6": 104807.7109375,
  "Z0646002|7": 30480.716796875,
  "Z0646003|1": 8845.462890625,
  "Z0646003|2": 13034.39453125,
  "Z0646003|3": 12179.64453125,
  "Z0646003|4": 11933.7421875,
  "Z0646003|5": 12215.4638671875,
  "Z0646003|6": 10909.091796875,
  "Z0646003|7": 3135.683349609375,
  "Z0646004|1": 8581.7666015625,
  "Z0646004|2": 9593.212890625,
  "Z0646004|3": 12896.4794921875,
  "Z0646004|4": 14755.0849609375,
  "Z0646004|5": 11997.0107421875,
  "Z0646004|6": 17315.822265625,
  "Z0646004|7": 5575.779296875,
  "Z0899001|1": 288183.15625,
  "Z0899001|2": 267287.09375,
  "Z0899001|3": 205873.203125,
  "Z0899001|4": 231635.21875,
  "Z0899001|5": 351725.125,
  "Z0899001|6": 0.0,
  "Z0899001|7": 0.0,
  "Z0908001|1": 195781.203125,
  "Z0908001|2": 108335.4609375,
  "Z0908001|3": 96681.7421875,
  "Z0908001|4": 191347.703125,
  "Z0908001|5": 182812.0625,
  "Z0908001|6": 0.0,
  "Z0908001|7": 0.0,
  "Z0951001|1": 165536.234375,
  "Z0951001|2": 152330.84375,
  "Z0951001|3": 144953.890625,
  "Z0951001|4": 169216.03125,
  "Z0951001|5": 202626.328125,
  "Z0951001|6": 106440.84375,
  "Z0951001|7": 22011.4453125,
  "Z0951002|1": 194627.1875,
  "Z0951002|2": 164053.875,
  "Z0951002|3": 152087.859375,
  "Z0951002|4": 156985.4375,
  "Z0951002|5": 205054.921875,
  "Z0951002|6": 93633.953125,
  "Z0951002|7": 23929.30078125,
  "Z0972001|1": 132441.640625,
  "Z0972001|2": 110995.796875,
  "Z0972001|3": 95326.4375,
  "Z0972001|4": 108894.5,
  "Z0972001|5": 121177.3359375,
  "Z0972001|6": 0.0,
  "Z0972001|7": 0.0,
  "Z1031001|1": 103774.2109375,
  "Z1031001|2": 63712.5546875,
  "Z1031001|3": 66465.7890625,
  "Z1031001|4": 53522.6953125,
  "Z1031001|5": 60695.01953125,
  "Z1031001|6": 41465.8359375,
  "Z1031001|7": 9483.126953125,
  "Z1031002|1": 147915.125,
  "Z1031002|2": 113554.890625,
  "Z1031002|3": 90678.796875,
  "Z1031002|4": 75240.796875,
  "Z1031002|5": 114097.1171875,
  "Z1031002|6": 73810.96875,
  "Z1031002|7": 19298.541015625,
  "Z1119001|1": 330979.34375,
  "Z1119001|2": 265733.625,
  "Z1119001|3": 236710.546875,
  "Z1119001|4": 216498.828125,
  "Z1119001|5": 297516.03125,
  "Z1119001|6": 52316.0390625,
  "Z1119001|7": 56826.86328125,
  "Z1169001|1": 135164.90625,
  "Z1169001|2": 123548.3984375,
  "Z1169001|3": 133148.3125,
  "Z1169001|4": 104412.3359375,
  "Z1169001|5": 183039.546875,
  "Z1169001|6": 0.0,
  "Z1169001|7": 0.0,
  "Z1367001|1": 318667.78125,
  "Z1367001|2": 165401.609375,
  "Z1367001|3": 230960.453125,
  "Z1367001|4": 241116.984375,
  "Z1367001|5": 291226.125,
  "Z1367001|6": 0.0,
  "Z1367001|7": 0.0,
  "Z1524001|1": 158857.15625,
  "Z1524001|2": 86812.078125,
  "Z1524001|3": 76377.3046875,
  "Z1524001|4": 87855.765625,
  "Z1524001|5": 102486.4921875,
  "Z1524001|6": 82254.6171875,
  "Z1524001|7": 22029.86328125,
  "Z1665001|1": 153166.734375,
  "Z1665001|2": 151685.90625,
  "Z1665001|3": 136689.484375,
  "Z1665001|4": 111820.703125,
  "Z1665001|5": 143294.625,
  "Z1665001|6": 0.0,
  "Z1665001|7": 0.0,
  "Z1769001|1": 184506.46875,
  "Z1769001|2": 159860.046875,
  "Z1769001|3": 162894.296875,
  "Z1769001|4": 164014.9375,
  "Z1769001|5": 251685.34375,
  "Z1769001|6": 0.0,
  "Z1769001|7": 0.0,
  "Z1899001|1": 88690.1953125,
  "Z1899001|2": 81376.5234375,
  "Z1899001|3": 59388.02734375,
  "Z1899001|4": 60440.515625,
  "Z1899001|5": 103734.2421875,
  "Z1899001|6": 63120.16015625,
  "Z1899001|7": 14124.9453125,
  "Z1899002|1": 166726.078125,
  "Z1899002|2": 106705.9140625,
  "Z1899002|3": 72000.3125,
  "Z1899002|4": 78986.8359375,