{
  "Z0241002|1": 67913.0703125,
  "Z0241002|2": 29997.1015625,
  "Z0241002|3": 22523.650390625,
  "Z0241002|4": 17566.712890625,
  "Z0241002|5": 31936.443359375,
  "Z0241002|6": 67515.9765625,
  "Z0241002|7": 47607.9375,
  "Z0241003|1": 57860.578125,
  "Z0241003|2": 25586.45703125,
  "Z0241003|3": 17978.5859375,
  "Z0241003|4": 16583.529296875,
  "Z0241003|5": 21768.5390625,
  "Z0241003|6": 18843.025390625,
  "Z0241003|7": 28993.0,
  "Z0241004|1": 64325.61328125,
  "Z0241004|2": 31670.19921875,
  "Z0241004|3": 26027.5,
  "Z0241004|4": 21650.748046875,
  "Z0241004|5": 27448.8671875,
  "Z0241004|6": 56110.37890625,
  "Z0241004|7": 55652.26953125,
  "Z0241005|1": 19929.154296875,
  "Z0241005|2": 10585.72265625,
  "Z0241005|3": 10667.8291015625,
  "Z0241005|4": 11042.2548828125,
  "Z0241005|5": 17672.849609375,
  "Z0241005|6": 21996.580078125,
  "Z0241005|7": 17844.896484375,
  "Z0241006|1": 23846.7890625,
  "Z0241006|2": 9527.4189453125,
  "Z0241006|3": 6485.14013671875,
  "Z0241006|4": 4623.84228515625,
  "Z0241006|5": 3589.074951171875,
  "Z0241006|6": 1009.02783203125,
  "Z0241006|7": 3081.419677734375,
  "Z0241007|1": 29213.630859375,
  "Z0241007|2": 13218.7177734375,
  "Z0241007|3": 10250.623046875,
  "Z0241007|4": 9327.4697265625,
  "Z0241007|5": 11351.53515625,
  "Z0241007|6": 21317.0625,
  "Z0241007|7": 24267.333984375,
  "Z0241008|1": 5698.25830078125,
  "Z0241008|2": 3373.120361328125,
  "Z0241008|3": 2979.025634765625,
  "Z0241008|4": 2389.812255859375,
  "Z0241008|5": 3085.27001953125,
  "Z0241008|6": 4541.64013671875,
  "Z0241008|7": 13189.513671875,
  "Z0276001|1": 53335.11328125,
  "Z0276001|2": 27276.138671875,
  "Z0276001|3": 21974.353515625,
  "Z0276001|4": 22099.509765625,
  "Z0276001|5": 44360.17578125,
  "Z0276001|6": 59475.22265625,
  "Z0276001|7": 41931.83984375,
  "Z0276002|1": 36021.34375,
  "Z0276002|2": 25279.52734375,
  "Z0276002|3": 14562.2568359375,
  "Z0276002|4": 14965.96484375,
  "Z0276002|5": 27706.2734375,
  "Z0276002|6": 43456.00390625,
  "Z0276002|7": 28686.572265625,
  "Z0276003|1": 11626.1845703125,
  "Z0276003|2": 6850.26513671875,
  "Z0276003|3": 3336.63916015625,
  "Z0276003|4": 3855.98046875,
  "Z0276003|5": 10357.0537109375,
  "Z0276003|6": 17346.8984375,
  "Z0276003|7": 29054.78125,
  "Z0283001|1": 31669.232421875,
  "Z0283001|2": 26190.296875,
  "Z0283001|3": 14832.392578125,
  "Z0283001|4": 17417.685546875,
  "Z0283001|5": 44374.81640625,
  "Z0283001|6": 0.0,
  "Z0283001|7": 0.0,
  "Z0284001|1": 106977.6171875,
  "Z0284001|2": 86417.6328125,
  "Z0284001|3": 45819.58203125,
  "Z0284001|4": 71091.1328125,
  "Z0284001|5": 148436.734375,
  "Z0284001|6": 0.0,
  "Z0284001|7": 0.0,
  "Z0386001|1": 46022.3046875,
  "Z0386001|2": 27213.93359375,
  "Z0386001|3": 18547.25,
  "Z0386001|4": 12047.978515625,
  "Z0386001|5": 30889.482421875,
  "Z0386001|6": 49458.59375,
  "Z0386001|7": 39927.54296875,
  "Z0386002|1": 49863.0546875,
  "Z0386002|2": 26207.1875,
  "Z0386002|3": 19440.90234375,
  "Z0386002|4": 18433.1015625,
  "Z0386002|5": 47223.66015625,
  "Z0386002|6": 50784.50390625,
  "Z0386002|7": 36161.46875,
  "Z0386003|1": 50260.85546875,
  "Z0386003|2": 26688.64453125,
  "Z0386003|3": 20830.59765625,
  "Z0386003|4": 16036.7734375,
  "Z0386003|5": 10691.9599609375,
  "Z0386003|6": 41049.43359375,
  "Z0386003|7": 33813.98828125,
  "Z0386004|1": 18569.001953125,
  "Z0386004|2": 8988.154296875,
  "Z0386004|3": 6570.1513671875,
  "Z0386004|4": 7258.88037109375,
  "Z0386004|5": 7966.86181640625,
  "Z0386004|6": 6532.328125,
  "Z0386004|7": 5348.634765625,
  "Z0386005|1": 6694.44140625,
  "Z0386005|2": 3573.735107421875,
  "Z0386005|3": 353.7641906738281,
  "Z0386005|4": 174.3043212890625,
  "Z0386005|5": 1674.449462890625,
  "Z0386005|6": 4016.331787109375,
  "Z0386005|7": 2872.714599609375,
  "Z0386006|1": 14336.337890625,
  "Z0386006|2": 8973.609375,
  "Z0386006|3": 7338.435546875,
  "Z0386006|4": 9906.0615234375,
  "Z0386006|5": 20440.990234375,
  "Z0386006|6": 13727.212890625,
  "Z0386006|7": 12719.5068359375,
  "Z0386007|1": 40000.53125,
  "Z0386007|2": 16746.025390625,
  "Z0386007|3": 15143.474609375,
  "Z0386007|4": 14789.02734375,
  "Z0386007|5": 13510.330078125,
  "Z0386007|6": 7853.05517578125,
  "Z0386007|7": 17138.87109375,
  "Z0646001|1": 71927.5,
  "Z0646001|2": 47996.48828125,
  "Z0646001|3": 32070.80078125,
  "Z0646001|4": 25736.970703125,
  "Z0646001|5": 29162.828125,
  "Z0646001|6": 77112.8671875,
  "Z0646001|7": 49908.109375,
  "Z0646002|1": 55811.828125,
  "Z0646002|2": 47438.43359375,
  "Z0646002|3": 32321.849609375,
  "Z0646002|4": 24361.224609375,
  "Z0646002|5": 26764.44921875,
  "Z0646002|6": 66467.2578125,
  "Z0646002|7": 54591.609375,
  "Z0646003|1": 5015.61962890625,
  "Z0646003|2": 3528.807861328125,
  "Z0646003|3": 1547.977416992188,
  "Z0646003|4": 1384.063110351562,
  "Z0646003|5": 1020.429992675781,
  "Z0646003|6": 4551.2158203125,
  "Z0646003|7": 5123.60693359375,
  "Z0646004|1": 5539.3291015625,
  "Z0646004|2": 4685.580078125,
  "Z0646004|3": 4819.53125,
  "Z0646004|4": 1857.265991210938,
  "Z0646004|5": 8769.158203125,
  "Z0646004|6": 8902.435546875,
  "Z0646004|7": 6015.85009765625,
  "Z0899001|1": 248893.09375,
  "Z0899001|2": 69018.359375,
  "Z0899001|3": 52706.83984375,
  "Z0899001|4": 89133.734375,
  "Z0899001|5": 160620.953125,
  "Z0899001|6": 0.0,
  "Z0899001|7": 0.0,
  "Z0908001|1": 107750.2578125,
  "Z0908001|2": 72489.5625,
  "Z0908001|3": 70161.3046875,
  "Z0908001|4": 83771.8359375,
  "Z0908001|5": 77600.953125,
  "Z0908001|6": 0.0,
  "Z0908001|7": 0.0,
  "Z0951001|1": 89329.546875,
  "Z0951001|2": 48113.62890625,
  "Z0951001|3": 35668.48828125,
  "Z0951001|4": 31253.73046875,
  "Z0951001|5": 57811.37890625,
  "Z0951001|6": 60835.9765625,
  "Z0951001|7": 34839.4140625,
  "Z0951002|1": 79862.296875,
  "Z0951002|2": 50703.87890625,
  "Z0951002|3": 35584.59765625,
  "Z0951002|4": 32761.548828125,
  "Z0951002|5": 39105.6953125,
  "Z0951002|6": 74726.3515625,
  "Z0951002|7": 36604.3203125,
  "Z0972001|1": 69559.0234375,
  "Z0972001|2": 32952.6640625,
  "Z0972001|3": 33908.578125,
  "Z0972001|4": 42852.296875,
  "Z0972001|5": 62703.01171875,
  "Z0972001|6": 0.0,
  "Z0972001|7": 0.0,
  "Z1031001|1": 20100.2421875,
  "Z1031001|2": 12311.1357421875,
  "Z1031001|3": 10381.2041015625,
  "Z1031001|4": 7944.9013671875,
  "Z1031001|5": 13247.8984375,
  "Z1031001|6": 13797.8564453125,
  "Z1031001|7": 19924.5546875,
  "Z1031002|1": 42384.35546875,
  "Z1031002|2": 22332.638671875,
  "Z1031002|3": 18083.900390625,
  "Z1031002|4": 14485.5166015625,
  "Z1031002|5": 24839.333984375,
  "Z1031002|6": 28130.73828125,
  "Z1031002|7": 21042.59375,
  "Z1119001|1": 5452.0400390625,
  "Z1119001|2": 60414.83203125,
  "Z1119001|3": 37443.59765625,
  "Z1119001|4": 29499.23046875,
  "Z1119001|5": 54270.390625,
  "Z1119001|6": 75550.34375,
  "Z1119001|7": 5975.5947265625,
  "Z1169001|1": 103613.3828125,
  "Z1169001|2": 51121.6953125,
  "Z1169001|3": 40540.8203125,
  "Z1169001|4": 64524.25390625,
  "Z1169001|5": 87898.4921875,
  "Z1169001|6": 0.0,
  "Z1169001|7": 0.0,
  "Z1367001|1": 154307.71875,
  "Z1367001|2": 51696.44921875,
  "Z1367001|3": 58748.0625,
  "Z1367001|4": 68930.5390625,
  "Z1367001|5": 102671.2421875,
  "Z1367001|6": 0.0,
  "Z1367001|7": 0.0,
  "Z1524001|1": 46411.28125,
  "Z1524001|2": 31564.66015625,
  "Z1524001|3": 20652.2890625,
  "Z1524001|4": 20397.58203125,
  "Z1524001|5": 50827.2890625,
  "Z1524001|6": 70567.6953125,
  "Z1524001|7": 54584.3203125,
  "Z1665001|1": 110583.6796875,
  "Z1665001|2": 43460.39453125,
  "Z1665001|3": 36693.83203125,
  "Z1665001|4": 38033.15625,
  "Z1665001|5": 76968.7109375,
  "Z1665001|6": 0.0,
  "Z1665001|7": 0.0,
  "Z1769001|1": 84100.3515625,
  "Z1769001|2": 36820.9453125,
  "Z1769001|3": 29381.220703125,
  "Z1769001|4": 31292.263671875,
  "Z1769001|5": 163608.3125,
  "Z1769001|6": 0.0,
  "Z1769001|7": 0.0,
  "Z1899001|1": 40608.3046875,
  "Z1899001|2": 14108.32421875,
  "Z1899001|3": 12451.966796875,
  "Z1899001|4": 11542.7890625,