{
  "Z0241002|1": 102393.640625,
  "Z0241002|2": 37256.625,
  "Z0241002|3": 47588.375,
  "Z0241002|4": 34902.16796875,
  "Z0241002|5": 30834.943359375,
  "Z0241002|6": 24539.09765625,
  "Z0241002|7": 15164.126953125,
  "Z0241003|1": 44788.0390625,
  "Z0241003|2": 23686.197265625,
  "Z0241003|3": 17613.8203125,
  "Z0241003|4": 28856.451171875,
  "Z0241003|5": 8684.3017578125,
  "Z0241003|6": 108.5718383789062,
  "Z0241003|7": 318.6178588867188,
  "Z0241004|1": 71967.15625,
  "Z0241004|2": 38696.9296875,
  "Z0241004|3": 59993.515625,
  "Z0241004|4": 49431.66796875,
  "Z0241004|5": 17440.4921875,
  "Z0241004|6": 5483.625,
  "Z0241004|7": 2324.898193359375,
  "Z0241005|1": 36306.36328125,
  "Z0241005|2": 24075.009765625,
  "Z0241005|3": 20781.60546875,
  "Z0241005|4": 20227.43359375,
  "Z0241005|5": 9926.2353515625,
  "Z0241005|6": 4794.05224609375,
  "Z0241005|7": 3364.115966796875,
  "Z0241006|1": 16064.8330078125,
  "Z0241006|2": 29325.625,
  "Z0241006|3": 27673.39453125,
  "Z0241006|4": 19285.484375,
  "Z0241006|5": 1622.33837890625,
  "Z0241006|6": 215.7675628662109,
  "Z0241006|7": 253.5850982666016,
  "Z0241007|1": 21088.138671875,
  "Z0241007|2": 18767.251953125,
  "Z0241007|3": 17711.337890625,
  "Z0241007|4": 20683.0390625,
  "Z0241007|5": 9506.3056640625,
  "Z0241007|6": 6662.35595703125,
  "Z0241007|7": 5431.6357421875,
  "Z0241008|1": 16566.6953125,
  "Z0241008|2": 12057.048828125,
  "Z0241008|3": 12374.798828125,
  "Z0241008|4": 12401.998046875,
  "Z0241008|5": 5269.23828125,
  "Z0241008|6": 2404.453857421875,
  "Z0241008|7": 2765.044921875,
  "Z0276001|1": 28041.888671875,
  "Z0276001|2": 42506.0390625,
  "Z0276001|3": 39644.40625,
  "Z0276001|4": 48308.53125,
  "Z0276001|5": 43166.90234375,
  "Z0276001|6": 22267.02734375,
  "Z0276001|7": 9985.9921875,
  "Z0276002|1": 50167.08984375,
  "Z0276002|2": 48086.15234375,
  "Z0276002|3": 42509.80859375,
  "Z0276002|4": 51942.36328125,
  "Z0276002|5": 32356.85546875,
  "Z0276002|6": 17472.5078125,
  "Z0276002|7": 6917.39404296875,
  "Z0276003|1": 5294.8935546875,
  "Z0276003|2": 3592.7197265625,
  "Z0276003|3": 2616.284423828125,
  "Z0276003|4": 11064.466796875,
  "Z0276003|5": 7815.08203125,
  "Z0276003|6": 7244.31396484375,
  "Z0276003|7": 3812.6416015625,
  "Z0283001|1": 35640.1953125,
  "Z0283001|2": 34175.8359375,
  "Z0283001|3": 32162.62890625,
  "Z0283001|4": 20700.720703125,
  "Z0283001|6": 0.0,
  "Z0283001|7": 0.0,
  "Z0284001|1": 77805.484375,
  "Z0284001|2": 146021.59375,
  "Z0284001|3": 72477.1953125,
  "Z0284001|4": 41384.8515625,
  "Z0284001|6": 0.0,
  "Z0284001|7": 0.0,
  "Z0386001|1": 52418.6015625,
  "Z0386001|2": 36403.7578125,
  "Z0386001|3": 36300.16796875,
  "Z0386001|4": 25851.041015625,
  "Z0386001|5": 19644.75,
  "Z0386001|6": 2957.31298828125,
  "Z0386001|7": 1651.029052734375,
  "Z0386002|1": 56415.203125,
  "Z0386002|2": 30597.251953125,
  "Z0386002|3": 30030.736328125,
  "Z0386002|4": 30672.689453125,
  "Z0386002|5": 19714.400390625,
  "Z0386002|6": 7591.8427734375,
  "Z0386002|7": 4061.46240234375,
  "Z0386003|1": 57963.30859375,
  "Z0386003|2": 38063.63671875,
  "Z0386003|3": 34132.1875,
  "Z0386003|4": 44390.39453125,
  "Z0386003|5": 19958.90234375,
  "Z0386003|6": 9261.1884765625,
  "Z0386003|7": 4945.13134765625,
  "Z0386004|1": 4367.22314453125,
  "Z0386004|2": 5945.2919921875,
  "Z0386004|3": 7687.5234375,
  "Z0386004|4": 8726.8720703125,
  "Z0386004|5": 4413.31787109375,
  "Z0386004|6": 2834.35400390625,
  "Z0386004|7": 2501.37841796875,
  "Z0386005|1": 3187.5810546875,
  "Z0386005|2": 3651.5654296875,
  "Z0386005|3": 3721.1416015625,
  "Z0386005|4": 2257.4736328125,
  "Z0386005|5": 1979.019165039062,
  "Z0386005|6": 1542.941650390625,
  "Z0386005|7": 1134.3125,
  "Z0386006|1": 5663.40576171875,
  "Z0386006|2": 6910.423828125,
  "Z0386006|3": 7410.28369140625,
  "Z0386006|4": 9193.9306640625,
  "Z0386006|5": 6617.6171875,
  "Z0386006|6": 3462.830322265625,
  "Z0386006|7": 2687.580322265625,
  "Z0386007|1": 19443.240234375,
  "Z0386007|2": 16465.787109375,
  "Z0386007|3": 14184.947265625,
  "Z0386007|4": 20137.736328125,
  "Z0386007|5": 15183.0126953125,
  "Z0386007|6": 7850.1572265625,
  "Z0386007|7": 2050.3720703125,
  "Z0646001|1": 75186.0703125,
  "Z0646001|2": 43560.40234375,
  "Z0646001|3": 68892.6875,
  "Z0646001|4": 46240.65234375,
  "Z0646001|5": 21773.916015625,
  "Z0646001|6": 4619.43359375,
  "Z0646001|7": 6197.1376953125,
  "Z0646002|1": 30067.84765625,
  "Z0646002|2": 54386.2421875,
  "Z0646002|3": 56406.97265625,
  "Z0646002|4": 40430.5078125,
  "Z0646002|5": 20798.33984375,
  "Z0646002|6": 5867.5361328125,
  "Z0646002|7": 5751.49365234375,
  "Z0646003|1": 2271.656982421875,
  "Z0646003|2": 2688.379150390625,
  "Z0646003|3": 3327.687744140625,
  "Z0646003|4": 2855.36181640625,
  "Z0646003|5": 1492.509765625,
  "Z0646003|6": 2337.456787109375,
  "Z0646003|7": 1304.906982421875,
  "Z0646004|1": 1933.527465820312,
  "Z0646004|2": 1123.86767578125,
  "Z0646004|3": 1728.427001953125,
  "Z0646004|4": 1341.340942382812,
  "Z0646004|5": 865.8118896484375,
  "Z0646004|6": 1298.07763671875,
  "Z0646004|7": 1406.804077148438,
  "Z0899001|1": 246087.015625,
  "Z0899001|2": 92488.96875,
  "Z0899001|3": 75654.53125,
  "Z0899001|4": 34482.046875,
  "Z0899001|6": 0.0,
  "Z0899001|7": 0.0,
  "Z0908001|1": 108316.5078125,
  "Z0908001|2": 56994.00390625,
  "Z0908001|3": 74268.59375,
  "Z0908001|4": 28374.533203125,
  "Z0908001|6": 0.0,
  "Z0908001|7": 0.0,
  "Z0951001|1": 68835.75,
  "Z0951001|2": 57825.55078125,
  "Z0951001|3": 57415.828125,
  "Z0951001|4": 40734.2109375,
  "Z0951001|5": 19316.353515625,
  "Z0951001|6": 2496.854248046875,
  "Z0951001|7": 4913.13134765625,
  "Z0951002|1": 79519.9921875,
  "Z0951002|2": 56349.7109375,
  "Z0951002|3": 54919.078125,
  "Z0951002|4": 46788.7265625,
  "Z0951002|5": 12081.4169921875,
  "Z0951002|6": 338.0325317382812,
  "Z0951002|7": 150.2074127197266,
  "Z0972001|1": 69607.328125,
  "Z0972001|2": 45890.3828125,
  "Z0972001|3": 46277.31640625,
  "Z0972001|4": 40812.52734375,
  "Z0972001|6": 0.0,
  "Z0972001|7": 0.0,
  "Z1031001|1": 19449.935546875,
  "Z1031001|2": 17804.962890625,
  "Z1031001|3": 16002.412109375,
  "Z1031001|4": 14097.4697265625,
  "Z1031001|5": 7817.93017578125,
  "Z1031001|6": 4529.9931640625,
  "Z1031001|7": 2082.697265625,
  "Z1031002|1": 40349.26953125,
  "Z1031002|2": 23710.517578125,
  "Z1031002|3": 22265.265625,
  "Z1031002|4": 21038.880859375,
  "Z1031002|5": 12205.52734375,
  "Z1031002|6": 8764.041015625,
  "Z1031002|7": 4155.017578125,
  "Z1119001|1": 65522.06640625,
  "Z1119001|2": 37489.796875,
  "Z1119001|3": 37611.8828125,
  "Z1119001|4": 41174.90234375,
  "Z1119001|5": 23273.37109375,
  "Z1119001|6": 14876.02734375,
  "Z1119001|7": 2189.87890625,
  "Z1169001|1": 56035.6171875,
  "Z1169001|2": 39238.953125,
  "Z1169001|3": 35159.44921875,
  "Z1169001|4": 31177.93359375,
  "Z1169001|6": 0.0,
  "Z1169001|7": 0.0,
  "Z1367001|1": 115791.765625,
  "Z1367001|2": 62033.3359375,
  "Z1367001|3": 48084.5,
  "Z1367001|4": 33842.63671875,
  "Z1367001|6": 0.0,
  "Z1367001|7": 0.0,
  "Z1524001|1": 32850.49609375,
  "Z1524001|2": 31065.02734375,
  "Z1524001|3": 32284.91015625,
  "Z1524001|4": 35168.90625,
  "Z1524001|5": 18293.728515625,
  "Z1524001|6": 6974.775390625,
  "Z1524001|7": 3934.318603515625,
  "Z1665001|1": 68247.4453125,
  "Z1665001|2": 34802.41796875,
  "Z1665001|3": 63109.82421875,
  "Z1665001|4": 32620.03515625,
  "Z1665001|6": 0.0,
  "Z1665001|7": 0.0,
  "Z1769001|1": 80540.1953125,
  "Z1769001|2": 61661.56640625,
  "Z1769001|3": 44577.61328125,
  "Z1769001|4": 55695.59375,
  "Z1769001|6": 0.0,
  "Z1769001|7": 0.0,
  "Z1899001|1": 67269.3046875,
  "Z1899001|2": 37512.1171875,
  "Z1899001|3": 33240.71875,
  "Z1899001|4": 17841.06640625,
  "Z1899001|5": 8654.765625,
  "Z1899001|6": 2819.943359375,
  "Z1899001|7": 3628.2529296875,
  "Z1899002|1": 82382.65625,
  "Z1899002|2": 42004.28515625,
  "Z1899002|3": 25030.865234375,
  "Z1899002|4": 23860.255859375,
  "Z1899002|5": 13763.8017578125,