{
  "Z0241002|1": 18339.216796875,
  "Z0241003|1": 18282.6015625,
  "Z0241004|1": 20988.6171875,
  "Z0241005|1": 7979.55419921875,
  "Z0241006|1": 3083.92236328125,
  "Z0241007|1": 6240.8134765625,
  "Z0241008|1": 4047.226318359375,
  "Z0276001|1": 28534.888671875,
  "Z0276002|1": 20135.623046875,
  "Z0276003|1": 4397.03076171875,
  "Z0283001|1": 16065.400390625,
  "Z0284001|1": 42992.25,
  "Z0386001|1": 24213.3515625,
  "Z0386002|1": 20423.0234375,
  "Z0386003|1": 20875.783203125,
  "Z0386004|1": 2176.34814453125,
  "Z0386005|1": 3607.707275390625,
  "Z0386006|1": 3533.810302734375,
  "Z0386007|1": 5331.91650390625,
  "Z0646001|1": 30991.43359375,
  "Z0646002|1": 24088.513671875,
  "Z0646003|1": 976.53125,
  "Z0646004|1": 1658.729858398438,
  "Z0899001|1": 57299.640625,
  "Z0908001|1": 27735.513671875,
  "Z0951001|1": 31935.650390625,
  "Z0951002|1": 26395.794921875,
  "Z0972001|1": 30673.275390625,
  "Z1031001|1": 12802.8408203125,
  "Z1031002|1": 15894.3876953125,
  "Z1119001|1": 19791.88671875,
  "Z1169001|1": 37923.98828125,
  "Z1367001|1": 63526.2421875,
  "Z1524001|1": 20294.099609375,
  "Z1665001|1": 38994.12109375,
  "Z1769001|1": 27981.806640625,
  "Z1899001|1": 17750.21484375,
  "Z1899002|1": 5385.1240234375,
  "Z2011001|1": 25169.5390625,
  "Z2135001|1": 20744.41796875,
  "Z2135002|1": 15182.1005859375,
  "Z2136001|1": 16984.7890625,
  "Z0241002|2": 15808.2607421875,
  "Z0241003|2": 15772.0126953125,
  "Z0241004|2": 29185.19921875,
  "Z0241005|2": 5182.5849609375,
  "Z0241006|2": 3262.166015625,
  "Z0241007|2": 5155.15283203125,
  "Z0241008|2": 2823.8251953125,
  "Z0276001|2": 26455.322265625,
  "Z0276002|2": 20961.890625,
  "Z0276003|2": 4573.29296875,
  "Z0283001|2": 31905.20703125,
  "Z0284001|2": 41877.80859375,
  "Z0386001|2": 17112.884765625,
  "Z0386002|2": 25939.404296875,
  "Z0386003|2": 27061.208984375,
  "Z0386004|2": 4487.0302734375,
  "Z0386005|2": 4135.2080078125,
  "Z0386006|2": 4336.68603515625,
  "Z0386007|2": 6032.708984375,
  "Z0646001|2": 33105.66015625,
  "Z0646002|2": 35164.109375,
  "Z0646003|2": 828.3652954101562,
  "Z0646004|2": 1230.541748046875,
  "Z0899001|2": 58833.84765625,
  "Z0908001|2": 35372.07421875,
  "Z0951001|2": 40308.0,
  "Z0951002|2": 40138.5234375,
  "Z0972001|2": 18849.119140625,
  "Z1031001|2": 6701.08544921875,
  "Z1031002|2": 9499.8251953125,
  "Z1119001|2": 17690.759765625,
  "Z1169001|2": 36441.06640625,
  "Z1367001|2": 79894.59375,
  "Z1524001|2": 15804.9140625,
  "Z1665001|2": 31838.123046875,
  "Z1769001|2": 23631.59375,
  "Z1899001|2": 9766.671875,
  "Z1899002|2": 10701.326171875,
  "Z2011001|2": 29314.328125,
  "Z2135001|2": 20390.7734375,
  "Z2135002|2": 13764.5634765625,
  "Z2136001|2": 14512.828125,
  "Z0241002|3": 33863.9140625,
  "Z0241003|3": 33442.25390625,
  "Z0241004|3": 39309.78515625,
  "Z0241005|3": 2255.624267578125,
  "Z0241006|3": 7841.48388671875,
  "Z0241007|3": 1761.946655273438,
  "Z0241008|3": 4600.33642578125,
  "Z0276001|3": 56631.203125,
  "Z0276002|3": 47856.3515625,
  "Z0276003|3": 10740.3349609375,
  "Z0283001|3": 34808.29296875,
  "Z0284001|3": 65346.0859375,
  "Z0386001|3": 31813.810546875,
  "Z0386002|3": 33060.76171875,
  "Z0386003|3": 34173.29296875,
  "Z0386004|3": 6276.578125,
  "Z0386005|3": 12637.7626953125,
  "Z0386006|3": 4411.7861328125,
  "Z0386007|3": 15074.306640625,
  "Z0646001|3": 50021.47265625,
  "Z0646002|3": 45219.94140625,
  "Z0646003|3": 1728.544921875,
  "Z0646004|3": 1512.734741210938,
  "Z0899001|3": 88536.5390625,
  "Z0908001|3": 146655.90625,
  "Z0951001|3": 56133.71484375,
  "Z0951002|3": 47293.7421875,
  "Z0972001|3": 24030.345703125,
  "Z1031001|3": 17409.46484375,
  "Z1031002|3": 23524.15234375,
  "Z1119001|3": 33388.078125,
  "Z1169001|3": 96020.296875,
  "Z1367001|3": 97774.3671875,
  "Z1524001|3": 27940.47265625,
  "Z1665001|3": 51425.6015625,
  "Z1769001|3": 30227.333984375,
  "Z1899001|3": 15329.154296875,
  "Z1899002|3": 19943.490234375,
  "Z2011001|3": 17933.95703125,
  "Z2135001|3": 37086.81640625,
  "Z2135002|3": 23919.814453125,
  "Z2136001|3": 12339.0654296875,
  "Z0241002|4": 40270.078125,
  "Z0241003|4": 37103.9375,
  "Z0241004|4": 48987.75,
  "Z0241005|4": 9528.6630859375,
  "Z0241006|4": 8336.1103515625,
  "Z0241007|4": 3326.21826171875,
  "Z0241008|4": 6980.265625,
  "Z0276001|4": 60526.0234375,
  "Z0276002|4": 45591.4375,
  "Z0276003|4": 12992.13671875,
  "Z0283001|4": 49109.08984375,
  "Z0284001|4": 80740.765625,
  "Z0386001|4": 44632.57421875,
  "Z0386002|4": 51959.2578125,
  "Z0386003|4": 50325.03125,
  "Z0386004|4": 7566.1875,
  "Z0386005|4": 12968.9111328125,
  "Z0386006|4": 10872.2685546875,
  "Z0386007|4": 23409.564453125,
  "Z0646001|4": 61092.0859375,
  "Z0646002|4": 51967.58203125,
  "Z0646003|4": 3671.740966796875,
  "Z0646004|4": 1395.557373046875,
  "Z0899001|4": 67222.296875,
  "Z0908001|4": 53950.33984375,
  "Z0951001|4": 41480.75390625,
  "Z0951002|4": 54352.28125,
  "Z0972001|4": 44613.0390625,
  "Z1031001|4": 15822.5,
  "Z1031002|4": 30659.5,
  "Z1119001|4": 48611.7109375,
  "Z1169001|4": 40829.34375,
  "Z1367001|4": 71934.4296875,
  "Z1524001|4": 32545.890625,
  "Z1665001|4": 58340.81640625,
  "Z1769001|4": 41167.55859375,
  "Z1899001|4": 19295.013671875,
  "Z1899002|4": 25254.033203125,
  "Z2011001|4": 21855.095703125,
  "Z2135001|4": 47175.85546875,
  "Z2135002|4": 31199.41015625,
  "Z2136001|4": 16411.0078125,
  "Z0241002|5": 86915.453125,
  "Z0241003|5": 86075.9609375,
  "Z0241004|5": 107340.921875,
  "Z0241005|5": 33471.06640625,
  "Z0241006|5": 9438.8798828125,
  "Z0241007|5": 20484.529296875,
  "Z0241008|5": 9558.8662109375,
  "Z0276001|5": 109702.8046875,
  "Z0276002|5": 101113.8828125,
  "Z0276003|5": 19199.908203125,
  "Z0283001|5": 60674.203125,
  "Z0284001|5": 249187.828125,
  "Z0386001|5": 82383.5234375,
  "Z0386002|5": 83792.046875,
  "Z0386003|5": 105043.8203125,
  "Z0386004|5": 6650.52099609375,
  "Z0386005|5": 23364.15234375,
  "Z0386006|5": 15554.03515625,
  "Z0386007|5": 28506.654296875,
  "Z0646001|5": 112412.046875,
  "Z0646002|5": 91911.796875,
  "Z0646003|5": 5061.92333984375,
  "Z0646004|5": 6018.44970703125,
  "Z0899001|5": 222866.34375,
  "Z0908001|5": 222636.0625,
  "Z0951001|5": 113029.953125,
  "Z0951002|5": 96691.0234375,
  "Z0972001|5": 121815.8203125,
  "Z1031001|5": 39757.0859375,
  "Z1031002|5": 59141.84765625,
  "Z1119001|5": 148859.46875,
  "Z1169001|5": 164287.359375,
  "Z1367001|5": 261436.96875,
  "Z1524001|5": 58095.3515625,
  "Z1665001|5": 107504.125,
  "Z1769001|5": 125604.6953125,
  "Z1899001|5": 43643.81640625,
  "Z1899002|5": 55077.69140625,
  "Z2011001|5": 106122.2265625,
  "Z2135001|5": 116492.0,
  "Z2135002|5": 77676.625,
  "Z2136001|5": 72291.703125,
  "Z0241002|6": 37552.671875,
  "Z0241003|6": 13630.580078125,
  "Z0241004|6": 32316.763671875,
  "Z0241005|6": 24292.111328125,
  "Z0241006|6": 2009.7587890625,
  "Z0241007|6": 22138.029296875,
  "Z0241008|6": 5968.935546875,
  "Z0276001|6": 34715.26953125,
  "Z0276002|6": 34472.7421875,
  "Z0276003|6": 16582.05859375,
  "Z0386001|6": 33235.109375,
  "Z0386002|6": 33235.109375,
  "Z0386003|6": 34896.84375,
  "Z0386004|6": 11775.859375,
  "Z0386005|6": 16516.77734375,
  "Z0386006|6": 11274.5166015625,
  "Z0386007|6": 2798.9169921875,
  "Z0646001|6": 46478.4296875,
  "Z0646002|6": 35783.75390625,
  "Z0646003|6": 4654.8994140625,
  "Z0646004|6": 4719.36962890625,
  "Z0951001|6": 32910.296875,
  "Z0951002|6": 20777.185546875,
  "Z1031001|6": 21073.0,
  "Z1031002|6": 26857.216796875,
  "Z1119001|6": 73659.5,
  "Z1524001|6": 26461.404296875,
  "Z1899001|6": 21978.419921875,
  "Z1899002|6": 23297.376953125,
  "Z2135001|6": 22211.224609375,
  "Z2135002|6": 6979.7333984375,
  "Z0241002|7": 24058.091796875,
  "Z0241003|7": 24329.462890625,
  "Z0241004|7": 26775.529296875,
  "Z0241005|7": 10220.3701171875,
  "Z0241006|7": 711.2503662109375,
  "Z0241007|7": 15061.6748046875,
  "Z0241008|7": 7208.341796875,
  "Z0276001|7": 26579.29296875,
  "Z0276002|7": 20016.357421875,
  "Z0276003|7": 9408.814453125,