{
  "Z0241002|1": 89091.8359375,
  "Z0241002|2": 30899.97265625,
  "Z0241002|3": 27287.171875,
  "Z0241002|4": 20205.22265625,
  "Z0241002|5": 19342.9375,
  "Z0241002|6": 31723.0390625,
  "Z0241002|7": 28520.658203125,
  "Z0241003|1": 96145.65625,
  "Z0241003|2": 41516.29296875,
  "Z0241003|3": 29833.08203125,
  "Z0241003|4": 13480.0703125,
  "Z0241003|5": 23224.21484375,
  "Z0241003|6": 19144.779296875,
  "Z0241003|7": 23779.6328125,
  "Z0241004|1": 101863.890625,
  "Z0241004|2": 46594.75390625,
  "Z0241004|3": 35347.42578125,
  "Z0241004|4": 24406.38671875,
  "Z0241004|5": 32565.607421875,
  "Z0241004|6": 50760.1015625,
  "Z0241004|7": 33036.01953125,
  "Z0241005|1": 44655.69140625,
  "Z0241005|2": 21664.2578125,
  "Z0241005|3": 12955.7080078125,
  "Z0241005|4": 4741.24462890625,
  "Z0241005|5": 7595.38427734375,
  "Z0241005|6": 11677.9501953125,
  "Z0241005|7": 20774.076171875,
  "Z0241006|1": 6475.13330078125,
  "Z0241006|2": 1737.348022460938,
  "Z0241006|3": 716.480712890625,
  "Z0241006|4": 323.0857849121094,
  "Z0241006|5": 2505.300048828125,
  "Z0241006|6": 1807.72705078125,
  "Z0241006|7": 842.6181640625,
  "Z0241007|1": 47382.7265625,
  "Z0241007|2": 22699.880859375,
  "Z0241007|3": 17143.677734375,
  "Z0241007|4": 6766.7783203125,
  "Z0241007|5": 11038.6220703125,
  "Z0241007|6": 20394.994140625,
  "Z0241007|7": 30369.6171875,
  "Z0241008|1": 17361.662109375,
  "Z0241008|2": 5800.3330078125,
  "Z0241008|3": 3425.56201171875,
  "Z0241008|4": 2520.44580078125,
  "Z0241008|5": 5039.4296875,
  "Z0241008|6": 5895.91845703125,
  "Z0241008|7": 13749.291015625,
  "Z0276001|1": 76840.140625,
  "Z0276001|2": 36041.0,
  "Z0276001|3": 29447.59375,
  "Z0276001|4": 22670.001953125,
  "Z0276001|5": 26614.55078125,
  "Z0276001|6": 43683.91796875,
  "Z0276001|7": 31242.8515625,
  "Z0276002|1": 73094.359375,
  "Z0276002|2": 30632.755859375,
  "Z0276002|3": 27335.044921875,
  "Z0276002|4": 14336.009765625,
  "Z0276002|5": 16284.392578125,
  "Z0276002|6": 44725.03515625,
  "Z0276002|7": 26218.013671875,
  "Z0276003|1": 11613.650390625,
  "Z0276003|2": 4481.8330078125,
  "Z0276003|3": 4254.8369140625,
  "Z0276003|4": 2315.0615234375,
  "Z0276003|5": 5589.591796875,
  "Z0276003|6": 10242.27734375,
  "Z0276003|7": 19133.37109375,
  "Z0283001|1": 62217.89453125,
  "Z0283001|2": 35227.1484375,
  "Z0283001|3": 24449.9765625,
  "Z0283001|5": 26621.556640625,
  "Z0283001|6": 0.0,
  "Z0283001|7": 0.0,
  "Z0284001|1": 181315.578125,
  "Z0284001|2": 100017.5703125,
  "Z0284001|3": 53725.6015625,
  "Z0284001|5": 60016.86328125,
  "Z0284001|6": 0.0,
  "Z0284001|7": 0.0,
  "Z0386001|1": 62834.7109375,
  "Z0386001|2": 29738.96875,
  "Z0386001|3": 23452.58203125,
  "Z0386001|4": 2118.573974609375,
  "Z0386001|5": 13397.3232421875,
  "Z0386001|6": 30655.990234375,
  "Z0386001|7": 27084.576171875,
  "Z0386002|1": 85735.5546875,
  "Z0386002|2": 38695.52734375,
  "Z0386002|3": 27928.45703125,
  "Z0386002|4": 19789.03515625,
  "Z0386002|5": 17636.294921875,
  "Z0386002|6": 43340.15625,
  "Z0386002|7": 28865.396484375,
  "Z0386003|1": 99206.5703125,
  "Z0386003|2": 45077.546875,
  "Z0386003|3": 32245.80078125,
  "Z0386003|4": 23806.58984375,
  "Z0386003|5": 19572.525390625,
  "Z0386003|6": 46625.828125,
  "Z0386003|7": 26235.046875,
  "Z0386004|1": 11198.3955078125,
  "Z0386004|2": 6470.97216796875,
  "Z0386004|3": 5214.40478515625,
  "Z0386004|4": 3416.730712890625,
  "Z0386004|5": 1836.305908203125,
  "Z0386004|6": 2992.4814453125,
  "Z0386004|7": 7373.27001953125,
  "Z0386005|1": 36647.42578125,
  "Z0386005|2": 14114.54296875,
  "Z0386005|3": 7091.9228515625,
  "Z0386005|4": 5402.96240234375,
  "Z0386005|5": 4999.18896484375,
  "Z0386005|6": 12777.041015625,
  "Z0386005|7": 24140.3984375,
  "Z0386006|1": 13796.27734375,
  "Z0386006|2": 4796.04638671875,
  "Z0386006|3": 5587.12939453125,
  "Z0386006|4": 3734.68701171875,
  "Z0386006|5": 2414.99267578125,
  "Z0386006|6": 5328.53564453125,
  "Z0386006|7": 9425.322265625,
  "Z0386007|1": 41162.57421875,
  "Z0386007|2": 19295.87890625,
  "Z0386007|3": 12060.1767578125,
  "Z0386007|4": 4511.2177734375,
  "Z0386007|5": 8112.15185546875,
  "Z0386007|6": 3954.36181640625,
  "Z0386007|7": 2303.4462890625,
  "Z0646001|1": 110789.5234375,
  "Z0646001|2": 47734.828125,
  "Z0646001|3": 44985.42578125,
  "Z0646001|4": 24134.802734375,
  "Z0646001|5": 28662.259765625,
  "Z0646001|6": 53303.3828125,
  "Z0646001|7": 40667.484375,
  "Z0646002|1": 110789.5234375,
  "Z0646002|2": 48748.52734375,
  "Z0646002|3": 42373.484375,
  "Z0646002|4": 23275.435546875,
  "Z0646002|5": 24840.044921875,
  "Z0646002|6": 47471.6953125,
  "Z0646002|7": 31039.234375,
  "Z0646003|1": 5342.0830078125,
  "Z0646003|2": 3030.42626953125,
  "Z0646003|3": 754.7022094726562,
  "Z0646003|4": 815.1023559570312,
  "Z0646003|5": 1348.099853515625,
  "Z0646003|6": 951.454345703125,
  "Z0646003|7": 1122.70166015625,
  "Z0646004|1": 9816.587890625,
  "Z0646004|2": 3271.365478515625,
  "Z0646004|3": 1030.114990234375,
  "Z0646004|4": 1104.32275390625,
  "Z0646004|5": 2919.609130859375,
  "Z0646004|6": 2290.613525390625,
  "Z0646004|7": 8042.4228515625,
  "Z0899001|1": 243516.15625,
  "Z0899001|2": 68092.0625,
  "Z0899001|3": 47281.25,
  "Z0899001|5": 66286.2109375,
  "Z0899001|6": 0.0,
  "Z0899001|7": 0.0,
  "Z0908001|1": 116293.1953125,
  "Z0908001|2": 43473.9921875,
  "Z0908001|3": 27905.267578125,
  "Z0908001|5": 59948.84765625,
  "Z0908001|6": 0.0,
  "Z0908001|7": 0.0,
  "Z0951001|1": 199108.375,
  "Z0951001|2": 46425.93359375,
  "Z0951001|3": 36206.296875,
  "Z0951001|4": 24437.55078125,
  "Z0951001|5": 26389.123046875,
  "Z0951001|6": 42125.87890625,
  "Z0951001|7": 17819.962890625,
  "Z0951002|1": 181699.15625,
  "Z0951002|2": 42168.6484375,
  "Z0951002|3": 37881.6953125,
  "Z0951002|4": 23717.0078125,
  "Z0951002|5": 23125.28515625,
  "Z0951002|6": 37281.96875,
  "Z0951002|7": 7065.59765625,
  "Z0972001|1": 116293.1953125,
  "Z0972001|2": 38681.06640625,
  "Z0972001|3": 29327.21875,
  "Z0972001|5": 34630.484375,
  "Z0972001|6": 0.0,
  "Z0972001|7": 0.0,
  "Z1031001|1": 54032.26171875,
  "Z1031001|2": 25548.783203125,
  "Z1031001|3": 15741.8359375,
  "Z1031001|4": 8862.46484375,
  "Z1031001|5": 11493.3984375,
  "Z1031001|6": 11960.599609375,
  "Z1031001|7": 12948.30859375,
  "Z1031002|1": 73646.3671875,
  "Z1031002|2": 34020.75,
  "Z1031002|3": 24510.515625,
  "Z1031002|4": 12651.6318359375,
  "Z1031002|5": 13034.68359375,
  "Z1031002|6": 30886.2421875,
  "Z1031002|7": 23419.658203125,
  "Z1119001|1": 116408.484375,
  "Z1119001|2": 58562.45703125,
  "Z1119001|3": 53061.14453125,
  "Z1119001|4": 28327.2421875,
  "Z1119001|5": 34703.0859375,
  "Z1119001|6": 45866.84375,
  "Z1119001|7": 27389.037109375,
  "Z1169001|1": 185705.140625,
  "Z1169001|2": 63176.73046875,
  "Z1169001|3": 40708.34765625,
  "Z1169001|5": 69610.1875,
  "Z1169001|6": 0.0,
  "Z1169001|7": 0.0,
  "Z1367001|1": 227813.1875,
  "Z1367001|2": 87445.3984375,
  "Z1367001|3": 49521.3671875,
  "Z1367001|5": 64136.0234375,
  "Z1367001|6": 0.0,
  "Z1367001|7": 0.0,
  "Z1524001|1": 73469.4453125,
  "Z1524001|2": 31809.109375,
  "Z1524001|3": 28968.759765625,
  "Z1524001|4": 15340.328125,
  "Z1524001|5": 18533.4921875,
  "Z1524001|6": 55389.48046875,
  "Z1524001|7": 40550.94921875,
  "Z1665001|1": 147458.390625,
  "Z1665001|2": 48671.41015625,
  "Z1665001|3": 37013.4609375,
  "Z1665001|5": 51561.19140625,
  "Z1665001|6": 0.0,
  "Z1665001|7": 0.0,
  "Z1769001|1": 130765.921875,
  "Z1769001|2": 43321.1484375,
  "Z1769001|3": 29224.109375,
  "Z1769001|5": 27932.212890625,
  "Z1769001|6": 0.0,
  "Z1769001|7": 0.0,
  "Z1899001|1": 67063.3671875,
  "Z1899001|2": 33076.40625,
  "Z1899001|3": 20412.25390625,
  "Z1899001|4": 8759.603515625,
  "Z1899001|5": 11497.48828125,
  "Z1899001|6": 20087.900390625,
  "Z1899001|7": 26799.033203125,
  "Z1899002|1": 78125.578125,
  "Z1899002|2": 38380.11328125,
  "Z1899002|3": 32276.59765625,
  "Z1899002|4": 14375.0302734375,
  "Z1899002|5": 16852.04296875,
  "Z1899002|6": 39995.9140625,