{
  "Z0241002|1": 140867.109375,
  "Z0241003|1": 143120.671875,
  "Z0241004|1": 170902.421875,
  "Z0241005|1": 71281.359375,
  "Z0241006|1": 34591.26953125,
  "Z0241007|1": 93541.9140625,
  "Z0241008|1": 22175.263671875,
  "Z0276001|1": 106860.96875,
  "Z0276002|1": 84710.109375,
  "Z0276003|1": 20803.81640625,
  "Z0283001|1": 64812.57421875,
  "Z0284001|1": 240909.421875,
  "Z0386001|1": 128208.171875,
  "Z0386002|1": 157122.515625,
  "Z0386003|1": 158639.921875,
  "Z0386004|1": 55467.1328125,
  "Z0386005|1": 26897.28125,
  "Z0386006|1": 21670.5390625,
  "Z0386007|1": 65275.14453125,
  "Z0646001|1": 216076.1875,
  "Z0646002|1": 214937.390625,
  "Z0646003|1": 19286.9921875,
  "Z0646004|1": 13176.55078125,
  "Z0899001|1": 303612.375,
  "Z0908001|1": 227174.03125,
  "Z0951001|1": 204901.09375,
  "Z0951002|1": 155243.546875,
  "Z0972001|1": 129796.4296875,
  "Z1031001|1": 96878.1171875,
  "Z1031002|1": 127996.203125,
  "Z1119001|1": 264686.53125,
  "Z1169001|1": 211217.15625,
  "Z1367001|1": 265155.4375,
  "Z1524001|1": 114720.5078125,
  "Z1665001|1": 126883.90625,
  "Z1769001|1": 176426.71875,
  "Z1899001|1": 95384.0625,
  "Z1899002|1": 114757.0625,
  "Z2011001|1": 118767.7578125,
  "Z2135001|1": 162099.328125,
  "Z2135002|1": 180657.4375,
  "Z2136001|1": 61994.30078125,
  "Z0241002|2": 133708.25,
  "Z0241003|2": 156932.46875,
  "Z0241004|2": 150991.140625,
  "Z0241005|2": 44975.47265625,
  "Z0241006|2": 13025.474609375,
  "Z0241007|2": 55498.98828125,
  "Z0241008|2": 15748.7890625,
  "Z0276001|2": 89241.5859375,
  "Z0276002|2": 87599.6484375,
  "Z0276003|2": 15473.515625,
  "Z0283001|2": 141659.265625,
  "Z0284001|2": 194613.84375,
  "Z0386001|2": 127547.78125,
  "Z0386002|2": 136880.25,
  "Z0386003|2": 164019.1875,
  "Z0386004|2": 29797.5390625,
  "Z0386005|2": 24457.08984375,
  "Z0386006|2": 21045.984375,
  "Z0386007|2": 43702.37890625,
  "Z0646001|2": 202887.78125,
  "Z0646002|2": 204149.75,
  "Z0646003|2": 13689.7939453125,
  "Z0646004|2": 12776.7001953125,
  "Z0899001|2": 276825.1875,
  "Z0908001|2": 234990.984375,
  "Z0951001|2": 181338.40625,
  "Z0951002|2": 177390.578125,
  "Z0972001|2": 141605.640625,
  "Z1031001|2": 69799.9765625,
  "Z1031002|2": 113908.859375,
  "Z1119001|2": 255632.21875,
  "Z1169001|2": 217313.859375,
  "Z1367001|2": 281332.90625,
  "Z1524001|2": 90548.6328125,
  "Z1665001|2": 148324.65625,
  "Z1769001|2": 140593.71875,
  "Z1899001|2": 103790.5078125,
  "Z1899002|2": 116203.5078125,
  "Z2011001|2": 121543.9296875,
  "Z2135001|2": 160128.15625,
  "Z2135002|2": 169128.453125,
  "Z2136001|2": 51634.90625,
  "Z0241002|3": 44671.1953125,
  "Z0241003|3": 58964.7265625,
  "Z0241004|3": 61415.25,
  "Z0241005|3": 17314.287109375,
  "Z0241006|3": 6832.45068359375,
  "Z0241007|3": 25270.19921875,
  "Z0241008|3": 8065.15283203125,
  "Z0276001|3": 35386.6875,
  "Z0276002|3": 34356.71875,
  "Z0276003|3": 6714.04052734375,
  "Z0283001|3": 34147.8515625,
  "Z0284001|3": 224567.84375,
  "Z0386001|3": 43393.46875,
  "Z0386002|3": 49209.984375,
  "Z0386003|3": 70590.046875,
  "Z0386004|3": 14056.708984375,
  "Z0386005|3": 12628.9912109375,
  "Z0386006|3": 11871.294921875,
  "Z0386007|3": 30200.73828125,
  "Z0646001|3": 83001.0859375,
  "Z0646002|3": 78946.3125,
  "Z0646003|3": 4741.9501953125,
  "Z0646004|3": 9647.7294921875,
  "Z0899001|3": 243086.65625,
  "Z0908001|3": 109685.6484375,
  "Z0951001|3": 79172.203125,
  "Z0951002|3": 72343.84375,
  "Z0972001|3": 71504.1328125,
  "Z1031001|3": 24013.345703125,
  "Z1031002|3": 38952.26953125,
  "Z1119001|3": 100360.78125,
  "Z1169001|3": 125714.46875,
  "Z1367001|3": 142357.953125,
  "Z1524001|3": 41394.484375,
  "Z1665001|3": 97856.9296875,
  "Z1769001|3": 81129.1640625,
  "Z1899001|3": 31036.2734375,
  "Z1899002|3": 41850.77734375,
  "Z2011001|3": 64154.0703125,
  "Z2135001|3": 66059.78125,
  "Z2135002|3": 24701.748046875,
  "Z2136001|3": 26149.041015625,
  "Z0241002|4": 21340.474609375,
  "Z0241003|4": 33165.546875,
  "Z0241004|4": 35675.69921875,
  "Z0241005|4": 12022.3701171875,
  "Z0241006|4": 6011.57080078125,
  "Z0241007|4": 16097.240234375,
  "Z0241008|4": 5734.736328125,
  "Z0276001|4": 26169.298828125,
  "Z0276002|4": 24638.36328125,
  "Z0276003|4": 5362.91845703125,
  "Z0283001|4": 21904.30078125,
  "Z0284001|4": 43037.9921875,
  "Z0386001|4": 24459.841796875,
  "Z0386002|4": 30146.982421875,
  "Z0386003|4": 40077.703125,
  "Z0386004|4": 8836.392578125,
  "Z0386005|4": 8426.5615234375,
  "Z0386006|4": 7471.02587890625,
  "Z0386007|4": 15380.556640625,
  "Z0646001|4": 46605.06640625,
  "Z0646002|4": 46863.171875,
  "Z0646003|4": 3807.716552734375,
  "Z0646004|4": 2926.720458984375,
  "Z0899001|4": 68451.796875,
  "Z0908001|4": 94154.546875,
  "Z0951001|4": 47996.3984375,
  "Z0951002|4": 49289.546875,
  "Z0972001|4": 36783.703125,
  "Z1031001|4": 15782.0634765625,
  "Z1031002|4": 24818.330078125,
  "Z1119001|4": 61670.62109375,
  "Z1169001|4": 66206.2890625,
  "Z1367001|4": 72760.796875,
  "Z1524001|4": 32869.51953125,
  "Z1665001|4": 26908.365234375,
  "Z1769001|4": 31312.265625,
  "Z1899001|4": 17020.8046875,
  "Z1899002|4": 26449.494140625,
  "Z2011001|4": 26721.26953125,
  "Z2135001|4": 45019.41796875,
  "Z2135002|4": 39278.04296875,
  "Z2136001|4": 14078.376953125,
  "Z0241002|5": 26650.84765625,
  "Z0241003|5": 24466.048828125,
  "Z0241004|5": 25791.54296875,
  "Z0241005|5": 9289.072265625,
  "Z0241006|5": 9174.80859375,
  "Z0241007|5": 13200.8779296875,
  "Z0241008|5": 5550.85400390625,
  "Z0276001|5": 28139.32421875,
  "Z0276002|5": 23897.85546875,
  "Z0276003|5": 3986.650390625,
  "Z0283001|5": 18471.94140625,
  "Z0284001|5": 93842.9453125,
  "Z0386001|5": 23745.841796875,
  "Z0386002|5": 25906.892578125,
  "Z0386003|5": 30516.64453125,
  "Z0386004|5": 8910.9990234375,
  "Z0386005|5": 3470.638427734375,
  "Z0386006|5": 6231.88525390625,
  "Z0386007|5": 11836.5517578125,
  "Z0646001|5": 41894.546875,
  "Z0646002|5": 34566.80078125,
  "Z0646003|5": 2608.926513671875,
  "Z0646004|5": 2895.52001953125,
  "Z0899001|5": 57092.19921875,
  "Z0908001|5": 43664.46484375,
  "Z0951001|5": 42771.2890625,
  "Z0951002|5": 43002.70703125,
  "Z0972001|5": 41911.8515625,
  "Z1031001|5": 20835.84375,
  "Z1031002|5": 25787.78125,
  "Z1119001|5": 48249.18359375,
  "Z1169001|5": 62382.47265625,
  "Z1367001|5": 70768.734375,
  "Z1524001|5": 24761.587890625,
  "Z1665001|5": 36971.6171875,
  "Z1769001|5": 26721.37109375,
  "Z1899001|5": 18891.51953125,
  "Z1899002|5": 22551.72265625,
  "Z2011001|5": 18208.888671875,
  "Z2135001|5": 36953.53515625,
  "Z2135002|5": 32118.794921875,
  "Z2136001|5": 10449.7783203125,
  "Z0241002|6": 24539.51953125,
  "Z0241003|6": 23490.43359375,
  "Z0241004|6": 28088.0859375,
  "Z0241005|6": 13346.017578125,
  "Z0241006|6": 3175.968017578125,
  "Z0241007|6": 11865.4765625,
  "Z0241008|6": 7490.248046875,
  "Z0276001|6": 29440.6015625,
  "Z0276002|6": 26693.759765625,
  "Z0276003|6": 6896.076171875,
  "Z0386001|6": 16715.755859375,
  "Z0386002|6": 23799.84765625,
  "Z0386003|6": 35285.51953125,
  "Z0386004|6": 8357.2861328125,
  "Z0386005|6": 4259.16552734375,
  "Z0386006|6": 6378.890625,
  "Z0386007|6": 11939.251953125,
  "Z0646001|6": 38049.48046875,
  "Z0646002|6": 27783.8828125,
  "Z0646003|6": 1620.829711914062,
  "Z0646004|6": 4207.97119140625,
  "Z0951001|6": 39155.703125,
  "Z0951002|6": 39826.9140625,
  "Z1031001|6": 256.1110534667969,
  "Z1031002|6": 22605.9453125,
  "Z1119001|6": 37215.39453125,
  "Z1524001|6": 20629.669921875,
  "Z1899001|6": 12107.2099609375,
  "Z1899002|6": 12507.3017578125,
  "Z2135001|6": 29972.05078125,
  "Z2135002|6": 18202.16796875,
  "Z0241002|7": 41071.44140625,
  "Z0241003|7": 26513.11328125,
  "Z0241004|7": 48493.03125,
  "Z0241005|7": 15258.2509765625,
  "Z0241006|7": 7488.08349609375,
  "Z0241007|7": 26950.17578125,
  "Z0241008|7": 8382.625,
  "Z0276001|7": 38694.1640625,
  "Z0276002|7": 24089.294921875,
  "Z0276003|7": 11449.8740234375,
  "Z0386001|7": 25841.1796875,
  "Z0386002|7": 22888.095703125,