{
  "Z0241002|1": 29423.255859375,
  "Z0241002|2": 24326.19140625,
  "Z0241002|3": 35327.26953125,
  "Z0241002|4": 36685.12109375,
  "Z0241002|5": 77113.015625,
  "Z0241002|6": 62687.70703125,
  "Z0241002|7": 38711.2890625,
  "Z0241003|1": 28763.689453125,
  "Z0241003|2": 23701.72265625,
  "Z0241003|3": 20479.626953125,
  "Z0241003|4": 21064.09765625,
  "Z0241003|5": 24744.35546875,
  "Z0241003|6": 8648.9560546875,
  "Z0241003|7": 6771.85986328125,
  "Z0241004|1": 37356.1015625,
  "Z0241004|2": 23818.740234375,
  "Z0241004|3": 42731.9453125,
  "Z0241004|4": 64733.1953125,
  "Z0241004|5": 88417.484375,
  "Z0241004|6": 57691.97265625,
  "Z0241004|7": 29359.5703125,
  "Z0241005|1": 11811.8203125,
  "Z0241005|2": 8160.28076171875,
  "Z0241005|3": 14941.0498046875,
  "Z0241005|4": 12945.8271484375,
  "Z0241005|5": 21197.69140625,
  "Z0241005|6": 30030.87890625,
  "Z0241005|7": 25318.1796875,
  "Z0241006|1": 2976.890625,
  "Z0241006|2": 2322.31982421875,
  "Z0241006|3": 5183.8115234375,
  "Z0241006|4": 3978.96826171875,
  "Z0241006|5": 3960.20166015625,
  "Z0241006|6": 3378.38232421875,
  "Z0241006|7": 1598.4326171875,
  "Z0241007|1": 12337.759765625,
  "Z0241007|2": 6966.19873046875,
  "Z0241007|3": 16005.0068359375,
  "Z0241007|4": 29872.228515625,
  "Z0241007|5": 34127.859375,
  "Z0241007|6": 29405.609375,
  "Z0241007|7": 20798.30078125,
  "Z0241008|1": 6087.6806640625,
  "Z0241008|2": 3705.88427734375,
  "Z0241008|3": 7081.33740234375,
  "Z0241008|4": 6205.4248046875,
  "Z0241008|5": 12216.8017578125,
  "Z0241008|6": 25411.5078125,
  "Z0241008|7": 13439.7099609375,
  "Z0276001|1": 41377.75,
  "Z0276001|2": 22720.955078125,
  "Z0276001|3": 56161.93359375,
  "Z0276001|4": 56138.42578125,
  "Z0276001|5": 60279.64453125,
  "Z0276001|6": 63272.6015625,
  "Z0276001|7": 30425.859375,
  "Z0276002|1": 23578.734375,
  "Z0276002|2": 19205.21875,
  "Z0276002|3": 30870.751953125,
  "Z0276002|4": 47475.36328125,
  "Z0276002|5": 71944.6484375,
  "Z0276002|6": 54636.5078125,
  "Z0276002|7": 27662.62890625,
  "Z0276003|1": 4560.95068359375,
  "Z0276003|2": 3157.931396484375,
  "Z0276003|3": 7957.24755859375,
  "Z0276003|4": 7454.58349609375,
  "Z0276003|5": 14927.9599609375,
  "Z0276003|6": 26203.2890625,
  "Z0276003|7": 15832.4326171875,
  "Z0283001|1": 22721.865234375,
  "Z0283001|2": 25253.599609375,
  "Z0283001|3": 53535.38671875,
  "Z0283001|4": 41499.7890625,
  "Z0283001|5": 40327.7265625,
  "Z0283001|6": 0.0,
  "Z0283001|7": 0.0,
  "Z0284001|1": 60787.4921875,
  "Z0284001|2": 71863.3203125,
  "Z0284001|3": 96018.9296875,
  "Z0284001|4": 107780.0625,
  "Z0284001|5": 109230.515625,
  "Z0284001|6": 0.0,
  "Z0284001|7": 0.0,
  "Z0386001|1": 35035.66796875,
  "Z0386001|2": 16616.365234375,
  "Z0386001|3": 26300.306640625,
  "Z0386001|4": 32093.533203125,
  "Z0386001|5": 44105.9296875,
  "Z0386001|6": 34298.41015625,
  "Z0386001|7": 29807.23046875,
  "Z0386002|1": 31452.005859375,
  "Z0386002|2": 18255.716796875,
  "Z0386002|3": 27490.41796875,
  "Z0386002|4": 40323.6875,
  "Z0386002|5": 33339.109375,
  "Z0386002|6": 33732.43359375,
  "Z0386002|7": 26750.2109375,
  "Z0386003|1": 37293.02734375,
  "Z0386003|2": 19219.345703125,
  "Z0386003|3": 35980.3828125,
  "Z0386003|4": 33294.81640625,
  "Z0386003|5": 49126.421875,
  "Z0386003|6": 38248.75,
  "Z0386003|7": 28711.8359375,
  "Z0386004|1": 7072.7041015625,
  "Z0386004|2": 3483.3486328125,
  "Z0386004|3": 6602.322265625,
  "Z0386004|4": 6452.9560546875,
  "Z0386004|5": 5784.97265625,
  "Z0386004|6": 5831.5654296875,
  "Z0386004|7": 6101.03271484375,
  "Z0386005|1": 5535.494140625,
  "Z0386005|2": 2595.072265625,
  "Z0386005|3": 6745.2685546875,
  "Z0386005|4": 12360.6796875,
  "Z0386005|5": 18537.205078125,
  "Z0386005|6": 10959.9423828125,
  "Z0386005|7": 8399.248046875,
  "Z0386006|1": 5181.2900390625,
  "Z0386006|2": 3651.990478515625,
  "Z0386006|3": 5605.224609375,
  "Z0386006|4": 6754.99658203125,
  "Z0386006|5": 5311.080078125,
  "Z0386006|6": 5014.83984375,
  "Z0386006|7": 3798.809814453125,
  "Z0386007|1": 14171.330078125,
  "Z0386007|2": 7136.85791015625,
  "Z0386007|3": 12284.2412109375,
  "Z0386007|4": 17332.130859375,
  "Z0386007|5": 15582.958984375,
  "Z0386007|6": 18189.5,
  "Z0386007|7": 26545.57421875,
  "Z0646001|1": 48420.109375,
  "Z0646001|2": 32480.49609375,
  "Z0646001|3": 72708.0078125,
  "Z0646001|4": 81486.8671875,
  "Z0646001|5": 101802.21875,
  "Z0646001|6": 52487.6328125,
  "Z0646001|7": 39939.8828125,
  "Z0646002|1": 44352.01171875,
  "Z0646002|2": 28329.1875,
  "Z0646002|3": 46652.46875,
  "Z0646002|4": 80907.1796875,
  "Z0646002|5": 83686.234375,
  "Z0646002|6": 53189.328125,
  "Z0646002|7": 13092.482421875,
  "Z0646003|1": 3022.659423828125,
  "Z0646003|2": 857.35009765625,
  "Z0646003|3": 1231.87255859375,
  "Z0646003|4": 1344.924438476562,
  "Z0646003|5": 5509.0048828125,
  "Z0646003|6": 3188.359619140625,
  "Z0646003|7": 3819.051513671875,
  "Z0646004|1": 3570.245849609375,
  "Z0646004|2": 1561.644775390625,
  "Z0646004|3": 2167.76123046875,
  "Z0646004|4": 609.1974487304688,
  "Z0646004|5": 7187.27197265625,
  "Z0646004|6": 5890.1064453125,
  "Z0646004|7": 6200.02294921875,
  "Z0899001|1": 87315.6484375,
  "Z0899001|2": 58741.73046875,
  "Z0899001|3": 83238.34375,
  "Z0899001|4": 97585.8203125,
  "Z0899001|5": 156596.546875,
  "Z0899001|6": 0.0,
  "Z0899001|7": 0.0,
  "Z0908001|1": 47074.01171875,
  "Z0908001|2": 47509.37890625,
  "Z0908001|3": 71969.0078125,
  "Z0908001|4": 96320.484375,
  "Z0908001|5": 90316.203125,
  "Z0908001|6": 0.0,
  "Z0908001|7": 0.0,
  "Z0951001|1": 46455.5625,
  "Z0951001|2": 30257.734375,
  "Z0951001|3": 58853.9375,
  "Z0951001|4": 74744.2421875,
  "Z0951001|5": 88807.1484375,
  "Z0951001|6": 45269.6484375,
  "Z0951001|7": 19061.0078125,
  "Z0951002|1": 36123.5546875,
  "Z0951002|2": 28350.73046875,
  "Z0951002|3": 40570.5234375,
  "Z0951002|4": 71602.46875,
  "Z0951002|5": 73175.75,
  "Z0951002|6": 50437.3671875,
  "Z0951002|7": 12855.466796875,
  "Z0972001|1": 56967.59375,
  "Z0972001|2": 32396.34765625,
  "Z0972001|3": 82181.140625,
  "Z0972001|4": 74367.328125,
  "Z0972001|5": 62354.16015625,
  "Z0972001|6": 0.0,
  "Z0972001|7": 0.0,
  "Z1031001|1": 18461.392578125,
  "Z1031001|2": 13278.193359375,
  "Z1031001|3": 12108.19140625,
  "Z1031001|4": 19252.845703125,
  "Z1031001|5": 21288.4140625,
  "Z1031001|6": 28533.69140625,
  "Z1031001|7": 18276.8125,
  "Z1031002|1": 21385.583984375,
  "Z1031002|2": 10639.4697265625,
  "Z1031002|3": 23469.072265625,
  "Z1031002|4": 31620.37109375,
  "Z1031002|5": 39911.4765625,
  "Z1031002|6": 33032.4609375,
  "Z1031002|7": 26072.244140625,
  "Z1119001|1": 42239.2890625,
  "Z1119001|2": 35817.34765625,
  "Z1119001|3": 57522.4296875,
  "Z1119001|4": 63294.20703125,
  "Z1119001|5": 80458.203125,
  "Z1119001|6": 59241.0859375,
  "Z1119001|7": 28648.650390625,
  "Z1169001|1": 75293.203125,
  "Z1169001|2": 62258.078125,
  "Z1169001|3": 62779.90234375,
  "Z1169001|4": 58198.0,
  "Z1169001|5": 68208.7265625,
  "Z1169001|6": 0.0,
  "Z1169001|7": 0.0,
  "Z1367001|1": 80723.59375,
  "Z1367001|2": 46974.05078125,
  "Z1367001|3": 83885.1953125,
  "Z1367001|4": 127002.90625,
  "Z1367001|5": 100841.3515625,
  "Z1367001|6": 0.0,
  "Z1367001|7": 0.0,
  "Z1524001|1": 41095.22265625,
  "Z1524001|2": 19320.22265625,
  "Z1524001|3": 42957.29296875,
  "Z1524001|4": 68587.6484375,
  "Z1524001|5": 74469.1015625,
  "Z1524001|6": 32568.8671875,
  "Z1524001|7": 10982.931640625,
  "Z1665001|1": 42198.21875,
  "Z1665001|2": 44248.54296875,
  "Z1665001|3": 79319.2734375,
  "Z1665001|4": 69637.9375,
  "Z1665001|5": 88145.7109375,
  "Z1665001|6": 0.0,
  "Z1665001|7": 0.0,
  "Z1769001|1": 42216.9375,
  "Z1769001|2": 33573.0859375,
  "Z1769001|3": 84510.9609375,
  "Z1769001|4": 124372.421875,
  "Z1769001|5": 130853.75,
  "Z1769001|6": 0.0,
  "Z1769001|7": 0.0,
  "Z1899001|1": 20341.4765625,
  "Z1899001|2": 14093.4912109375,
  "Z1899001|3": 20277.80859375,
  "Z1899001|4": 39379.578125,
  "Z1899001|5": 46273.4765625,
  "Z1899001|6": 32004.251953125,