{
  "Z0241002|1": 171712.875,
  "Z0241002|2": 67389.1171875,
  "Z0241002|3": 46982.234375,
  "Z0241002|4": 16742.234375,
  "Z0241002|5": 30932.08984375,
  "Z0241002|6": 8036.97021484375,
  "Z0241002|7": 38964.59375,
  "Z0241003|1": 177466.359375,
  "Z0241003|2": 65806.4921875,
  "Z0241003|3": 55045.41015625,
  "Z0241003|4": 19862.939453125,
  "Z0241003|5": 14720.927734375,
  "Z0241003|6": 1619.533569335938,
  "Z0241003|7": 25895.677734375,
  "Z0241004|1": 202957.453125,
  "Z0241004|2": 77243.171875,
  "Z0241004|3": 53336.64453125,
  "Z0241004|4": 16521.021484375,
  "Z0241004|5": 38278.109375,
  "Z0241004|6": 1213.386596679688,
  "Z0241004|7": 32679.810546875,
  "Z0241005|1": 50520.01953125,
  "Z0241005|2": 12015.373046875,
  "Z0241005|3": 13765.0341796875,
  "Z0241005|4": 17376.07421875,
  "Z0241005|5": 15899.2978515625,
  "Z0241005|6": 2315.664794921875,
  "Z0241005|7": 3152.427978515625,
  "Z0241006|1": 32434.142578125,
  "Z0241006|2": 7143.50927734375,
  "Z0241006|3": 7304.2626953125,
  "Z0241006|4": 10544.8330078125,
  "Z0241006|5": 10664.689453125,
  "Z0241006|6": 1021.979614257812,
  "Z0241006|7": 1051.1552734375,
  "Z0241007|1": 80860.7734375,
  "Z0241007|2": 25298.986328125,
  "Z0241007|3": 8631.9609375,
  "Z0241007|4": 17966.234375,
  "Z0241007|5": 19371.796875,
  "Z0241007|6": 1581.408081054688,
  "Z0241007|7": 11031.138671875,
  "Z0241008|1": 0.3009935319423676,
  "Z0241008|2": 0.2984189987182617,
  "Z0241008|3": 0.3341245353221893,
  "Z0241008|4": 0.5154847502708435,
  "Z0241008|5": 0.5925896763801575,
  "Z0241008|6": 0.2324308156967163,
  "Z0241008|7": 0.2183934301137924,
  "Z0276001|1": 120877.671875,
  "Z0276001|2": 43014.65234375,
  "Z0276001|3": 26651.18359375,
  "Z0276001|4": 23683.310546875,
  "Z0276001|5": 52249.5546875,
  "Z0276001|6": 70001.0390625,
  "Z0276001|7": 47168.63671875,
  "Z0276002|1": 86862.796875,
  "Z0276002|2": 15574.1416015625,
  "Z0276002|3": 11164.14453125,
  "Z0276002|4": 28641.83984375,
  "Z0276002|5": 32737.05078125,
  "Z0276002|6": 43447.3515625,
  "Z0276002|7": 35035.703125,
  "Z0276003|1": 26143.208984375,
  "Z0276003|2": 7003.4609375,
  "Z0276003|3": 10897.9501953125,
  "Z0276003|4": 8545.7890625,
  "Z0276003|5": 5565.0693359375,
  "Z0276003|6": 1887.432373046875,
  "Z0276003|7": 1239.2666015625,
  "Z0283001|1": 169699.734375,
  "Z0283001|2": 90578.0546875,
  "Z0283001|3": 48601.265625,
  "Z0283001|4": 51623.1875,
  "Z0283001|5": 42663.578125,
  "Z0283001|6": 0.0,
  "Z0283001|7": 0.0,
  "Z0284001|1": 232121.546875,
  "Z0284001|2": 186594.359375,
  "Z0284001|3": 98907.2890625,
  "Z0284001|4": 113927.359375,
  "Z0284001|5": 163335.453125,
  "Z0284001|6": 0.0,
  "Z0284001|7": 0.0,
  "Z0386001|1": 154395.84375,
  "Z0386001|2": 79040.4375,
  "Z0386001|3": 54564.34375,
  "Z0386001|4": 20908.04296875,
  "Z0386001|5": 23607.203125,
  "Z0386001|6": 2262.818115234375,
  "Z0386001|7": 34489.18359375,
  "Z0386002|1": 164722.671875,
  "Z0386002|2": 90516.921875,
  "Z0386002|3": 57215.3515625,
  "Z0386002|4": 20711.796875,
  "Z0386002|5": 90402.9609375,
  "Z0386002|6": 15382.05859375,
  "Z0386002|7": 46064.7890625,
  "Z0386003|1": 197117.015625,
  "Z0386003|2": 107462.3125,
  "Z0386003|3": 74473.59375,
  "Z0386003|4": 24026.068359375,
  "Z0386003|5": 61362.53515625,
  "Z0386003|6": 68564.2421875,
  "Z0386003|7": 55184.33203125,
  "Z0386004|1": 53921.59375,
  "Z0386004|2": 10523.2822265625,
  "Z0386004|3": 14049.5537109375,
  "Z0386004|4": 17927.37890625,
  "Z0386004|5": 15499.28125,
  "Z0386004|6": 3447.312255859375,
  "Z0386004|7": 3518.931640625,
  "Z0386005|1": 7200.90625,
  "Z0386005|2": 3413.30224609375,
  "Z0386005|3": 1864.685180664062,
  "Z0386005|4": 4148.71435546875,
  "Z0386005|5": 3275.51123046875,
  "Z0386005|6": 1334.015502929688,
  "Z0386005|7": 1760.604736328125,
  "Z0386006|1": 26187.40234375,
  "Z0386006|2": 10094.8173828125,
  "Z0386006|3": 9282.1328125,
  "Z0386006|4": 9899.552734375,
  "Z0386006|5": 12957.423828125,
  "Z0386006|6": 3793.677734375,
  "Z0386006|7": 2018.478271484375,
  "Z0386007|1": 0.1786124408245087,
  "Z0386007|2": 0.1074877083301544,
  "Z0386007|3": 0.1965731382369995,
  "Z0386007|4": 0.2879495918750763,
  "Z0386007|5": 0.2806722819805145,
  "Z0386007|6": 0.175008237361908,
  "Z0386007|7": 0.1595811396837234,
  "Z0646001|1": 256271.078125,
  "Z0646001|2": 133740.578125,
  "Z0646001|3": 67498.0078125,
  "Z0646001|4": 66079.9375,
  "Z0646001|5": 118416.1640625,
  "Z0646001|6": 83285.390625,
  "Z0646001|7": 59175.10546875,
  "Z0646002|1": 254852.859375,
  "Z0646002|2": 133587.484375,
  "Z0646002|3": 80432.3828125,
  "Z0646002|4": 92996.8125,
  "Z0646002|5": 138125.421875,
  "Z0646002|6": 72259.6640625,
  "Z0646002|7": 53130.57421875,
  "Z0646003|1": 0.2811914682388306,
  "Z0646003|2": 0.2303073555231094,
  "Z0646003|3": 0.2392571717500687,
  "Z0646003|4": 0.2292213439941406,
  "Z0646003|5": 0.3056539595127106,
  "Z0646003|6": 0.1746237576007843,
  "Z0646003|7": 0.1584497392177582,
  "Z0646004|1": 0.2784819006919861,
  "Z0646004|2": 0.226649671792984,
  "Z0646004|3": 0.2523990571498871,
  "Z0646004|4": 0.2295550853013992,
  "Z0646004|5": 0.302551656961441,
  "Z0646004|6": 0.175841361284256,
  "Z0646004|7": 0.1572912931442261,
  "Z0899001|1": 387899.8125,
  "Z0899001|2": 247327.453125,
  "Z0899001|3": 194901.90625,
  "Z0899001|4": 171388.125,
  "Z0899001|5": 177679.21875,
  "Z0899001|6": 0.0,
  "Z0899001|7": 0.0,
  "Z0908001|1": 303883.03125,
  "Z0908001|2": 96144.9140625,
  "Z0908001|3": 140389.875,
  "Z0908001|4": 100328.5234375,
  "Z0908001|5": 86075.7578125,
  "Z0908001|6": 0.0,
  "Z0908001|7": 0.0,
  "Z0951001|1": 146995.546875,
  "Z0951001|2": 102325.3984375,
  "Z0951001|3": 79813.5234375,
  "Z0951001|4": 70902.09375,
  "Z0951001|5": 145254.59375,
  "Z0951001|6": 76412.3671875,
  "Z0951001|7": 58505.31640625,
  "Z0951002|1": 171049.78125,
  "Z0951002|2": 88674.5078125,
  "Z0951002|3": 77922.46875,
  "Z0951002|4": 121927.7890625,
  "Z0951002|5": 141604.640625,
  "Z0951002|6": 87811.90625,
  "Z0951002|7": 34531.67578125,
  "Z0972001|1": 269623.5625,
  "Z0972001|2": 89625.6328125,
  "Z0972001|3": 75576.234375,
  "Z0972001|4": 77746.6171875,
  "Z0972001|5": 122811.921875,
  "Z0972001|6": 0.0,
  "Z0972001|7": 0.0,
  "Z1031001|1": 99799.0859375,
  "Z1031001|2": 22779.8828125,
  "Z1031001|3": 16868.677734375,
  "Z1031001|4": 16051.5546875,
  "Z1031001|5": 14994.4404296875,
  "Z1031001|6": 2288.23681640625,
  "Z1031001|7": 1572.250610351562,
  "Z1031002|1": 163429.25,
  "Z1031002|2": 69051.2109375,
  "Z1031002|3": 32900.05859375,
  "Z1031002|4": 18320.958984375,
  "Z1031002|5": 16492.74609375,
  "Z1031002|6": 2194.258544921875,
  "Z1031002|7": 12754.8408203125,
  "Z1119001|1": 300086.4375,
  "Z1119001|2": 167117.6875,
  "Z1119001|3": 117888.59375,
  "Z1119001|4": 41321.6328125,
  "Z1119001|5": 52655.046875,
  "Z1119001|6": 23413.875,
  "Z1119001|7": 25149.833984375,
  "Z1169001|1": 199881.765625,
  "Z1169001|2": 111697.9921875,
  "Z1169001|3": 133894.875,
  "Z1169001|4": 94242.2109375,
  "Z1169001|5": 85493.1875,
  "Z1169001|6": 0.0,
  "Z1169001|7": 0.0,
  "Z1367001|1": 374312.15625,
  "Z1367001|2": 205907.390625,
  "Z1367001|3": 141601.8125,
  "Z1367001|4": 105067.3671875,
  "Z1367001|5": 131988.5625,
  "Z1367001|6": 0.0,
  "Z1367001|7": 0.0,
  "Z1524001|1": 157138.0625,
  "Z1524001|2": 61453.54296875,
  "Z1524001|3": 8529.9013671875,
  "Z1524001|4": 11746.3046875,
  "Z1524001|5": 105988.421875,
  "Z1524001|6": 98235.421875,
  "Z1524001|7": 1276.1630859375,
  "Z1665001|1": 214641.40625,
  "Z1665001|2": 83602.7578125,
  "Z1665001|3": 106778.046875,
  "Z1665001|4": 83256.9609375,
  "Z1665001|5": 78895.9140625,
  "Z1665001|6": 0.0,
  "Z1665001|7": 0.0,
  "Z1769001|1": 355505.25,
  "Z1769001|2": 183959.515625,
  "Z1769001|3": 99047.7421875,
  "Z1769001|4": 208402.921875,
  "Z1769001|5": 222109.296875,
  "Z1769001|6": 0.0,
  "Z1769001|7": 0.0,
  "Z1899001|1": 100501.5703125,
  "Z1899001|2": 47972.265625,
  "Z1899001|3": 18228.357421875,
  "Z1899001|4": 23742.744140625,