{
  "Z0241002|1": 99300.375,
  "Z0241003|1": 73147.078125,
  "Z0241004|1": 115432.4375,
  "Z0241005|1": 23912.630859375,
  "Z0241006|1": 8681.4775390625,
  "Z0241007|1": 30305.443359375,
  "Z0241008|1": 15014.2587890625,
  "Z0276001|1": 81806.2734375,
  "Z0276002|1": 82650.53125,
  "Z0276003|1": 27232.73046875,
  "Z0283001|1": 38333.80078125,
  "Z0284001|1": 105440.671875,
  "Z0386001|1": 54839.52734375,
  "Z0386002|1": 62948.12890625,
  "Z0386003|1": 55607.12109375,
  "Z0386004|1": 6579.55224609375,
  "Z0386005|1": 4349.6162109375,
  "Z0386006|1": 14843.6435546875,
  "Z0386007|1": 17567.451171875,
  "Z0646001|1": 138730.90625,
  "Z0646002|1": 125882.5546875,
  "Z0646003|1": 4548.8330078125,
  "Z0646004|1": 6404.453125,
  "Z0899001|1": 175064.09375,
  "Z0908001|1": 93451.5,
  "Z0951001|1": 11993.658203125,
  "Z0951002|1": 34143.48828125,
  "Z0972001|1": 80629.7265625,
  "Z1031001|1": 23558.255859375,
  "Z1031002|1": 39067.4140625,
  "Z1119001|1": 93123.4765625,
  "Z1169001|1": 99862.96875,
  "Z1367001|1": 174320.734375,
  "Z1524001|1": 124282.671875,
  "Z1665001|1": 115761.2890625,
  "Z1769001|1": 196163.421875,
  "Z1899001|1": 79263.7734375,
  "Z1899002|1": 90857.9609375,
  "Z2011001|1": 58399.43359375,
  "Z2135001|1": 144056.09375,
  "Z2135002|1": 131986.125,
  "Z2136001|1": 28982.494140625,
  "Z0241002|2": 102387.2890625,
  "Z0241003|2": 89391.671875,
  "Z0241004|2": 118830.296875,
  "Z0241005|2": 37602.73828125,
  "Z0241006|2": 9763.7470703125,
  "Z0241007|2": 48277.26171875,
  "Z0241008|2": 21665.021484375,
  "Z0276001|2": 101628.390625,
  "Z0276002|2": 64017.41015625,
  "Z0276003|2": 26060.68359375,
  "Z0283001|2": 57731.65234375,
  "Z0284001|2": 136279.25,
  "Z0386001|2": 81174.0546875,
  "Z0386002|2": 85291.4140625,
  "Z0386003|2": 86162.4453125,
  "Z0386004|2": 7767.248046875,
  "Z0386005|2": 5769.63671875,
  "Z0386006|2": 17428.12109375,
  "Z0386007|2": 19121.9140625,
  "Z0646001|2": 139445.609375,
  "Z0646002|2": 142497.71875,
  "Z0646003|2": 5239.90283203125,
  "Z0646004|2": 9197.8603515625,
  "Z0899001|2": 228112.109375,
  "Z0908001|2": 171289.140625,
  "Z0951001|2": 108500.953125,
  "Z0951002|2": 118373.90625,
  "Z0972001|2": 102430.1640625,
  "Z1031001|2": 50773.02734375,
  "Z1031002|2": 61697.2109375,
  "Z1119001|2": 106195.625,
  "Z1169001|2": 108190.453125,
  "Z1367001|2": 211270.75,
  "Z1524001|2": 137661.40625,
  "Z1665001|2": 131043.1953125,
  "Z1769001|2": 162310.015625,
  "Z1899001|2": 91351.5546875,
  "Z1899002|2": 108441.78125,
  "Z2011001|2": 50793.66015625,
  "Z2135001|2": 142921.125,
  "Z2135002|2": 156643.140625,
  "Z2136001|2": 29962.9921875,
  "Z0241002|3": 40542.171875,
  "Z0241003|3": 31897.998046875,
  "Z0241004|3": 53658.984375,
  "Z0241005|3": 15636.583984375,
  "Z0241006|3": 8444.9306640625,
  "Z0241007|3": 22990.724609375,
  "Z0241008|3": 12434.6875,
  "Z0276001|3": 45992.64453125,
  "Z0276002|3": 28892.3046875,
  "Z0276003|3": 16498.08984375,
  "Z0283001|3": 50005.78125,
  "Z0284001|3": 126259.4765625,
  "Z0386001|3": 28314.7109375,
  "Z0386002|3": 32337.634765625,
  "Z0386003|3": 28408.54296875,
  "Z0386004|3": 5391.34814453125,
  "Z0386005|3": 2559.85595703125,
  "Z0386006|3": 6946.00244140625,
  "Z0386007|3": 15160.0205078125,
  "Z0646001|3": 55994.6953125,
  "Z0646002|3": 51646.18359375,
  "Z0646003|3": 3922.7763671875,
  "Z0646004|3": 7068.9951171875,
  "Z0899001|3": 87700.125,
  "Z0908001|3": 111803.2734375,
  "Z0951001|3": 60058.77734375,
  "Z0951002|3": 56974.33203125,
  "Z0972001|3": 83992.3046875,
  "Z1031001|3": 18852.390625,
  "Z1031002|3": 25874.669921875,
  "Z1119001|3": 49610.33203125,
  "Z1169001|3": 50787.5078125,
  "Z1367001|3": 91833.46875,
  "Z1524001|3": 46391.1015625,
  "Z1665001|3": 63322.5234375,
  "Z1769001|3": 100988.7890625,
  "Z1899001|3": 34406.72265625,
  "Z1899002|3": 37862.01171875,
  "Z2011001|3": 29171.2578125,
  "Z2135001|3": 52145.91015625,
  "Z2135002|3": 55931.3984375,
  "Z2136001|3": 22236.72265625,
  "Z0241002|4": 49445.8125,
  "Z0241003|4": 46282.7890625,
  "Z0241004|4": 60096.70703125,
  "Z0241005|4": 17599.36328125,
  "Z0241006|4": 22316.392578125,
  "Z0241007|4": 22755.392578125,
  "Z0241008|4": 11962.7099609375,
  "Z0276001|4": 56663.671875,
  "Z0276002|4": 29980.341796875,
  "Z0276003|4": 12697.3984375,
  "Z0283001|4": 40257.328125,
  "Z0284001|4": 135016.40625,
  "Z0386001|4": 33192.37890625,
  "Z0386002|4": 37645.6875,
  "Z0386003|4": 45134.0703125,
  "Z0386004|4": 6618.19775390625,
  "Z0386005|4": 3484.47509765625,
  "Z0386006|4": 9056.4541015625,
  "Z0386007|4": 19393.439453125,
  "Z0646001|4": 63869.1640625,
  "Z0646002|4": 53699.06640625,
  "Z0646003|4": 6321.3203125,
  "Z0646004|4": 4404.35595703125,
  "Z0899001|4": 82523.7265625,
  "Z0908001|4": 57277.0234375,
  "Z0951001|4": 77223.109375,
  "Z0951002|4": 71123.2109375,
  "Z0972001|4": 90554.7578125,
  "Z1031001|4": 16857.828125,
  "Z1031002|4": 28745.2890625,
  "Z1119001|4": 48154.25390625,
  "Z1169001|4": 64636.03515625,
  "Z1367001|4": 100811.921875,
  "Z1524001|4": 16840.97265625,
  "Z1665001|4": 67529.4375,
  "Z1769001|4": 98941.0703125,
  "Z1899001|4": 43900.5078125,
  "Z1899002|4": 33371.3671875,
  "Z2011001|4": 31301.517578125,
  "Z2135001|4": 60444.33984375,
  "Z2135002|4": 61693.62109375,
  "Z2136001|4": 11443.0185546875,
  "Z0241002|5": 41932.76171875,
  "Z0241003|5": 43838.29296875,
  "Z0241004|5": 46165.61328125,
  "Z0241005|5": 13330.357421875,
  "Z0241006|5": 11085.91015625,
  "Z0241007|5": 19150.34765625,
  "Z0241008|5": 11879.4716796875,
  "Z0276001|5": 44217.203125,
  "Z0276002|5": 41754.73828125,
  "Z0276003|5": 10482.33984375,
  "Z0283001|5": 35596.6484375,
  "Z0284001|5": 97148.9296875,
  "Z0386001|5": 25262.17578125,
  "Z0386002|5": 29848.591796875,
  "Z0386003|5": 32684.68359375,
  "Z0386004|5": 5928.37744140625,
  "Z0386005|5": 1008.033813476562,
  "Z0386006|5": 5996.31494140625,
  "Z0386007|5": 12151.8408203125,
  "Z0646001|5": 41430.1484375,
  "Z0646002|5": 34907.4921875,
  "Z0646003|5": 4849.3720703125,
  "Z0646004|5": 5601.9267578125,
  "Z0899001|5": 74602.671875,
  "Z0908001|5": 59202.68359375,
  "Z0951001|5": 73855.6796875,
  "Z0951002|5": 70628.6953125,
  "Z0972001|5": 42444.70703125,
  "Z1031001|5": 11890.365234375,
  "Z1031002|5": 24789.564453125,
  "Z1119001|5": 63420.85546875,
  "Z1169001|5": 39348.3046875,
  "Z1367001|5": 72576.1015625,
  "Z1524001|5": 22365.58984375,
  "Z1665001|5": 41545.05078125,
  "Z1769001|5": 46417.2109375,
  "Z1899001|5": 29709.48828125,
  "Z1899002|5": 36346.1015625,
  "Z2011001|5": 21151.91015625,
  "Z2135001|5": 64241.1328125,
  "Z2135002|5": 59011.87109375,
  "Z2136001|5": 14851.7578125,
  "Z0241002|6": 49353.75390625,
  "Z0241003|6": 43640.65234375,
  "Z0241004|6": 36596.36328125,
  "Z0241005|6": 10246.361328125,
  "Z0241006|6": 1311.897338867188,
  "Z0241007|6": 18574.19140625,
  "Z0241008|6": 9178.6240234375,
  "Z0276001|6": 38999.66015625,
  "Z0276002|6": 34542.48046875,
  "Z0276003|6": 11000.974609375,
  "Z0386001|6": 20657.607421875,
  "Z0386002|6": 22551.765625,
  "Z0386003|6": 23801.255859375,
  "Z0386004|6": 5541.0146484375,
  "Z0386005|6": 704.5906982421875,
  "Z0386006|6": 3538.4755859375,
  "Z0386007|6": 8981.58203125,
  "Z0646001|6": 30475.19921875,
  "Z0646002|6": 36096.86328125,
  "Z0646003|6": 4344.2626953125,
  "Z0646004|6": 4481.234375,
  "Z0951001|6": 45051.84765625,
  "Z0951002|6": 52734.9453125,
  "Z1031001|6": 10644.2197265625,
  "Z1031002|6": 22006.6953125,
  "Z1119001|6": 61965.75,
  "Z1524001|6": 17103.599609375,
  "Z1899001|6": 19551.630859375,
  "Z1899002|6": 35030.45703125,
  "Z2135001|6": 47256.140625,
  "Z2135002|6": 28407.431640625,
  "Z0241002|7": 28118.830078125,
  "Z0241003|7": 21343.12109375,
  "Z0241004|7": 29548.16796875,
  "Z0241005|7": 7015.34716796875,
  "Z0241006|7": 735.1818237304688,
  "Z0241007|7": 11502.654296875,
  "Z0241008|7": 4737.7138671875,
  "Z0276001|7": 17698.80859375,
  "Z0276002|7": 18322.400390625,
  "Z0276003|7": 7277.43115234375,
  "Z0386001|7": 16438.939453125,