{
  "Z0241002|1": 42112.58984375,
  "Z0241002|2": 35797.953125,
  "Z0241002|3": 30435.900390625,
  "Z0241002|4": 41323.37109375,
  "Z0241002|5": 56559.80859375,
  "Z0241002|6": 52190.5,
  "Z0241002|7": 48477.96875,
  "Z0241003|1": 41632.15625,
  "Z0241003|2": 32927.28515625,
  "Z0241003|3": 24780.3671875,
  "Z0241003|4": 27755.33203125,
  "Z0241003|5": 44807.05859375,
  "Z0241003|6": 19873.48046875,
  "Z0241003|7": 795.4038696289062,
  "Z0241004|1": 50883.31640625,
  "Z0241004|2": 29536.869140625,
  "Z0241004|3": 27253.046875,
  "Z0241004|4": 36295.1171875,
  "Z0241004|5": 63602.9453125,
  "Z0241004|6": 48446.953125,
  "Z0241004|7": 48407.97265625,
  "Z0241005|1": 12253.505859375,
  "Z0241005|2": 10499.8720703125,
  "Z0241005|3": 8316.333984375,
  "Z0241005|4": 8152.9970703125,
  "Z0241005|5": 20552.6640625,
  "Z0241005|6": 20894.86328125,
  "Z0241005|7": 20086.939453125,
  "Z0241006|1": 10887.6484375,
  "Z0241006|2": 13234.93359375,
  "Z0241006|3": 14359.07421875,
  "Z0241006|4": 16168.6279296875,
  "Z0241006|5": 25195.64453125,
  "Z0241006|6": 5909.8935546875,
  "Z0241006|7": 4528.90625,
  "Z0241007|1": 6783.13671875,
  "Z0241007|2": 10071.9365234375,
  "Z0241007|3": 9731.3203125,
  "Z0241007|4": 12469.9052734375,
  "Z0241007|5": 20437.14453125,
  "Z0241007|6": 19813.564453125,
  "Z0241007|7": 16106.37109375,
  "Z0241008|1": 10665.3583984375,
  "Z0241008|2": 5216.01025390625,
  "Z0241008|3": 6168.630859375,
  "Z0241008|4": 3650.40087890625,
  "Z0241008|5": 7492.08154296875,
  "Z0241008|6": 3297.569580078125,
  "Z0241008|7": 7058.33935546875,
  "Z0276001|1": 44199.921875,
  "Z0276001|2": 25148.421875,
  "Z0276001|3": 22709.62109375,
  "Z0276001|4": 31112.82421875,
  "Z0276001|5": 78372.6875,
  "Z0276001|6": 61959.62109375,
  "Z0276001|7": 41995.16015625,
  "Z0276002|1": 33681.546875,
  "Z0276002|2": 18828.220703125,
  "Z0276002|3": 22750.59375,
  "Z0276002|4": 29827.875,
  "Z0276002|5": 58067.0625,
  "Z0276002|6": 54062.734375,
  "Z0276002|7": 28035.845703125,
  "Z0276003|1": 11672.4970703125,
  "Z0276003|2": 6698.58251953125,
  "Z0276003|3": 6935.02294921875,
  "Z0276003|4": 8380.7041015625,
  "Z0276003|5": 19674.482421875,
  "Z0276003|6": 15696.015625,
  "Z0276003|7": 12490.759765625,
  "Z0283001|1": 15843.5439453125,
  "Z0283001|2": 30176.037109375,
  "Z0283001|3": 30423.27734375,
  "Z0283001|4": 32436.416015625,
  "Z0283001|5": 55898.6171875,
  "Z0283001|6": 0.0,
  "Z0283001|7": 0.0,
  "Z0284001|1": 110475.7734375,
  "Z0284001|2": 118356.7890625,
  "Z0284001|3": 35968.6875,
  "Z0284001|4": 28297.001953125,
  "Z0284001|5": 126624.7734375,
  "Z0284001|6": 0.0,
  "Z0284001|7": 0.0,
  "Z0386001|1": 19930.57421875,
  "Z0386001|2": 14790.7841796875,
  "Z0386001|3": 12165.19140625,
  "Z0386001|4": 13915.6669921875,
  "Z0386001|5": 31361.638671875,
  "Z0386001|6": 43182.14453125,
  "Z0386001|7": 31531.98828125,
  "Z0386002|1": 26919.015625,
  "Z0386002|2": 23126.5390625,
  "Z0386002|3": 14869.8076171875,
  "Z0386002|4": 14926.7861328125,
  "Z0386002|5": 45970.8125,
  "Z0386002|6": 51236.50390625,
  "Z0386002|7": 38684.0234375,
  "Z0386003|1": 33668.671875,
  "Z0386003|2": 23600.330078125,
  "Z0386003|3": 15104.8681640625,
  "Z0386003|4": 23438.736328125,
  "Z0386003|5": 52076.4921875,
  "Z0386003|6": 44273.5,
  "Z0386003|7": 51033.046875,
  "Z0386004|1": 6958.10693359375,
  "Z0386004|2": 3834.762939453125,
  "Z0386004|3": 4391.28955078125,
  "Z0386004|4": 4799.89306640625,
  "Z0386004|5": 11472.5595703125,
  "Z0386004|6": 6422.20703125,
  "Z0386004|7": 4386.990234375,
  "Z0386005|1": 2889.263671875,
  "Z0386005|2": 1174.737182617188,
  "Z0386005|3": 287.5079345703125,
  "Z0386005|4": 1616.357055664062,
  "Z0386005|5": 6295.13623046875,
  "Z0386005|6": 5986.16064453125,
  "Z0386005|7": 7156.93701171875,
  "Z0386006|1": 3447.97509765625,
  "Z0386006|2": 4367.50732421875,
  "Z0386006|3": 4316.8056640625,
  "Z0386006|4": 4398.94482421875,
  "Z0386006|5": 9456.7578125,
  "Z0386006|6": 10112.5380859375,
  "Z0386006|7": 13031.6669921875,
  "Z0386007|1": 13080.09375,
  "Z0386007|2": 9898.5166015625,
  "Z0386007|3": 7466.88427734375,
  "Z0386007|4": 6519.93701171875,
  "Z0386007|5": 18736.861328125,
  "Z0386007|6": 17211.80859375,
  "Z0386007|7": 12592.0234375,
  "Z0646001|1": 42360.8046875,
  "Z0646001|2": 23291.3984375,
  "Z0646001|3": 20348.94140625,
  "Z0646001|4": 21113.751953125,
  "Z0646001|5": 42554.67578125,
  "Z0646001|6": 30243.1953125,
  "Z0646001|7": 34668.5546875,
  "Z0646002|1": 29235.650390625,
  "Z0646002|2": 19746.931640625,
  "Z0646002|3": 16402.115234375,
  "Z0646002|4": 14075.228515625,
  "Z0646002|5": 29211.765625,
  "Z0646002|6": 19728.8046875,
  "Z0646002|7": 31152.96875,
  "Z0646003|1": 2504.459716796875,
  "Z0646003|2": 2356.54150390625,
  "Z0646003|3": 2098.84912109375,
  "Z0646003|4": 1901.642944335938,
  "Z0646003|5": 4325.61474609375,
  "Z0646003|6": 2930.82958984375,
  "Z0646003|7": 2522.0595703125,
  "Z0646004|1": 1010.012817382812,
  "Z0646004|2": 559.9202880859375,
  "Z0646004|3": 1757.369384765625,
  "Z0646004|4": 1063.996948242188,
  "Z0646004|5": 2329.55078125,
  "Z0646004|6": 1694.224487304688,
  "Z0646004|7": 2557.335693359375,
  "Z0899001|1": 112970.3984375,
  "Z0899001|2": 58108.77734375,
  "Z0899001|3": 50871.28515625,
  "Z0899001|4": 63883.80078125,
  "Z0899001|5": 81447.578125,
  "Z0899001|6": 0.0,
  "Z0899001|7": 0.0,
  "Z0908001|1": 57318.62109375,
  "Z0908001|2": 42375.953125,
  "Z0908001|3": 36201.5390625,
  "Z0908001|4": 40319.38671875,
  "Z0908001|5": 77720.1484375,
  "Z0908001|6": 0.0,
  "Z0908001|7": 0.0,
  "Z0951001|1": 68470.1015625,
  "Z0951001|2": 58812.484375,
  "Z0951001|3": 48594.89453125,
  "Z0951001|4": 55810.8828125,
  "Z0951001|5": 82922.078125,
  "Z0951001|6": 67083.53125,
  "Z0951001|7": 44350.28515625,
  "Z0951002|1": 78287.078125,
  "Z0951002|2": 58835.54296875,
  "Z0951002|3": 56099.046875,
  "Z0951002|4": 64948.41015625,
  "Z0951002|5": 86147.109375,
  "Z0951002|6": 67834.890625,
  "Z0951002|7": 36146.9921875,
  "Z0972001|1": 37696.1328125,
  "Z0972001|2": 31873.609375,
  "Z0972001|3": 31354.58203125,
  "Z0972001|4": 21541.912109375,
  "Z0972001|5": 49224.63671875,
  "Z0972001|6": 0.0,
  "Z0972001|7": 0.0,
  "Z1031001|1": 15810.21484375,
  "Z1031001|2": 11304.021484375,
  "Z1031001|3": 10275.595703125,
  "Z1031001|4": 10888.603515625,
  "Z1031001|5": 26747.01953125,
  "Z1031001|6": 16392.38671875,
  "Z1031001|7": 18449.69921875,
  "Z1031002|1": 19839.48828125,
  "Z1031002|2": 17252.6171875,
  "Z1031002|3": 13148.296875,
  "Z1031002|4": 14491.9775390625,
  "Z1031002|5": 33924.8828125,
  "Z1031002|6": 21582.568359375,
  "Z1031002|7": 23340.25390625,
  "Z1119001|1": 65500.28125,
  "Z1119001|2": 40061.046875,
  "Z1119001|3": 29256.65234375,
  "Z1119001|4": 26948.94140625,
  "Z1119001|5": 69805.8515625,
  "Z1119001|6": 30311.109375,
  "Z1119001|7": 7798.08837890625,
  "Z1169001|1": 45489.8125,
  "Z1169001|2": 35331.31640625,
  "Z1169001|3": 31798.009765625,
  "Z1169001|4": 42045.2890625,
  "Z1169001|5": 70613.6953125,
  "Z1169001|6": 0.0,
  "Z1169001|7": 0.0,
  "Z1367001|1": 83824.359375,
  "Z1367001|2": 40774.171875,
  "Z1367001|3": 71083.21875,
  "Z1367001|4": 67352.2578125,
  "Z1367001|5": 154596.34375,
  "Z1367001|6": 0.0,
  "Z1367001|7": 0.0,
  "Z1524001|1": 21242.556640625,
  "Z1524001|2": 12594.0537109375,
  "Z1524001|3": 12911.9716796875,
  "Z1524001|4": 14015.7783203125,
  "Z1524001|5": 35342.06640625,
  "Z1524001|6": 23212.1875,
  "Z1524001|7": 36709.4140625,
  "Z1665001|1": 62577.9921875,
  "Z1665001|2": 38646.66796875,
  "Z1665001|3": 39112.78515625,
  "Z1665001|4": 27041.8828125,
  "Z1665001|5": 63735.375,
  "Z1665001|6": 0.0,
  "Z1665001|7": 0.0,
  "Z1769001|1": 39150.77734375,
  "Z1769001|2": 32642.474609375,
  "Z1769001|3": 28306.2578125,
  "Z1769001|4": 30497.123046875,
  "Z1769001|5": 43560.78125,
  "Z1769001|6": 0.0,
  "Z1769001|7": 0.0,
  "Z1899001|1": 24485.1875,
  "Z1899001|2": 18160.66796875,
  "Z1899001|3": 16941.16796875,
  "Z1899001|4": 19203.787109375,