{
  "Z0241002|1": 17747.7578125,
  "Z0241002|2": 42196.42578125,
  "Z0241002|3": 46065.9453125,
  "Z0241002|4": 49504.93359375,
  "Z0241002|5": 62056.1484375,
  "Z0241002|6": 29433.8671875,
  "Z0241002|7": 50784.9453125,
  "Z0241003|1": 24742.234375,
  "Z0241003|2": 9744.4541015625,
  "Z0241003|3": 3768.703369140625,
  "Z0241003|4": 8659.1611328125,
  "Z0241003|5": 8562.748046875,
  "Z0241003|6": 5557.39208984375,
  "Z0241003|7": 5656.26123046875,
  "Z0241004|1": 9935.6455078125,
  "Z0241004|2": 9360.88671875,
  "Z0241004|3": 4595.55908203125,
  "Z0241004|4": 8559.26171875,
  "Z0241004|5": 6210.1728515625,
  "Z0241004|6": 8331.6806640625,
  "Z0241004|7": 8598.939453125,
  "Z0241005|1": 12415.1748046875,
  "Z0241005|2": 12938.5673828125,
  "Z0241005|3": 11374.916015625,
  "Z0241005|4": 10072.4228515625,
  "Z0241005|5": 9713.2841796875,
  "Z0241005|6": 12299.9658203125,
  "Z0241005|7": 9945.4677734375,
  "Z0241006|1": 15282.1005859375,
  "Z0241006|2": 13321.7294921875,
  "Z0241006|3": 14629.634765625,
  "Z0241006|4": 9913.3818359375,
  "Z0241006|5": 12704.10546875,
  "Z0241006|6": 4934.44873046875,
  "Z0241006|7": 378.1912536621094,
  "Z0241007|1": 14929.2314453125,
  "Z0241007|2": 12086.2236328125,
  "Z0241007|3": 12037.056640625,
  "Z0241007|4": 11976.5458984375,
  "Z0241007|5": 12400.94921875,
  "Z0241007|6": 12052.345703125,
  "Z0241007|7": 9945.4677734375,
  "Z0241008|1": 9006.18359375,
  "Z0241008|2": 8738.404296875,
  "Z0241008|3": 5427.59375,
  "Z0241008|4": 4530.01171875,
  "Z0241008|5": 5299.42529296875,
  "Z0241008|6": 7280.6611328125,
  "Z0241008|7": 8678.5673828125,
  "Z0276001|1": 30344.869140625,
  "Z0276001|2": 4957.78466796875,
  "Z0276001|3": 31057.3359375,
  "Z0276001|4": 12895.7177734375,
  "Z0276001|5": 6502.63134765625,
  "Z0276001|6": 2778.735107421875,
  "Z0276001|7": 23620.6171875,
  "Z0276002|1": 41480.61328125,
  "Z0276002|2": 29577.7734375,
  "Z0276002|3": 6600.22021484375,
  "Z0276002|4": 6490.2568359375,
  "Z0276002|5": 14775.1015625,
  "Z0276002|6": 854.906982421875,
  "Z0276002|7": 15254.548828125,
  "Z0276003|1": 10914.5,
  "Z0276003|2": 6836.39453125,
  "Z0276003|3": 5192.69091796875,
  "Z0276003|4": 5091.5537109375,
  "Z0276003|5": 5199.2978515625,
  "Z0276003|6": 6784.78271484375,
  "Z0276003|7": 650.0194091796875,
  "Z0283001|1": 21357.154296875,
  "Z0283001|2": 39277.640625,
  "Z0283001|3": 23207.337890625,
  "Z0283001|4": 27140.46875,
  "Z0283001|5": 22382.330078125,
  "Z0283001|6": 0.0,
  "Z0283001|7": 0.0,
  "Z0284001|1": 78064.3671875,
  "Z0284001|2": 59434.02734375,
  "Z0284001|3": 62480.09765625,
  "Z0284001|4": 57103.6015625,
  "Z0284001|5": 88448.875,
  "Z0284001|6": 0.0,
  "Z0284001|7": 0.0,
  "Z0386001|1": 28066.818359375,
  "Z0386001|2": 25583.169921875,
  "Z0386001|3": 21285.59765625,
  "Z0386001|4": 20711.916015625,
  "Z0386001|5": 23206.296875,
  "Z0386001|6": 23410.2734375,
  "Z0386001|7": 11569.6884765625,
  "Z0386002|1": 23110.064453125,
  "Z0386002|2": 33974.5703125,
  "Z0386002|3": 20924.0625,
  "Z0386002|4": 20123.044921875,
  "Z0386002|5": 19530.302734375,
  "Z0386002|6": 11576.5869140625,
  "Z0386002|7": 11487.4853515625,
  "Z0386003|1": 35948.6875,
  "Z0386003|2": 32350.419921875,
  "Z0386003|3": 20073.591796875,
  "Z0386003|4": 22143.529296875,
  "Z0386003|5": 22081.822265625,
  "Z0386003|6": 14489.13671875,
  "Z0386003|7": 11915.259765625,
  "Z0386004|1": 4366.10693359375,
  "Z0386004|2": 8390.5830078125,
  "Z0386004|3": 6338.2509765625,
  "Z0386004|4": 6458.37890625,
  "Z0386004|5": 5240.34521484375,
  "Z0386004|6": 8076.38525390625,
  "Z0386004|7": 8577.53515625,
  "Z0386005|1": 5264.158203125,
  "Z0386005|2": 5513.98828125,
  "Z0386005|3": 5500.85986328125,
  "Z0386005|4": 3487.830078125,
  "Z0386005|5": 3993.596923828125,
  "Z0386005|6": 4666.88671875,
  "Z0386005|7": 8250.1904296875,
  "Z0386006|1": 4337.48828125,
  "Z0386006|2": 4414.42724609375,
  "Z0386006|3": 4772.83935546875,
  "Z0386006|4": 4627.18212890625,
  "Z0386006|5": 3192.2919921875,
  "Z0386006|6": 4960.8310546875,
  "Z0386006|7": 8550.025390625,
  "Z0386007|1": 15901.740234375,
  "Z0386007|2": 16778.197265625,
  "Z0386007|3": 8067.416015625,
  "Z0386007|4": 7030.50927734375,
  "Z0386007|5": 2409.824462890625,
  "Z0386007|6": 5249.44580078125,
  "Z0386007|7": 8759.4833984375,
  "Z0646001|1": 44756.46875,
  "Z0646001|2": 33547.8203125,
  "Z0646001|3": 5041.20654296875,
  "Z0646001|4": 5577.732421875,
  "Z0646001|5": 7727.76123046875,
  "Z0646001|6": 1953.128784179688,
  "Z0646001|7": 419.4608154296875,
  "Z0646002|1": 43343.03515625,
  "Z0646002|2": 32492.283203125,
  "Z0646002|3": 4819.9228515625,
  "Z0646002|4": 5355.4814453125,
  "Z0646002|5": 5476.6875,
  "Z0646002|6": 2183.04345703125,
  "Z0646002|7": 382.8592529296875,
  "Z0646003|1": 1862.94677734375,
  "Z0646003|2": 1375.2451171875,
  "Z0646003|3": 1735.54833984375,
  "Z0646003|4": 1993.042236328125,
  "Z0646003|5": 439.3536682128906,
  "Z0646003|6": 2257.67626953125,
  "Z0646003|7": 2087.6328125,
  "Z0646004|1": 1685.421508789062,
  "Z0646004|2": 1565.705810546875,
  "Z0646004|3": 689.199462890625,
  "Z0646004|4": 1582.531127929688,
  "Z0646004|5": 1495.123046875,
  "Z0646004|6": 1348.701293945312,
  "Z0646004|7": 1244.668334960938,
  "Z0899001|1": 84944.0,
  "Z0899001|2": 46701.43359375,
  "Z0899001|3": 84700.2734375,
  "Z0899001|4": 48054.37890625,
  "Z0899001|5": 46868.79296875,
  "Z0899001|6": 0.0,
  "Z0899001|7": 0.0,
  "Z0908001|1": 50615.56640625,
  "Z0908001|2": 46701.43359375,
  "Z0908001|3": 36947.86328125,
  "Z0908001|4": 28675.08203125,
  "Z0908001|5": 141353.453125,
  "Z0908001|6": 0.0,
  "Z0908001|7": 0.0,
  "Z0951001|1": 50654.6796875,
  "Z0951001|2": 49178.921875,
  "Z0951001|3": 37405.37109375,
  "Z0951001|4": 31326.25390625,
  "Z0951001|5": 39105.70703125,
  "Z0951001|6": 32947.59375,
  "Z0951001|7": 25434.28125,
  "Z0951002|1": 69343.1484375,
  "Z0951002|2": 64845.07421875,
  "Z0951002|3": 47659.0859375,
  "Z0951002|4": 49901.2578125,
  "Z0951002|5": 40822.078125,
  "Z0951002|6": 33313.60546875,
  "Z0951002|7": 20135.099609375,
  "Z0972001|1": 39413.140625,
  "Z0972001|2": 28691.90625,
  "Z0972001|3": 48813.79296875,
  "Z0972001|4": 27211.017578125,
  "Z0972001|5": 27958.51171875,
  "Z0972001|6": 0.0,
  "Z0972001|7": 0.0,
  "Z1031001|1": 21269.462890625,
  "Z1031001|2": 14212.7060546875,
  "Z1031001|3": 12837.7958984375,
  "Z1031001|4": 11279.5,
  "Z1031001|5": 10976.6259765625,
  "Z1031001|6": 11385.748046875,
  "Z1031001|7": 5257.52392578125,
  "Z1031002|1": 24348.2890625,
  "Z1031002|2": 17153.61328125,
  "Z1031002|3": 14762.8740234375,
  "Z1031002|4": 12592.1337890625,
  "Z1031002|5": 14946.04296875,
  "Z1031002|6": 12369.8583984375,
  "Z1031002|7": 11637.330078125,
  "Z1119001|1": 33945.16015625,
  "Z1119001|2": 21671.619140625,
  "Z1119001|3": 17915.134765625,
  "Z1119001|4": 17072.7734375,
  "Z1119001|5": 17812.34765625,
  "Z1119001|6": 14740.041015625,
  "Z1119001|7": 27718.265625,
  "Z1169001|1": 88963.65625,
  "Z1169001|2": 44270.015625,
  "Z1169001|3": 34554.859375,
  "Z1169001|4": 31589.095703125,
  "Z1169001|5": 53535.5546875,
  "Z1169001|6": 0.0,
  "Z1169001|7": 0.0,
  "Z1367001|1": 113383.1640625,
  "Z1367001|2": 89782.75,
  "Z1367001|3": 53149.73828125,
  "Z1367001|4": 55776.1953125,
  "Z1367001|5": 63432.87109375,
  "Z1367001|6": 0.0,
  "Z1367001|7": 0.0,
  "Z1524001|1": 35473.25,
  "Z1524001|2": 23739.79296875,
  "Z1524001|3": 16419.607421875,
  "Z1524001|4": 13582.21875,
  "Z1524001|5": 20144.9921875,
  "Z1524001|6": 15013.419921875,
  "Z1524001|7": 13106.25,
  "Z1665001|1": 50866.57421875,
  "Z1665001|2": 38896.37109375,
  "Z1665001|3": 46263.0078125,
  "Z1665001|4": 40119.62890625,
  "Z1665001|5": 41069.57421875,
  "Z1665001|6": 0.0,
  "Z1665001|7": 0.0,
  "Z1769001|1": 60010.76953125,
  "Z1769001|2": 44495.66796875,
  "Z1769001|3": 38573.6484375,
  "Z1769001|4": 29607.322265625,
  "Z1769001|5": 33433.6640625,
  "Z1769001|6": 0.0,
  "Z1769001|7": 0.0,
  "Z1899001|1": 30050.62109375,
  "Z1899001|2": 35128.33984375,