{
  "Z0241002|1": 137.4505004882812,
  "Z0241002|2": 136549.59375,
  "Z0241002|3": 121620.109375,
  "Z0241002|4": 48284.765625,
  "Z0241002|5": 49389.1640625,
  "Z0241002|6": 41694.17578125,
  "Z0241002|7": 29550.421875,
  "Z0241003|1": 93474.2265625,
  "Z0241003|2": 103428.9609375,
  "Z0241003|3": 64092.0,
  "Z0241003|4": 23836.693359375,
  "Z0241003|5": 19261.01953125,
  "Z0241003|6": 12299.3642578125,
  "Z0241003|7": 10359.1083984375,
  "Z0241004|1": 81764.6171875,
  "Z0241004|2": 89004.7890625,
  "Z0241004|3": 61944.3046875,
  "Z0241004|4": 25226.54296875,
  "Z0241004|5": 19202.251953125,
  "Z0241004|6": 13621.0810546875,
  "Z0241004|7": 10640.43359375,
  "Z0241005|1": 41919.20703125,
  "Z0241005|2": 33798.76953125,
  "Z0241005|3": 15141.7265625,
  "Z0241005|4": 6881.0498046875,
  "Z0241005|5": 6578.02099609375,
  "Z0241005|6": 4460.9677734375,
  "Z0241005|7": 5365.0927734375,
  "Z0241006|1": 19124.849609375,
  "Z0241006|2": 13332.595703125,
  "Z0241006|3": 14610.2509765625,
  "Z0241006|4": 9329.337890625,
  "Z0241006|5": 12047.7724609375,
  "Z0241006|6": 1639.551391601562,
  "Z0241006|7": 705.3963012695312,
  "Z0241007|1": 53555.25,
  "Z0241007|2": 47000.578125,
  "Z0241007|3": 32531.4296875,
  "Z0241007|4": 15118.75390625,
  "Z0241007|5": 15701.306640625,
  "Z0241007|6": 9860.6259765625,
  "Z0241007|7": 5623.4912109375,
  "Z0241008|1": 20410.912109375,
  "Z0241008|2": 11215.5185546875,
  "Z0241008|3": 6429.55419921875,
  "Z0241008|4": 2466.156494140625,
  "Z0241008|5": 2023.38916015625,
  "Z0241008|6": 1089.602294921875,
  "Z0241008|7": 1193.198852539062,
  "Z0276001|1": 4821.2236328125,
  "Z0276001|2": 66212.2890625,
  "Z0276001|3": 39907.44140625,
  "Z0276001|4": 27216.919921875,
  "Z0276001|5": 25531.341796875,
  "Z0276001|6": 23729.08984375,
  "Z0276001|7": 18132.583984375,
  "Z0276002|1": 26454.943359375,
  "Z0276002|2": 62632.30859375,
  "Z0276002|3": 50972.04296875,
  "Z0276002|4": 26507.2734375,
  "Z0276002|5": 18119.740234375,
  "Z0276002|6": 17317.755859375,
  "Z0276002|7": 13790.3837890625,
  "Z0276003|1": 20365.333984375,
  "Z0276003|2": 4518.517578125,
  "Z0276003|3": 1807.750366210938,
  "Z0276003|4": 846.4661865234375,
  "Z0276003|5": 402.9142456054688,
  "Z0276003|6": 508.9506530761719,
  "Z0276003|7": 297.0018615722656,
  "Z0283001|1": 71493.90625,
  "Z0283001|2": 85647.6171875,
  "Z0283001|3": 79046.5859375,
  "Z0283001|4": 47887.578125,
  "Z0283001|5": 30062.916015625,
  "Z0283001|6": 0.0,
  "Z0283001|7": 0.0,
  "Z0284001|1": 178611.796875,
  "Z0284001|2": 179187.625,
  "Z0284001|3": 176094.21875,
  "Z0284001|4": 121684.0390625,
  "Z0284001|5": 128498.5234375,
  "Z0284001|6": 0.0,
  "Z0284001|7": 0.0,
  "Z0386001|1": 1057.805541992188,
  "Z0386001|2": 108687.265625,
  "Z0386001|3": 61953.10546875,
  "Z0386001|4": 22627.837890625,
  "Z0386001|5": 20022.962890625,
  "Z0386001|6": 15710.2041015625,
  "Z0386001|7": 18716.611328125,
  "Z0386002|1": 1005.169311523438,
  "Z0386002|2": 110634.1015625,
  "Z0386002|3": 71335.21875,
  "Z0386002|4": 23332.154296875,
  "Z0386002|5": 19168.986328125,
  "Z0386002|6": 16082.78515625,
  "Z0386002|7": 13199.8583984375,
  "Z0386003|1": 888.8176879882812,
  "Z0386003|2": 110634.1015625,
  "Z0386003|3": 73326.2265625,
  "Z0386003|4": 23273.4375,
  "Z0386003|5": 21993.810546875,
  "Z0386003|6": 15353.736328125,
  "Z0386003|7": 23642.685546875,
  "Z0386004|1": 43852.59375,
  "Z0386004|2": 28907.958984375,
  "Z0386004|3": 18960.345703125,
  "Z0386004|4": 6475.54736328125,
  "Z0386004|5": 6750.14697265625,
  "Z0386004|6": 4587.23876953125,
  "Z0386004|7": 3326.583251953125,
  "Z0386005|1": 15991.015625,
  "Z0386005|2": 17709.125,
  "Z0386005|3": 5896.908203125,
  "Z0386005|4": 3076.96337890625,
  "Z0386005|5": 2241.89404296875,
  "Z0386005|6": 1198.10498046875,
  "Z0386005|7": 1698.348510742188,
  "Z0386006|1": 23442.5859375,
  "Z0386006|2": 26654.15234375,
  "Z0386006|3": 16562.17578125,
  "Z0386006|4": 5227.267578125,
  "Z0386006|5": 4205.7841796875,
  "Z0386006|6": 4266.80224609375,
  "Z0386006|7": 3728.10546875,
  "Z0386007|1": 77811.8671875,
  "Z0386007|2": 60458.00390625,
  "Z0386007|3": 34189.10546875,
  "Z0386007|4": 13702.4912109375,
  "Z0386007|5": 9770.4072265625,
  "Z0386007|6": 8880.79296875,
  "Z0386007|7": 11051.462890625,
  "Z0646001|1": 174283.828125,
  "Z0646001|2": 131033.9453125,
  "Z0646001|3": 93160.515625,
  "Z0646001|4": 33333.1328125,
  "Z0646001|5": 33455.75,
  "Z0646001|6": 21918.658203125,
  "Z0646001|7": 15738.4736328125,
  "Z0646002|1": 164471.5625,
  "Z0646002|2": 117123.1796875,
  "Z0646002|3": 90566.8515625,
  "Z0646002|4": 33055.75,
  "Z0646002|5": 31715.59765625,
  "Z0646002|6": 20595.837890625,
  "Z0646002|7": 14238.1064453125,
  "Z0646003|1": 17644.740234375,
  "Z0646003|2": 15374.55859375,
  "Z0646003|3": 5024.1572265625,
  "Z0646003|4": 3025.775390625,
  "Z0646003|5": 2299.53662109375,
  "Z0646003|6": 996.9594116210938,
  "Z0646003|7": 1034.284912109375,
  "Z0646004|1": 16061.478515625,
  "Z0646004|2": 13985.6875,
  "Z0646004|3": 6683.71630859375,
  "Z0646004|4": 2900.749755859375,
  "Z0646004|5": 1265.493286132812,
  "Z0646004|6": 501.0953674316406,
  "Z0646004|7": 422.6448059082031,
  "Z0899001|1": 346273.0625,
  "Z0899001|2": 262829.40625,
  "Z0899001|3": 337534.625,
  "Z0899001|4": 145354.140625,
  "Z0899001|5": 85420.03125,
  "Z0899001|6": 0.0,
  "Z0899001|7": 0.0,
  "Z0908001|1": 309003.875,
  "Z0908001|2": 254349.9375,
  "Z0908001|3": 247286.59375,
  "Z0908001|4": 79336.1484375,
  "Z0908001|5": 111322.8984375,
  "Z0908001|6": 0.0,
  "Z0908001|7": 0.0,
  "Z0951001|1": 135857.0,
  "Z0951001|2": 104591.484375,
  "Z0951001|3": 82934.859375,
  "Z0951001|4": 33599.125,
  "Z0951001|5": 39277.48046875,
  "Z0951001|6": 29036.998046875,
  "Z0951001|7": 14738.1962890625,
  "Z0951002|1": 130639.65625,
  "Z0951002|2": 124188.1171875,
  "Z0951002|3": 93676.625,
  "Z0951002|4": 29759.453125,
  "Z0951002|5": 39650.26953125,
  "Z0951002|6": 26467.486328125,
  "Z0951002|7": 12268.4111328125,
  "Z0972001|1": 160735.875,
  "Z0972001|2": 143377.375,
  "Z0972001|3": 127856.640625,
  "Z0972001|4": 54039.16796875,
  "Z0972001|5": 42984.54296875,
  "Z0972001|6": 0.0,
  "Z0972001|7": 0.0,
  "Z1031001|1": 83390.8203125,
  "Z1031001|2": 48979.85546875,
  "Z1031001|3": 34706.4609375,
  "Z1031001|4": 24662.5078125,
  "Z1031001|5": 23091.103515625,
  "Z1031001|6": 4524.025390625,
  "Z1031001|7": 3470.04248046875,
  "Z1031002|1": 81993.8046875,
  "Z1031002|2": 72461.984375,
  "Z1031002|3": 51571.37109375,
  "Z1031002|4": 25707.97265625,
  "Z1031002|5": 21887.82421875,
  "Z1031002|6": 10418.0927734375,
  "Z1031002|7": 8178.86474609375,
  "Z1119001|1": 101693.1484375,
  "Z1119001|2": 150090.109375,
  "Z1119001|3": 109774.8046875,
  "Z1119001|4": 28185.8984375,
  "Z1119001|5": 45016.80078125,
  "Z1119001|6": 23381.650390625,
  "Z1119001|7": 26636.134765625,
  "Z1169001|1": 180194.0625,
  "Z1169001|2": 133711.6875,
  "Z1169001|3": 195279.421875,
  "Z1169001|4": 124734.6015625,
  "Z1169001|5": 69283.5390625,
  "Z1169001|6": 0.0,
  "Z1169001|7": 0.0,
  "Z1367001|1": 319394.0,
  "Z1367001|2": 259191.5,
  "Z1367001|3": 301172.0625,
  "Z1367001|4": 154815.828125,
  "Z1367001|5": 194035.4375,
  "Z1367001|6": 0.0,
  "Z1367001|7": 0.0,
  "Z1524001|1": 82857.1484375,
  "Z1524001|2": 74805.140625,
  "Z1524001|3": 46461.6328125,
  "Z1524001|4": 22694.03515625,
  "Z1524001|5": 20620.267578125,
  "Z1524001|6": 15707.3427734375,
  "Z1524001|7": 13409.544921875,
  "Z1665001|1": 167006.03125,
  "Z1665001|2": 129623.0,
  "Z1665001|3": 195832.203125,
  "Z1665001|4": 96793.6171875,
  "Z1665001|5": 59469.09765625,
  "Z1665001|6": 0.0,
  "Z1665001|7": 0.0,
  "Z1769001|1": 153093.75,
  "Z1769001|2": 105504.34375,
  "Z1769001|3": 101776.3984375,
  "Z1769001|4": 54150.13671875,
  "Z1769001|5": 39352.16796875,
  "Z1769001|6": 0.0,
  "Z1769001|7": 0.0,
  "Z1899001|1": 98612.2109375,
  "Z1899001|2": 77965.625,
  "Z1899001|3": 34182.9765625,
  "Z1899001|4": 24879.0703125,
  "Z1899001|5": 16945.1484375,