{
  "Z0241002|1": 19763.53125,
  "Z0241002|2": 15438.912109375,
  "Z0241002|3": 14317.1572265625,
  "Z0241002|4": 28937.2265625,
  "Z0241002|5": 38448.390625,
  "Z0241002|6": 49152.203125,
  "Z0241002|7": 45025.73046875,
  "Z0241003|1": 22846.033203125,
  "Z0241003|2": 15592.42578125,
  "Z0241003|3": 14736.4873046875,
  "Z0241003|4": 28418.650390625,
  "Z0241003|5": 49083.48828125,
  "Z0241003|6": 61352.875,
  "Z0241003|7": 41303.50390625,
  "Z0241004|1": 23124.720703125,
  "Z0241004|2": 15136.7685546875,
  "Z0241004|3": 14923.1552734375,
  "Z0241004|4": 28336.537109375,
  "Z0241004|5": 53059.79296875,
  "Z0241004|6": 57470.6328125,
  "Z0241004|7": 39253.69140625,
  "Z0241005|1": 11727.822265625,
  "Z0241005|2": 10570.8349609375,
  "Z0241005|3": 8075.49853515625,
  "Z0241005|4": 14779.8828125,
  "Z0241005|5": 30439.73828125,
  "Z0241005|6": 32727.615234375,
  "Z0241005|7": 19994.69921875,
  "Z0241006|1": 30152.73828125,
  "Z0241006|2": 34760.9375,
  "Z0241006|3": 30987.5390625,
  "Z0241006|4": 53981.69921875,
  "Z0241006|5": 60284.15234375,
  "Z0241006|6": 7929.8876953125,
  "Z0241006|7": 5819.74755859375,
  "Z0241007|1": 6725.802734375,
  "Z0241007|2": 6151.8544921875,
  "Z0241007|3": 4128.10107421875,
  "Z0241007|4": 11357.2509765625,
  "Z0241007|5": 24702.3984375,
  "Z0241007|6": 30106.50390625,
  "Z0241007|7": 17882.3671875,
  "Z0241008|1": 0.05188347771763802,
  "Z0241008|2": 0.05489454045891762,
  "Z0241008|3": 0.07359062135219574,
  "Z0241008|4": 0.1088841557502747,
  "Z0241008|5": 0.1926147490739822,
  "Z0241008|6": 0.09390772134065628,
  "Z0241008|7": 0.04468251764774323,
  "Z0276001|1": 24033.498046875,
  "Z0276001|2": 15863.77734375,
  "Z0276001|3": 19405.626953125,
  "Z0276001|4": 43808.49609375,
  "Z0276001|5": 84401.96875,
  "Z0276001|6": 55236.5703125,
  "Z0276001|7": 46317.45703125,
  "Z0276002|1": 13868.6005859375,
  "Z0276002|2": 12180.75,
  "Z0276002|3": 13727.736328125,
  "Z0276002|4": 33972.328125,
  "Z0276002|5": 62189.625,
  "Z0276002|6": 46432.625,
  "Z0276002|7": 36387.359375,
  "Z0276003|1": 1271.437133789062,
  "Z0276003|2": 1571.850341796875,
  "Z0276003|3": 1377.486572265625,
  "Z0276003|4": 2670.06494140625,
  "Z0276003|5": 8843.7265625,
  "Z0276003|6": 14407.935546875,
  "Z0276003|7": 13806.5712890625,
  "Z0283001|1": 11568.2373046875,
  "Z0283001|2": 13542.87890625,
  "Z0283001|3": 34502.09765625,
  "Z0283001|4": 39945.625,
  "Z0283001|5": 42771.328125,
  "Z0283001|6": 0.0,
  "Z0283001|7": 0.0,
  "Z0284001|1": 50800.59765625,
  "Z0284001|2": 34631.5234375,
  "Z0284001|3": 32228.837890625,
  "Z0284001|4": 51410.953125,
  "Z0284001|5": 93329.6484375,
  "Z0284001|6": 0.0,
  "Z0284001|7": 0.0,
  "Z0386001|1": 17042.623046875,
  "Z0386001|2": 11089.7880859375,
  "Z0386001|3": 13079.611328125,
  "Z0386001|4": 18103.216796875,
  "Z0386001|5": 40047.12890625,
  "Z0386001|6": 60021.640625,
  "Z0386001|7": 35463.125,
  "Z0386002|1": 21806.255859375,
  "Z0386002|2": 12363.7265625,
  "Z0386002|3": 13339.615234375,
  "Z0386002|4": 23854.169921875,
  "Z0386002|5": 51762.17578125,
  "Z0386002|6": 62021.88671875,
  "Z0386002|7": 40093.7890625,
  "Z0386003|1": 23152.98828125,
  "Z0386003|2": 12685.3251953125,
  "Z0386003|3": 14188.6298828125,
  "Z0386003|4": 27801.375,
  "Z0386003|5": 65252.4609375,
  "Z0386003|6": 61806.19140625,
  "Z0386003|7": 39848.90625,
  "Z0386004|1": 3750.412841796875,
  "Z0386004|2": 3475.821044921875,
  "Z0386004|3": 6244.48876953125,
  "Z0386004|4": 6471.908203125,
  "Z0386004|5": 11949.5751953125,
  "Z0386004|6": 20463.634765625,
  "Z0386004|7": 17372.796875,
  "Z0386005|1": 408.9853210449219,
  "Z0386005|2": 494.72998046875,
  "Z0386005|3": 2.598992347717285,
  "Z0386005|4": 928.5180053710938,
  "Z0386005|5": 2749.24365234375,
  "Z0386005|6": 5848.63525390625,
  "Z0386005|7": 3111.43603515625,
  "Z0386006|1": 1240.100952148438,
  "Z0386006|2": 2373.1357421875,
  "Z0386006|3": 2858.625244140625,
  "Z0386006|4": 6117.7451171875,
  "Z0386006|5": 13425.693359375,
  "Z0386006|6": 17624.04296875,
  "Z0386006|7": 12743.798828125,
  "Z0386007|1": 0.05568567290902138,
  "Z0386007|2": 0.05197350308299065,
  "Z0386007|3": 0.09495558589696884,
  "Z0386007|4": 0.3548981547355652,
  "Z0386007|5": 0.4260007739067078,
  "Z0386007|6": 0.3127836883068085,
  "Z0386007|7": 0.02129300497472286,
  "Z0646001|1": 19321.65625,
  "Z0646001|2": 13136.306640625,
  "Z0646001|3": 13087.1240234375,
  "Z0646001|4": 28357.544921875,
  "Z0646001|5": 44358.1875,
  "Z0646001|6": 57184.91015625,
  "Z0646001|7": 39004.8203125,
  "Z0646002|1": 21386.400390625,
  "Z0646002|2": 14156.6357421875,
  "Z0646002|3": 15146.9638671875,
  "Z0646002|4": 32477.841796875,
  "Z0646002|5": 52781.25,
  "Z0646002|6": 63415.92578125,
  "Z0646002|7": 40493.05078125,
  "Z0646003|1": 0.04965696111321449,
  "Z0646003|2": 0.0465298630297184,
  "Z0646003|3": 1015.083068847656,
  "Z0646003|4": 1145.9091796875,
  "Z0646003|5": 1674.266357421875,
  "Z0646003|6": 2921.02001953125,
  "Z0646003|7": 3868.962646484375,
  "Z0646004|1": 0.04965696111321449,
  "Z0646004|2": 0.0465298630297184,
  "Z0646004|3": 0.07119756937026978,
  "Z0646004|4": 0.1215919256210327,
  "Z0646004|5": 3623.93994140625,
  "Z0646004|6": 2971.79541015625,
  "Z0646004|7": 3868.962646484375,
  "Z0899001|1": 69362.1875,
  "Z0899001|2": 37007.05859375,
  "Z0899001|3": 22557.6015625,
  "Z0899001|4": 62682.41796875,
  "Z0899001|5": 95118.8046875,
  "Z0899001|6": 0.0,
  "Z0899001|7": 0.0,
  "Z0908001|1": 36059.72265625,
  "Z0908001|2": 22520.02734375,
  "Z0908001|3": 46306.27734375,
  "Z0908001|4": 70392.640625,
  "Z0908001|5": 77223.828125,
  "Z0908001|6": 0.0,
  "Z0908001|7": 0.0,
  "Z0951001|1": 59349.80078125,
  "Z0951001|2": 50824.19921875,
  "Z0951001|3": 39813.5390625,
  "Z0951001|4": 55726.00390625,
  "Z0951001|5": 74939.1484375,
  "Z0951001|6": 62503.51171875,
  "Z0951001|7": 33020.66015625,
  "Z0951002|1": 52915.5703125,
  "Z0951002|2": 40556.3203125,
  "Z0951002|3": 30367.130859375,
  "Z0951002|4": 42228.61328125,
  "Z0951002|5": 71282.2890625,
  "Z0951002|6": 61607.75,
  "Z0951002|7": 12460.55078125,
  "Z0972001|1": 18891.548828125,
  "Z0972001|2": 14463.3779296875,
  "Z0972001|3": 21946.125,
  "Z0972001|4": 40038.1953125,
  "Z0972001|5": 45526.4375,
  "Z0972001|6": 0.0,
  "Z0972001|7": 0.0,
  "Z1031001|1": 3831.7041015625,
  "Z1031001|2": 4895.10205078125,
  "Z1031001|3": 3971.683837890625,
  "Z1031001|4": 7347.99658203125,
  "Z1031001|5": 10087.759765625,
  "Z1031001|6": 18851.8984375,
  "Z1031001|7": 23124.697265625,
  "Z1031002|1": 14116.8740234375,
  "Z1031002|2": 11692.8740234375,
  "Z1031002|3": 10175.1240234375,
  "Z1031002|4": 15896.7041015625,
  "Z1031002|5": 36012.7109375,
  "Z1031002|6": 49766.71875,
  "Z1031002|7": 29838.890625,
  "Z1119001|1": 9725.0068359375,
  "Z1119001|2": 4175.59130859375,
  "Z1119001|3": 4780.60107421875,
  "Z1119001|4": 13282.6123046875,
  "Z1119001|5": 22437.40234375,
  "Z1119001|6": 88315.921875,
  "Z1119001|7": 75650.40625,
  "Z1169001|1": 40244.53515625,
  "Z1169001|2": 40489.42578125,
  "Z1169001|3": 19489.630859375,
  "Z1169001|4": 51105.5703125,
  "Z1169001|5": 53982.93359375,
  "Z1169001|6": 0.0,
  "Z1169001|7": 0.0,
  "Z1367001|1": 64089.40234375,
  "Z1367001|2": 22384.0546875,
  "Z1367001|3": 33268.609375,
  "Z1367001|4": 57980.0234375,
  "Z1367001|5": 62776.76171875,
  "Z1367001|6": 0.0,
  "Z1367001|7": 0.0,
  "Z1524001|1": 10173.5234375,
  "Z1524001|2": 4031.87939453125,
  "Z1524001|3": 7524.865234375,
  "Z1524001|4": 13723.7314453125,
  "Z1524001|5": 13841.97265625,
  "Z1524001|6": 32063.470703125,
  "Z1524001|7": 43003.8984375,
  "Z1665001|1": 44585.5625,
  "Z1665001|2": 38977.00390625,
  "Z1665001|3": 33552.32421875,
  "Z1665001|4": 36772.2578125,
  "Z1665001|5": 49107.4609375,
  "Z1665001|6": 0.0,
  "Z1665001|7": 0.0,
  "Z1769001|1": 55260.12109375,
  "Z1769001|2": 32300.78125,
  "Z1769001|3": 32031.62109375,
  "Z1769001|4": 64109.8828125,
  "Z1769001|5": 73899.625,
  "Z1769001|6": 0.0,
  "Z1769001|7": 0.0,
  "Z1899001|1": 6440.42822265625,