{
  "Z0241002|1": 171401.234375,
  "Z0241003|1": 74563.046875,
  "Z0241004|1": 148411.390625,
  "Z0241005|1": 53042.375,
  "Z0241006|1": 53954.66015625,
  "Z0241007|1": 69710.3046875,
  "Z0241008|1": 17003.865234375,
  "Z0276001|1": 109449.6015625,
  "Z0276002|1": 97159.953125,
  "Z0276003|1": 22967.427734375,
  "Z0283001|1": 79679.40625,
  "Z0284001|1": 171012.953125,
  "Z0386001|1": 163750.671875,
  "Z0386002|1": 155308.5625,
  "Z0386003|1": 146216.140625,
  "Z0386004|1": 29199.28515625,
  "Z0386005|1": 10451.970703125,
  "Z0386006|1": 19747.802734375,
  "Z0386007|1": 55715.41015625,
  "Z0646001|1": 208981.28125,
  "Z0646002|1": 238467.234375,
  "Z0646003|1": 8138.13623046875,
  "Z0646004|1": 9035.609375,
  "Z0899001|1": 277337.03125,
  "Z0908001|1": 180794.625,
  "Z0951001|1": 163420.25,
  "Z0951002|1": 183379.765625,
  "Z0972001|1": 128100.7421875,
  "Z1031001|1": 99890.59375,
  "Z1031002|1": 136029.8125,
  "Z1119001|1": 297683.46875,
  "Z1169001|1": 132908.203125,
  "Z1367001|1": 299783.96875,
  "Z1524001|1": 124172.7265625,
  "Z1665001|1": 140385.65625,
  "Z1769001|1": 165029.796875,
  "Z1899001|1": 90793.34375,
  "Z1899002|1": 146132.21875,
  "Z2011001|1": 101499.5625,
  "Z2135001|1": 195173.671875,
  "Z2135002|1": 113207.953125,
  "Z2136001|1": 39063.2421875,
  "Z0241002|2": 119657.2734375,
  "Z0241003|2": 100877.8046875,
  "Z0241004|2": 121404.9140625,
  "Z0241005|2": 33913.296875,
  "Z0241006|2": 36588.9296875,
  "Z0241007|2": 45742.95703125,
  "Z0241008|2": 11435.2939453125,
  "Z0276001|2": 66941.5078125,
  "Z0276002|2": 60829.48046875,
  "Z0276003|2": 15488.3681640625,
  "Z0283001|2": 89921.96875,
  "Z0284001|2": 156545.46875,
  "Z0386001|2": 114022.765625,
  "Z0386002|2": 104727.234375,
  "Z0386003|2": 107245.25,
  "Z0386004|2": 28271.185546875,
  "Z0386005|2": 11320.98046875,
  "Z0386006|2": 16942.3515625,
  "Z0386007|2": 26707.333984375,
  "Z0646001|2": 149936.171875,
  "Z0646002|2": 163236.453125,
  "Z0646003|2": 8668.677734375,
  "Z0646004|2": 8716.5908203125,
  "Z0899001|2": 252517.421875,
  "Z0908001|2": 104300.4296875,
  "Z0951001|2": 130282.9453125,
  "Z0951002|2": 146386.078125,
  "Z0972001|2": 103917.1875,
  "Z1031001|2": 55881.171875,
  "Z1031002|2": 93352.0,
  "Z1119001|2": 233686.296875,
  "Z1169001|2": 114965.625,
  "Z1367001|2": 160126.484375,
  "Z1524001|2": 77502.0,
  "Z1665001|2": 139907.828125,
  "Z1769001|2": 139075.203125,
  "Z1899001|2": 66121.484375,
  "Z1899002|2": 83671.1484375,
  "Z2011001|2": 59589.5703125,
  "Z2135001|2": 153531.0625,
  "Z2135002|2": 90731.7109375,
  "Z2136001|2": 39307.87109375,
  "Z0241002|3": 111093.9140625,
  "Z0241003|3": 78969.65625,
  "Z0241004|3": 105132.7109375,
  "Z0241005|3": 36197.390625,
  "Z0241006|3": 28414.638671875,
  "Z0241007|3": 42997.87109375,
  "Z0241008|3": 10586.4599609375,
  "Z0276001|3": 64181.73046875,
  "Z0276002|3": 46994.2578125,
  "Z0276003|3": 12239.3330078125,
  "Z0283001|3": 56904.49609375,
  "Z0284001|3": 109552.7734375,
  "Z0386001|3": 86529.546875,
  "Z0386002|3": 100894.640625,
  "Z0386003|3": 97121.6875,
  "Z0386004|3": 27112.875,
  "Z0386005|3": 11561.916015625,
  "Z0386006|3": 21313.748046875,
  "Z0386007|3": 19055.828125,
  "Z0646001|3": 137458.84375,
  "Z0646002|3": 142725.53125,
  "Z0646003|3": 8685.1630859375,
  "Z0646004|3": 11728.8271484375,
  "Z0899001|3": 194094.671875,
  "Z0908001|3": 91921.703125,
  "Z0951001|3": 129215.9453125,
  "Z0951002|3": 139538.46875,
  "Z0972001|3": 86563.0546875,
  "Z1031001|3": 52563.4765625,
  "Z1031002|3": 76224.0625,
  "Z1119001|3": 205605.0,
  "Z1169001|3": 131342.96875,
  "Z1367001|3": 208322.640625,
  "Z1524001|3": 69097.984375,
  "Z1665001|3": 124852.6640625,
  "Z1769001|3": 145254.78125,
  "Z1899001|3": 55363.125,
  "Z1899002|3": 72755.453125,
  "Z2011001|3": 71804.609375,
  "Z2135001|3": 137268.375,
  "Z2135002|3": 74341.0234375,
  "Z2136001|3": 43318.5859375,
  "Z0241002|4": 87690.9296875,
  "Z0241003|4": 70481.40625,
  "Z0241004|4": 83285.671875,
  "Z0241005|4": 23643.068359375,
  "Z0241006|4": 28919.486328125,
  "Z0241007|4": 38040.58984375,
  "Z0241008|4": 6409.384765625,
  "Z0276001|4": 60748.43359375,
  "Z0276002|4": 50119.31640625,
  "Z0276003|4": 13991.37109375,
  "Z0283001|4": 78089.828125,
  "Z0284001|4": 139620.859375,
  "Z0386001|4": 56933.05078125,
  "Z0386002|4": 111206.8125,
  "Z0386003|4": 88682.484375,
  "Z0386004|4": 22322.396484375,
  "Z0386005|4": 7227.94921875,
  "Z0386006|4": 17580.00390625,
  "Z0386007|4": 27864.392578125,
  "Z0646001|4": 141318.015625,
  "Z0646002|4": 143125.453125,
  "Z0646003|4": 10004.009765625,
  "Z0646004|4": 12699.7724609375,
  "Z0899001|4": 212020.796875,
  "Z0908001|4": 176870.453125,
  "Z0951001|4": 145577.34375,
  "Z0951002|4": 130951.8671875,
  "Z0972001|4": 100146.9921875,
  "Z1031001|4": 47445.58203125,
  "Z1031002|4": 65853.2109375,
  "Z1119001|4": 182270.671875,
  "Z1169001|4": 99168.734375,
  "Z1367001|4": 220449.546875,
  "Z1524001|4": 80366.7109375,
  "Z1665001|4": 90732.0625,
  "Z1769001|4": 141127.3125,
  "Z1899001|4": 50955.03125,
  "Z1899002|4": 74200.703125,
  "Z2011001|4": 61310.0859375,
  "Z2135001|4": 85465.2578125,
  "Z2135002|4": 54750.79296875,
  "Z2136001|4": 38552.2734375,
  "Z0241002|5": 130492.46875,
  "Z0241003|5": 123336.5390625,
  "Z0241004|5": 146838.53125,
  "Z0241005|5": 53864.84375,
  "Z0241006|5": 30678.921875,
  "Z0241007|5": 58472.046875,
  "Z0241008|5": 7412.3974609375,
  "Z0276001|5": 80022.5546875,
  "Z0276002|5": 81037.1484375,
  "Z0276003|5": 19729.580078125,
  "Z0283001|5": 74326.703125,
  "Z0284001|5": 239059.953125,
  "Z0386001|5": 123869.34375,
  "Z0386002|5": 135716.5,
  "Z0386003|5": 136546.984375,
  "Z0386004|5": 35165.75390625,
  "Z0386005|5": 9533.4267578125,
  "Z0386006|5": 23098.546875,
  "Z0386007|5": 38283.52734375,
  "Z0646001|5": 206685.484375,
  "Z0646002|5": 218293.234375,
  "Z0646003|5": 10085.2109375,
  "Z0646004|5": 12939.951171875,
  "Z0899001|5": 356533.875,
  "Z0908001|5": 173007.703125,
  "Z0951001|5": 200783.71875,
  "Z0951002|5": 183382.203125,
  "Z0972001|5": 115105.0625,
  "Z1031001|5": 49767.61328125,
  "Z1031002|5": 97931.1484375,
  "Z1119001|5": 275733.3125,
  "Z1169001|5": 187100.625,
  "Z1367001|5": 290687.21875,
  "Z1524001|5": 96125.1171875,
  "Z1665001|5": 120956.859375,
  "Z1769001|5": 226245.640625,
  "Z1899001|5": 91406.3671875,
  "Z1899002|5": 115140.6328125,
  "Z2011001|5": 119626.0078125,
  "Z2135001|5": 190956.703125,
  "Z2135002|5": 97063.171875,
  "Z2136001|5": 44244.19921875,
  "Z0241002|6": 95666.2890625,
  "Z0241003|6": 85148.1328125,
  "Z0241004|6": 94976.1328125,
  "Z0241005|6": 46651.84765625,
  "Z0241006|6": 6111.26025390625,
  "Z0241007|6": 45583.26171875,
  "Z0241008|6": 10082.3740234375,
  "Z0276001|6": 63640.91015625,
  "Z0276002|6": 52867.3828125,
  "Z0276003|6": 17918.9296875,
  "Z0386001|6": 86876.3359375,
  "Z0386002|6": 89889.4765625,
  "Z0386003|6": 91135.40625,
  "Z0386004|6": 26935.8125,
  "Z0386005|6": 11611.5791015625,
  "Z0386006|6": 15676.5576171875,
  "Z0386007|6": 29998.388671875,
  "Z0646001|6": 88789.3671875,
  "Z0646002|6": 94712.7421875,
  "Z0646003|6": 7835.74951171875,
  "Z0646004|6": 13386.0712890625,
  "Z0951001|6": 92453.6015625,
  "Z0951002|6": 98606.5625,
  "Z1031001|6": 33447.453125,
  "Z1031002|6": 61111.4921875,
  "Z1119001|6": 49295.89453125,
  "Z1524001|6": 68850.2578125,
  "Z1899001|6": 48517.828125,
  "Z1899002|6": 69487.546875,
  "Z2135001|6": 92775.015625,
  "Z2135002|6": 42320.05078125,
  "Z0241002|7": 27383.47265625,
  "Z0241003|7": 14471.2939453125,
  "Z0241004|7": 26517.158203125,
  "Z0241005|7": 12993.537109375,
  "Z0241006|7": 1831.955078125,
  "Z0241007|7": 14872.962890625,
  "Z0241008|7": 4187.60546875,
  "Z0276001|7": 17633.30078125,
  "Z0276002|7": 10871.3037109375,
  "Z0276003|7": 6132.24609375,
  "Z0386001|7": 19999.375,
  "Z0386002|7": 17845.337890625,
  "Z0386003|7": 18728.951171875,
  "Z0386004|7": 10858.40234375,
  "Z0386005|7": 1851.014526367188,
  "Z0386006|7": 5784.55908203125,
  "Z0386007|7": 9025.6787109375,