{
  "Z0241002|1": 232458.21875,
  "Z0241002|2": 183886.21875,
  "Z0241002|3": 211171.84375,
  "Z0241002|4": 116622.1640625,
  "Z0241002|5": 27674.212890625,
  "Z0241002|6": 29030.158203125,
  "Z0241002|7": 23573.83203125,
  "Z0241003|1": 138779.734375,
  "Z0241003|2": 112004.7578125,
  "Z0241003|3": 129585.671875,
  "Z0241003|4": 29804.330078125,
  "Z0241003|5": 17052.716796875,
  "Z0241003|6": 19423.185546875,
  "Z0241003|7": 15377.0361328125,
  "Z0241004|1": 135839.765625,
  "Z0241004|2": 85573.8125,
  "Z0241004|3": 129689.15625,
  "Z0241004|4": 41573.78515625,
  "Z0241004|5": 11935.7451171875,
  "Z0241004|6": 14065.94921875,
  "Z0241004|7": 16754.205078125,
  "Z0241005|1": 115277.8671875,
  "Z0241005|2": 91123.84375,
  "Z0241005|3": 89003.6875,
  "Z0241005|4": 35395.328125,
  "Z0241005|5": 16502.921875,
  "Z0241005|6": 16604.15234375,
  "Z0241005|7": 10905.41796875,
  "Z0241006|1": 40256.328125,
  "Z0241006|2": 29969.306640625,
  "Z0241006|3": 15938.6220703125,
  "Z0241006|4": 312.3291931152344,
  "Z0241006|5": 26.78817176818848,
  "Z0241006|6": 84.65800476074219,
  "Z0241006|7": 795.0038452148438,
  "Z0241007|1": 83651.3671875,
  "Z0241007|2": 73364.28125,
  "Z0241007|3": 83431.46875,
  "Z0241007|4": 51486.796875,
  "Z0241007|5": 22221.310546875,
  "Z0241007|6": 21213.91015625,
  "Z0241007|7": 16982.48828125,
  "Z0241008|1": 24444.287109375,
  "Z0241008|2": 22153.21484375,
  "Z0241008|3": 24476.38671875,
  "Z0241008|4": 11231.1259765625,
  "Z0241008|5": 6612.87255859375,
  "Z0241008|6": 5710.7021484375,
  "Z0241008|7": 5894.03466796875,
  "Z0276001|1": 70666.96875,
  "Z0276001|2": 98963.90625,
  "Z0276001|3": 127981.0703125,
  "Z0276001|4": 22871.9921875,
  "Z0276001|5": 30108.73828125,
  "Z0276001|6": 30439.76171875,
  "Z0276001|7": 84.43736267089844,
  "Z0276002|1": 91549.96875,
  "Z0276002|2": 79027.3671875,
  "Z0276002|3": 96313.140625,
  "Z0276002|4": 50593.6015625,
  "Z0276002|5": 21670.083984375,
  "Z0276002|6": 23721.169921875,
  "Z0276002|7": 12102.4765625,
  "Z0276003|1": 28328.458984375,
  "Z0276003|2": 29239.97265625,
  "Z0276003|3": 36533.59375,
  "Z0276003|4": 13623.92578125,
  "Z0276003|5": 12095.7021484375,
  "Z0276003|6": 15425.935546875,
  "Z0276003|7": 2701.232421875,
  "Z0283001|1": 64698.203125,
  "Z0283001|2": 114185.671875,
  "Z0283001|3": 69872.5078125,
  "Z0283001|6": 0.0,
  "Z0283001|7": 0.0,
  "Z0284001|1": 300239.1875,
  "Z0284001|2": 273402.875,
  "Z0284001|3": 140360.484375,
  "Z0284001|6": 0.0,
  "Z0284001|7": 0.0,
  "Z0386001|1": 134264.46875,
  "Z0386001|2": 122723.25,
  "Z0386001|3": 135930.875,
  "Z0386001|4": 46899.4765625,
  "Z0386001|5": 31069.53125,
  "Z0386001|6": 31551.990234375,
  "Z0386001|7": 13474.248046875,
  "Z0386002|1": 123248.0,
  "Z0386002|2": 104031.1171875,
  "Z0386002|3": 135842.875,
  "Z0386002|4": 48644.265625,
  "Z0386002|5": 33581.02734375,
  "Z0386002|6": 32709.53515625,
  "Z0386002|7": 19786.111328125,
  "Z0386003|1": 112105.109375,
  "Z0386003|2": 125519.078125,
  "Z0386003|3": 165392.96875,
  "Z0386003|4": 49381.25,
  "Z0386003|5": 33452.52734375,
  "Z0386003|6": 31506.884765625,
  "Z0386003|7": 15225.5439453125,
  "Z0386004|1": 47664.2265625,
  "Z0386004|2": 51862.765625,
  "Z0386004|3": 60556.1015625,
  "Z0386004|4": 20176.953125,
  "Z0386004|5": 18475.095703125,
  "Z0386004|6": 13475.931640625,
  "Z0386004|7": 9160.2060546875,
  "Z0386005|1": 15576.1689453125,
  "Z0386005|2": 22483.087890625,
  "Z0386005|3": 31659.17578125,
  "Z0386005|4": 18311.568359375,
  "Z0386005|5": 8750.3681640625,
  "Z0386005|6": 8341.1923828125,
  "Z0386005|7": 8388.6796875,
  "Z0386006|1": 26852.8359375,
  "Z0386006|2": 29190.7109375,
  "Z0386006|3": 49798.328125,
  "Z0386006|4": 23140.904296875,
  "Z0386006|5": 15991.8701171875,
  "Z0386006|6": 10876.3544921875,
  "Z0386006|7": 8636.3193359375,
  "Z0386007|1": 108451.0859375,
  "Z0386007|2": 98511.0703125,
  "Z0386007|3": 98942.671875,
  "Z0386007|4": 43016.8203125,
  "Z0386007|5": 25422.19921875,
  "Z0386007|6": 29016.623046875,
  "Z0386007|7": 20820.767578125,
  "Z0646001|1": 195092.71875,
  "Z0646001|2": 171422.640625,
  "Z0646001|3": 202710.234375,
  "Z0646001|4": 72758.296875,
  "Z0646001|5": 34749.3203125,
  "Z0646001|6": 34404.1640625,
  "Z0646001|7": 26652.703125,
  "Z0646002|1": 183823.28125,
  "Z0646002|2": 180694.3125,
  "Z0646002|3": 206454.015625,
  "Z0646002|4": 65665.1328125,
  "Z0646002|5": 26574.349609375,
  "Z0646002|6": 31651.17578125,
  "Z0646002|7": 29344.228515625,
  "Z0646003|1": 19599.3125,
  "Z0646003|2": 26014.619140625,
  "Z0646003|3": 41892.828125,
  "Z0646003|4": 14873.6298828125,
  "Z0646003|5": 3355.961669921875,
  "Z0646003|6": 5057.2275390625,
  "Z0646003|7": 4084.64990234375,
  "Z0646004|1": 19386.080078125,
  "Z0646004|2": 32322.341796875,
  "Z0646004|3": 51670.47265625,
  "Z0646004|4": 13339.5654296875,
  "Z0646004|5": 12084.5400390625,
  "Z0646004|6": 6713.8037109375,
  "Z0646004|7": 8076.96142578125,
  "Z0899001|1": 353365.46875,
  "Z0899001|2": 321988.375,
  "Z0899001|3": 292707.125,
  "Z0899001|6": 0.0,
  "Z0899001|7": 0.0,
  "Z0908001|1": 339707.03125,
  "Z0908001|2": 244340.59375,
  "Z0908001|3": 141326.109375,
  "Z0908001|6": 0.0,
  "Z0908001|7": 0.0,
  "Z0951001|1": 142870.984375,
  "Z0951001|2": 141002.859375,
  "Z0951001|3": 167993.390625,
  "Z0951001|4": 40280.484375,
  "Z0951001|5": 25291.03125,
  "Z0951001|6": 26562.642578125,
  "Z0951001|7": 7884.005859375,
  "Z0951002|1": 173571.25,
  "Z0951002|2": 177486.359375,
  "Z0951002|3": 218340.5,
  "Z0951002|4": 62598.453125,
  "Z0951002|5": 26648.560546875,
  "Z0951002|6": 23578.689453125,
  "Z0951002|7": 3753.6884765625,
  "Z0972001|1": 196151.078125,
  "Z0972001|2": 142957.65625,
  "Z0972001|3": 102365.6171875,
  "Z0972001|6": 0.0,
  "Z0972001|7": 0.0,
  "Z1031001|1": 117378.125,
  "Z1031001|2": 99694.3515625,
  "Z1031001|3": 125660.171875,
  "Z1031001|4": 39892.640625,
  "Z1031001|5": 15440.4052734375,
  "Z1031001|6": 13953.15234375,
  "Z1031001|7": 7654.64208984375,
  "Z1031002|1": 134603.0625,
  "Z1031002|2": 100831.4453125,
  "Z1031002|3": 121366.7109375,
  "Z1031002|4": 46027.75,
  "Z1031002|5": 20076.486328125,
  "Z1031002|6": 24984.787109375,
  "Z1031002|7": 18074.623046875,
  "Z1119001|1": 229323.5625,
  "Z1119001|2": 221881.484375,
  "Z1119001|3": 245772.96875,
  "Z1119001|4": 108300.390625,
  "Z1119001|5": 32771.421875,
  "Z1119001|6": 730.2160034179688,
  "Z1119001|7": 18831.2578125,
  "Z1169001|1": 235201.75,
  "Z1169001|2": 196771.984375,
  "Z1169001|3": 122971.9765625,
  "Z1169001|6": 0.0,
  "Z1169001|7": 0.0,
  "Z1367001|1": 260089.84375,
  "Z1367001|2": 311016.0625,
  "Z1367001|3": 250902.859375,
  "Z1367001|6": 0.0,
  "Z1367001|7": 0.0,
  "Z1524001|1": 141643.734375,
  "Z1524001|2": 132107.015625,
  "Z1524001|3": 116635.9609375,
  "Z1524001|4": 70980.7734375,
  "Z1524001|5": 36315.8515625,
  "Z1524001|6": 841.1857299804688,
  "Z1524001|7": 102.5222625732422,
  "Z1665001|1": 192498.640625,
  "Z1665001|2": 165966.375,
  "Z1665001|3": 107253.640625,
  "Z1665001|6": 0.0,
  "Z1665001|7": 0.0,
  "Z1769001|1": 154541.0,
  "Z1769001|2": 208435.71875,
  "Z1769001|3": 163377.234375,
  "Z1769001|6": 0.0,
  "Z1769001|7": 0.0,
  "Z1899001|1": 138753.265625,
  "Z1899001|2": 111723.96875,
  "Z1899001|3": 174325.71875,
  "Z1899001|4": 36910.140625,
  "Z1899001|5": 18248.71875,
  "Z1899001|6": 14933.0439453125,
  "Z1899001|7": 8758.3505859375,
  "Z1899002|1": 134574.828125,
  "Z1899002|2": 111508.09375,
  "Z1899002|3": 167416.96875,
  "Z1899002|4": 43791.1171875,
  "Z1899002|5": 24559.490234375,
  "Z1899002|6": 12782.099609375,
  "Z1899002|7": 16481.513671875,
  "Z2011001|1": 100358.671875,
  "Z2011001|2": 127743.2890625,
  "Z2011001|3": 85905.7109375,
  "Z2011001|6": 0.0,
  "Z2011001|7": 0.0,
  "Z2135001|1": 128553.3125,
  "Z2135001|2": 104312.265625,
  "Z2135001|3": 113513.2578125,
  "Z2135001|4": 46308.96875,
  "Z2135001|5": 13370.3642578125,
  "Z2135001|6": 20781.408203125,
  "Z2135001|7": 15646.265625,
  "Z2135002|1": 104871.8515625,