{
  "Z0241002|1": 84383.7109375,
  "Z0241003|1": 20957.154296875,
  "Z0241004|1": 92456.1640625,
  "Z0241005|1": 33057.328125,
  "Z0241006|1": 23466.2734375,
  "Z0241007|1": 48970.0,
  "Z0241008|1": 16180.404296875,
  "Z0276001|1": 83981.890625,
  "Z0276002|1": 86605.828125,
  "Z0276003|1": 21592.720703125,
  "Z0283001|1": 70408.9140625,
  "Z0284001|1": 163318.359375,
  "Z0386001|1": 85870.078125,
  "Z0386002|1": 93604.734375,
  "Z0386003|1": 81617.453125,
  "Z0386004|1": 5826.00537109375,
  "Z0386005|1": 10884.0126953125,
  "Z0386006|1": 18775.701171875,
  "Z0386007|1": 27557.642578125,
  "Z0646001|1": 102880.015625,
  "Z0646002|1": 98434.25,
  "Z0646003|1": 7065.9951171875,
  "Z0646004|1": 8967.9453125,
  "Z0899001|1": 206240.296875,
  "Z0908001|1": 196031.953125,
  "Z0951001|1": 115024.625,
  "Z0951002|1": 114645.8125,
  "Z0972001|1": 109894.953125,
  "Z1031001|1": 35914.42578125,
  "Z1031002|1": 75060.265625,
  "Z1119001|1": 154931.765625,
  "Z1169001|1": 230673.1875,
  "Z1367001|1": 206045.671875,
  "Z1524001|1": 58700.2890625,
  "Z1665001|1": 149059.484375,
  "Z1769001|1": 133189.125,
  "Z1899001|1": 48454.10546875,
  "Z1899002|1": 61119.12890625,
  "Z2011001|1": 74867.5234375,
  "Z2135001|1": 94966.3515625,
  "Z2135002|1": 97555.859375,
  "Z2136001|1": 51479.234375,
  "Z0241002|2": 104116.4765625,
  "Z0241003|2": 18227.705078125,
  "Z0241004|2": 109561.34375,
  "Z0241005|2": 41422.16796875,
  "Z0241006|2": 20866.66796875,
  "Z0241007|2": 43121.51953125,
  "Z0241008|2": 17551.57421875,
  "Z0276001|2": 70807.484375,
  "Z0276002|2": 56032.3046875,
  "Z0276003|2": 20598.33203125,
  "Z0283001|2": 91382.8359375,
  "Z0284001|2": 204914.765625,
  "Z0386001|2": 79746.8359375,
  "Z0386002|2": 81915.8046875,
  "Z0386003|2": 77944.140625,
  "Z0386004|2": 4288.8251953125,
  "Z0386005|2": 11408.2236328125,
  "Z0386006|2": 16935.921875,
  "Z0386007|2": 25188.53515625,
  "Z0646001|2": 95646.7734375,
  "Z0646002|2": 96107.9765625,
  "Z0646003|2": 8016.001953125,
  "Z0646004|2": 5749.1787109375,
  "Z0899001|2": 212077.015625,
  "Z0908001|2": 203941.546875,
  "Z0951001|2": 117900.03125,
  "Z0951002|2": 121902.0546875,
  "Z0972001|2": 82837.6328125,
  "Z1031001|2": 52634.35546875,
  "Z1031002|2": 65203.53125,
  "Z1119001|2": 188276.4375,
  "Z1169001|2": 116680.125,
  "Z1367001|2": 268072.3125,
  "Z1524001|2": 70139.0234375,
  "Z1665001|2": 83065.46875,
  "Z1769001|2": 129812.1484375,
  "Z1899001|2": 59342.53125,
  "Z1899002|2": 61224.77734375,
  "Z2011001|2": 65613.859375,
  "Z2135001|2": 101702.265625,
  "Z2135002|2": 86792.28125,
  "Z2136001|2": 69906.234375,
  "Z0241002|3": 100484.2265625,
  "Z0241003|3": 22208.34375,
  "Z0241004|3": 111226.21875,
  "Z0241005|3": 35688.62890625,
  "Z0241006|3": 17632.84765625,
  "Z0241007|3": 44621.37890625,
  "Z0241008|3": 16856.029296875,
  "Z0276001|3": 83418.265625,
  "Z0276002|3": 47389.640625,
  "Z0276003|3": 18337.06640625,
  "Z0283001|3": 76804.0234375,
  "Z0284001|3": 135284.5,
  "Z0386001|3": 61672.6796875,
  "Z0386002|3": 79560.421875,
  "Z0386003|3": 80684.953125,
  "Z0386004|3": 9986.8203125,
  "Z0386005|3": 16040.1083984375,
  "Z0386006|3": 19346.423828125,
  "Z0386007|3": 8645.830078125,
  "Z0646001|3": 115986.0625,
  "Z0646002|3": 120709.4453125,
  "Z0646003|3": 7792.1796875,
  "Z0646004|3": 4830.79833984375,
  "Z0899001|3": 163001.390625,
  "Z0908001|3": 194944.484375,
  "Z0951001|3": 121677.8828125,
  "Z0951002|3": 123072.40625,
  "Z0972001|3": 88582.234375,
  "Z1031001|3": 50247.1015625,
  "Z1031002|3": 70701.8203125,
  "Z1119001|3": 204109.265625,
  "Z1169001|3": 119042.859375,
  "Z1367001|3": 156817.71875,
  "Z1524001|3": 56496.12890625,
  "Z1665001|3": 103156.875,
  "Z1769001|3": 109498.1484375,
  "Z1899001|3": 49471.33203125,
  "Z1899002|3": 51646.4296875,
  "Z2011001|3": 87356.1328125,
  "Z2135001|3": 91662.40625,
  "Z2135002|3": 97194.0546875,
  "Z2136001|3": 34651.39453125,
  "Z0241002|4": 125212.53125,
  "Z0241003|4": 57284.77734375,
  "Z0241004|4": 131615.0625,
  "Z0241005|4": 57362.90234375,
  "Z0241006|4": 19898.9375,
  "Z0241007|4": 54781.7109375,
  "Z0241008|4": 21411.033203125,
  "Z0276001|4": 99812.984375,
  "Z0276002|4": 72806.7421875,
  "Z0276003|4": 25178.734375,
  "Z0283001|4": 57363.06640625,
  "Z0284001|4": 199652.953125,
  "Z0386001|4": 117614.8984375,
  "Z0386002|4": 118955.8125,
  "Z0386003|4": 131296.140625,
  "Z0386004|4": 17979.6328125,
  "Z0386005|4": 22083.09765625,
  "Z0386006|4": 35995.453125,
  "Z0386007|4": 12567.8916015625,
  "Z0646001|4": 177303.8125,
  "Z0646002|4": 176231.3125,
  "Z0646003|4": 16489.94140625,
  "Z0646004|4": 2989.619384765625,
  "Z0899001|4": 227179.671875,
  "Z0908001|4": 159329.796875,
  "Z0951001|4": 148707.921875,
  "Z0951002|4": 162386.96875,
  "Z0972001|4": 118172.2265625,
  "Z1031001|4": 72046.0625,
  "Z1031002|4": 97813.7265625,
  "Z1119001|4": 271838.75,
  "Z1169001|4": 225855.21875,
  "Z1367001|4": 279185.59375,
  "Z1524001|4": 93608.9296875,
  "Z1665001|4": 104497.765625,
  "Z1769001|4": 170405.390625,
  "Z1899001|4": 63243.1015625,
  "Z1899002|4": 76332.3046875,
  "Z2011001|4": 100598.140625,
  "Z2135001|4": 133338.84375,
  "Z2135002|4": 114540.7890625,
  "Z2136001|4": 54363.6328125,
  "Z0241002|5": 135201.828125,
  "Z0241003|5": 63120.05859375,
  "Z0241004|5": 132211.375,
  "Z0241005|5": 39288.79296875,
  "Z0241006|5": 14170.2353515625,
  "Z0241007|5": 54966.23828125,
  "Z0241008|5": 18058.375,
  "Z0276001|5": 80577.9140625,
  "Z0276002|5": 62709.47265625,
  "Z0276003|5": 21393.96875,
  "Z0283001|5": 64498.66015625,
  "Z0284001|5": 205173.28125,
  "Z0386001|5": 113300.40625,
  "Z0386002|5": 109364.25,
  "Z0386003|5": 132636.09375,
  "Z0386004|5": 20609.041015625,
  "Z0386005|5": 21628.93359375,
  "Z0386006|5": 26009.162109375,
  "Z0386007|5": 36288.29296875,
  "Z0646001|5": 165213.734375,
  "Z0646002|5": 162227.6875,
  "Z0646003|5": 13912.2509765625,
  "Z0646004|5": 8485.0244140625,
  "Z0899001|5": 272400.875,
  "Z0908001|5": 183750.1875,
  "Z0951001|5": 140580.1875,
  "Z0951002|5": 142912.546875,
  "Z0972001|5": 119065.5703125,
  "Z1031001|5": 66510.8203125,
  "Z1031002|5": 107109.6171875,
  "Z1119001|5": 261806.21875,
  "Z1169001|5": 135951.21875,
  "Z1367001|5": 260276.4375,
  "Z1524001|5": 83452.875,
  "Z1665001|5": 133170.578125,
  "Z1769001|5": 163071.515625,
  "Z1899001|5": 75567.5703125,
  "Z1899002|5": 97871.109375,
  "Z2011001|5": 75036.5,
  "Z2135001|5": 128647.625,
  "Z2135002|5": 135651.796875,
  "Z2136001|5": 37518.44921875,
  "Z0241002|6": 90564.2578125,
  "Z0241003|6": 49771.55078125,
  "Z0241004|6": 81283.359375,
  "Z0241005|6": 29809.50390625,
  "Z0241006|6": 3304.090087890625,
  "Z0241007|6": 46151.3515625,
  "Z0241008|6": 12197.9052734375,
  "Z0276001|6": 63151.546875,
  "Z0276002|6": 43082.140625,
  "Z0276003|6": 15163.4189453125,
  "Z0386001|6": 71250.2265625,
  "Z0386002|6": 76402.1484375,
  "Z0386003|6": 86613.921875,
  "Z0386004|6": 14848.5146484375,
  "Z0386005|6": 12744.25390625,
  "Z0386006|6": 15996.568359375,
  "Z0386007|6": 31395.693359375,
  "Z0646001|6": 77582.234375,
  "Z0646002|6": 81860.1953125,
  "Z0646003|6": 8916.9755859375,
  "Z0646004|6": 4633.28173828125,
  "Z0951001|6": 74099.7890625,
  "Z0951002|6": 78574.203125,
  "Z1031001|6": 32845.046875,
  "Z1031002|6": 59122.390625,
  "Z1119001|6": 161344.828125,
  "Z1524001|6": 68329.890625,
  "Z1899001|6": 44189.71484375,
  "Z1899002|6": 61982.125,
  "Z2135001|6": 80028.9609375,
  "Z2135002|6": 68558.09375,
  "Z0241002|7": 48916.23046875,
  "Z0241003|7": 25739.669921875,
  "Z0241004|7": 42308.51171875,
  "Z0241005|7": 19806.51953125,
  "Z0241006|7": 2441.9345703125,
  "Z0241007|7": 28164.294921875,
  "Z0241008|7": 9800.8623046875,
  "Z0276001|7": 30177.244140625,
  "Z0276002|7": 18449.880859375,
  "Z0276003|7": 14766.1669921875,
  "Z0386001|7": 36016.43359375,
  "Z0386002|7": 35774.609375,
  "Z0386003|7": 44110.38671875,
  "Z0386004|7": 9066.9990234375,
  "Z0386005|7": 10448.771484375,
  "Z0386006|7": 10413.0263671875,
  "Z0386007|7": 24333.98828125,