{
  "Z0241002|1": 44205.19921875,
  "Z0241002|2": 68515.6796875,
  "Z0241002|3": 82926.328125,
  "Z0241002|4": 128352.5234375,
  "Z0241002|5": 125429.2109375,
  "Z0241002|6": 175937.09375,
  "Z0241002|7": 1873.258178710938,
  "Z0241003|1": 30581.62890625,
  "Z0241003|2": 54788.1484375,
  "Z0241003|3": 74938.1796875,
  "Z0241003|4": 67105.6640625,
  "Z0241003|5": 73202.0703125,
  "Z0241003|6": 74583.109375,
  "Z0241003|7": 190.1196594238281,
  "Z0241004|1": 31454.41796875,
  "Z0241004|2": 50687.59765625,
  "Z0241004|3": 104131.171875,
  "Z0241004|4": 104110.6171875,
  "Z0241004|5": 110935.640625,
  "Z0241004|6": 125354.953125,
  "Z0241004|7": 4121.98974609375,
  "Z0241005|1": 11733.0625,
  "Z0241005|2": 31376.220703125,
  "Z0241005|3": 32678.650390625,
  "Z0241005|4": 25033.83984375,
  "Z0241005|5": 32306.33203125,
  "Z0241005|6": 40104.36328125,
  "Z0241005|7": 18435.40234375,
  "Z0241006|1": 32000.513671875,
  "Z0241006|2": 37726.390625,
  "Z0241006|3": 44699.25,
  "Z0241006|4": 38268.2421875,
  "Z0241006|5": 34679.90625,
  "Z0241006|6": 2794.142333984375,
  "Z0241006|7": 1799.266967773438,
  "Z0241007|1": 13940.3720703125,
  "Z0241007|2": 44440.55859375,
  "Z0241007|3": 50676.76953125,
  "Z0241007|4": 39079.390625,
  "Z0241007|5": 42162.671875,
  "Z0241007|6": 45988.796875,
  "Z0241007|7": 18600.994140625,
  "Z0241008|1": 5177.4052734375,
  "Z0241008|2": 5632.3720703125,
  "Z0241008|3": 7511.54248046875,
  "Z0241008|4": 21319.19140625,
  "Z0241008|5": 18257.873046875,
  "Z0241008|6": 19319.51953125,
  "Z0241008|7": 7866.1767578125,
  "Z0276001|1": 22890.46875,
  "Z0276001|2": 68011.078125,
  "Z0276001|3": 70589.9140625,
  "Z0276001|4": 83780.390625,
  "Z0276001|5": 85227.921875,
  "Z0276001|6": 87983.375,
  "Z0276001|7": 25371.154296875,
  "Z0276002|1": 30659.951171875,
  "Z0276002|2": 85708.7421875,
  "Z0276002|3": 75998.5390625,
  "Z0276002|4": 63002.671875,
  "Z0276002|5": 96186.8359375,
  "Z0276002|6": 52714.19140625,
  "Z0276002|7": 13803.361328125,
  "Z0276003|1": 10550.89453125,
  "Z0276003|2": 20410.244140625,
  "Z0276003|3": 34458.390625,
  "Z0276003|4": 38563.76171875,
  "Z0276003|5": 24552.29296875,
  "Z0276003|6": 22166.185546875,
  "Z0276003|7": 11312.39453125,
  "Z0283001|1": 15102.052734375,
  "Z0283001|2": 46101.5625,
  "Z0283001|3": 30346.3515625,
  "Z0283001|4": 31864.625,
  "Z0283001|5": 60649.33984375,
  "Z0283001|6": 0.0,
  "Z0283001|7": 0.0,
  "Z0284001|1": 39383.3046875,
  "Z0284001|2": 117874.515625,
  "Z0284001|3": 112316.5625,
  "Z0284001|4": 77112.65625,
  "Z0284001|5": 114843.765625,
  "Z0284001|6": 0.0,
  "Z0284001|7": 0.0,
  "Z0386001|1": 24099.603515625,
  "Z0386001|2": 45786.5703125,
  "Z0386001|3": 66301.390625,
  "Z0386001|4": 66286.7265625,
  "Z0386001|5": 66061.9921875,
  "Z0386001|6": 60560.15625,
  "Z0386001|7": 26263.548828125,
  "Z0386002|1": 24257.005859375,
  "Z0386002|2": 53980.04296875,
  "Z0386002|3": 60042.0078125,
  "Z0386002|4": 52809.0390625,
  "Z0386002|5": 64349.3046875,
  "Z0386002|6": 53351.80859375,
  "Z0386002|7": 23704.67578125,
  "Z0386003|1": 27072.50390625,
  "Z0386003|2": 66020.234375,
  "Z0386003|3": 68714.7421875,
  "Z0386003|4": 65826.84375,
  "Z0386003|5": 76717.0625,
  "Z0386003|6": 65589.78125,
  "Z0386003|7": 24907.763671875,
  "Z0386004|1": 9416.166015625,
  "Z0386004|2": 11207.9970703125,
  "Z0386004|3": 12470.1201171875,
  "Z0386004|4": 7975.037109375,
  "Z0386004|5": 7854.7060546875,
  "Z0386004|6": 5648.1513671875,
  "Z0386004|7": 3656.718505859375,
  "Z0386005|1": 81.04761505126953,
  "Z0386005|2": 2580.872802734375,
  "Z0386005|3": 5702.4248046875,
  "Z0386005|4": 3980.687255859375,
  "Z0386005|5": 5386.365234375,
  "Z0386005|6": 3643.973876953125,
  "Z0386005|7": 2331.400634765625,
  "Z0386006|1": 5256.78125,
  "Z0386006|2": 12777.984375,
  "Z0386006|3": 15817.763671875,
  "Z0386006|4": 8780.21484375,
  "Z0386006|5": 5736.98095703125,
  "Z0386006|6": 3677.381591796875,
  "Z0386006|7": 2829.910400390625,
  "Z0386007|1": 13657.1298828125,
  "Z0386007|2": 15966.1611328125,
  "Z0386007|3": 21459.3125,
  "Z0386007|4": 22757.337890625,
  "Z0386007|5": 23568.96875,
  "Z0386007|6": 23916.248046875,
  "Z0386007|7": 14630.4873046875,
  "Z0646001|1": 56049.73828125,
  "Z0646001|2": 77226.359375,
  "Z0646001|3": 105584.0625,
  "Z0646001|4": 109783.390625,
  "Z0646001|5": 149530.625,
  "Z0646001|6": 134215.3125,
  "Z0646001|7": 21106.482421875,
  "Z0646002|1": 52123.0,
  "Z0646002|2": 95036.6640625,
  "Z0646002|3": 118459.390625,
  "Z0646002|4": 142858.03125,
  "Z0646002|5": 161589.515625,
  "Z0646002|6": 120796.390625,
  "Z0646002|7": 11022.7314453125,
  "Z0646003|1": 1592.06982421875,
  "Z0646003|2": 2250.03515625,
  "Z0646003|3": 747.1937255859375,
  "Z0646003|4": 6.127171516418457,
  "Z0646003|5": 1505.71142578125,
  "Z0646003|6": 2386.16162109375,
  "Z0646003|7": 2482.462158203125,
  "Z0646004|1": 3133.017333984375,
  "Z0646004|2": 6659.2919921875,
  "Z0646004|3": 6072.7880859375,
  "Z0646004|4": 8014.046875,
  "Z0646004|5": 4312.56787109375,
  "Z0646004|6": 5339.01904296875,
  "Z0646004|7": 2356.337646484375,
  "Z0899001|1": 81805.1015625,
  "Z0899001|2": 118775.6875,
  "Z0899001|3": 146848.0625,
  "Z0899001|4": 132627.859375,
  "Z0899001|5": 131410.125,
  "Z0899001|6": 0.0,
  "Z0899001|7": 0.0,
  "Z0908001|1": 43687.46875,
  "Z0908001|2": 86235.859375,
  "Z0908001|3": 50537.4296875,
  "Z0908001|4": 75638.4453125,
  "Z0908001|5": 98186.171875,
  "Z0908001|6": 0.0,
  "Z0908001|7": 0.0,
  "Z0951001|1": 46541.6953125,
  "Z0951001|2": 99228.328125,
  "Z0951001|3": 126111.09375,
  "Z0951001|4": 108661.3515625,
  "Z0951001|5": 112708.9609375,
  "Z0951001|6": 63065.19140625,
  "Z0951001|7": 23800.81640625,
  "Z0951002|1": 44679.0078125,
  "Z0951002|2": 82452.2265625,
  "Z0951002|3": 120651.3203125,
  "Z0951002|4": 99957.109375,
  "Z0951002|5": 84971.2109375,
  "Z0951002|6": 60227.58984375,
  "Z0951002|7": 125.6186828613281,
  "Z0972001|1": 44525.3203125,
  "Z0972001|2": 67214.2890625,
  "Z0972001|3": 85470.71875,
  "Z0972001|4": 53806.8359375,
  "Z0972001|5": 90622.2421875,
  "Z0972001|6": 0.0,
  "Z0972001|7": 0.0,
  "Z1031001|1": 11201.2216796875,
  "Z1031001|2": 28448.900390625,
  "Z1031001|3": 31960.6796875,
  "Z1031001|4": 26985.193359375,
  "Z1031001|5": 30555.625,
  "Z1031001|6": 34569.9140625,
  "Z1031001|7": 11842.6103515625,
  "Z1031002|1": 21562.033203125,
  "Z1031002|2": 44602.7109375,
  "Z1031002|3": 45896.828125,
  "Z1031002|4": 47173.30078125,
  "Z1031002|5": 57324.30078125,
  "Z1031002|6": 50953.82421875,
  "Z1031002|7": 20010.72265625,
  "Z1119001|1": 47909.15234375,
  "Z1119001|2": 76625.296875,
  "Z1119001|3": 86425.6328125,
  "Z1119001|4": 66770.3828125,
  "Z1119001|5": 93205.7578125,
  "Z1119001|6": 67265.140625,
  "Z1119001|7": 17747.7421875,
  "Z1169001|1": 54533.49609375,
  "Z1169001|2": 61579.9453125,
  "Z1169001|3": 63484.22265625,
  "Z1169001|4": 76744.6484375,
  "Z1169001|5": 78034.3671875,
  "Z1169001|6": 0.0,
  "Z1169001|7": 0.0,
  "Z1367001|1": 75166.71875,
  "Z1367001|2": 88508.7734375,
  "Z1367001|3": 121221.65625,
  "Z1367001|4": 147599.640625,
  "Z1367001|5": 166192.390625,
  "Z1367001|6": 0.0,
  "Z1367001|7": 0.0,
  "Z1524001|1": 33599.97265625,
  "Z1524001|2": 62846.22265625,
  "Z1524001|3": 109140.7578125,
  "Z1524001|4": 114492.296875,
  "Z1524001|5": 147155.359375,
  "Z1524001|6": 140730.28125,
  "Z1524001|7": 11640.29296875,
  "Z1665001|1": 42106.2890625,
  "Z1665001|2": 80906.796875,
  "Z1665001|3": 119224.1875,
  "Z1665001|4": 86467.59375,
  "Z1665001|5": 104078.15625,
  "Z1665001|6": 0.0,
  "Z1665001|7": 0.0,
  "Z1769001|1": 42941.81640625,
  "Z1769001|2": 89554.4921875,
  "Z1769001|3": 121605.9609375,
  "Z1769001|4": 138055.8125,
  "Z1769001|5": 120823.1171875,
  "Z1769001|6": 0.0,
  "Z1769001|7": 0.0,
  "Z1899001|1": 13446.919921875,
  "Z1899001|2": 60943.4140625,
  "Z1899001|3": 64811.78515625,
  "Z1899001|4": 64468.16796875,
  "Z1899001|5": 68034.890625,
  "Z1899001|6": 41054.41796875,
  "Z1899001|7": 14478.3515625,