{
  "Z0241002|1": 15724.294921875,
  "Z0241002|2": 31730.755859375,
  "Z0241002|3": 39854.57421875,
  "Z0241002|4": 42393.53125,
  "Z0241002|5": 54549.87109375,
  "Z0241002|6": 33251.9453125,
  "Z0241002|7": 41329.87109375,
  "Z0241003|1": 25155.4296875,
  "Z0241003|2": 12038.0546875,
  "Z0241003|3": 6448.48291015625,
  "Z0241003|4": 4644.10888671875,
  "Z0241003|5": 3156.8291015625,
  "Z0241003|6": 2920.167724609375,
  "Z0241003|7": 4390.4716796875,
  "Z0241004|1": 19294.609375,
  "Z0241004|2": 12862.28515625,
  "Z0241004|3": 7169.3271484375,
  "Z0241004|4": 6531.5869140625,
  "Z0241004|5": 3666.126953125,
  "Z0241004|6": 7237.65576171875,
  "Z0241004|7": 8663.3466796875,
  "Z0241005|1": 11242.20703125,
  "Z0241005|2": 11269.130859375,
  "Z0241005|3": 8958.6015625,
  "Z0241005|4": 9540.1123046875,
  "Z0241005|5": 7896.0615234375,
  "Z0241005|6": 13241.669921875,
  "Z0241005|7": 9162.853515625,
  "Z0241006|1": 16254.4599609375,
  "Z0241006|2": 12499.2763671875,
  "Z0241006|3": 15065.5107421875,
  "Z0241006|4": 9538.6201171875,
  "Z0241006|5": 9038.0830078125,
  "Z0241006|6": 4718.89697265625,
  "Z0241006|7": 292.3877868652344,
  "Z0241007|1": 11879.732421875,
  "Z0241007|2": 9435.810546875,
  "Z0241007|3": 10183.501953125,
  "Z0241007|4": 9733.890625,
  "Z0241007|5": 9688.837890625,
  "Z0241007|6": 11815.583984375,
  "Z0241007|7": 9672.7353515625,
  "Z0241008|1": 7888.7294921875,
  "Z0241008|2": 7255.3916015625,
  "Z0241008|3": 4897.21875,
  "Z0241008|4": 3961.50146484375,
  "Z0241008|5": 5132.3427734375,
  "Z0241008|6": 7027.87109375,
  "Z0241008|7": 8036.1044921875,
  "Z0276001|1": 36482.48046875,
  "Z0276001|2": 10034.2822265625,
  "Z0276001|3": 21455.716796875,
  "Z0276001|4": 10943.66796875,
  "Z0276001|5": 9285.21875,
  "Z0276001|6": 1628.200927734375,
  "Z0276001|7": 13750.982421875,
  "Z0276002|1": 34845.39453125,
  "Z0276002|2": 23276.189453125,
  "Z0276002|3": 10417.3173828125,
  "Z0276002|4": 7212.7431640625,
  "Z0276002|5": 11490.099609375,
  "Z0276002|6": 602.9972534179688,
  "Z0276002|7": 6618.48193359375,
  "Z0276003|1": 10410.24609375,
  "Z0276003|2": 6779.40185546875,
  "Z0276003|3": 4374.369140625,
  "Z0276003|4": 4281.00634765625,
  "Z0276003|5": 5258.7744140625,
  "Z0276003|6": 5931.443359375,
  "Z0276003|7": 236.1023864746094,
  "Z0283001|1": 18854.458984375,
  "Z0283001|2": 35037.50390625,
  "Z0283001|3": 20971.23046875,
  "Z0283001|4": 23123.41015625,
  "Z0283001|5": 19695.5703125,
  "Z0283001|6": 0.0,
  "Z0283001|7": 0.0,
  "Z0284001|1": 76798.828125,
  "Z0284001|2": 51762.0625,
  "Z0284001|3": 55231.0234375,
  "Z0284001|4": 53758.96875,
  "Z0284001|5": 90569.9609375,
  "Z0284001|6": 0.0,
  "Z0284001|7": 0.0,
  "Z0386001|1": 25829.427734375,
  "Z0386001|2": 23152.09765625,
  "Z0386001|3": 18521.37109375,
  "Z0386001|4": 20158.681640625,
  "Z0386001|5": 15136.8603515625,
  "Z0386001|6": 20668.466796875,
  "Z0386001|7": 13656.7880859375,
  "Z0386002|1": 28231.90234375,
  "Z0386002|2": 27971.587890625,
  "Z0386002|3": 18773.552734375,
  "Z0386002|4": 17531.75,
  "Z0386002|5": 12599.4921875,
  "Z0386002|6": 14513.0908203125,
  "Z0386002|7": 13532.5751953125,
  "Z0386003|1": 28417.673828125,
  "Z0386003|2": 24974.78125,
  "Z0386003|3": 18965.517578125,
  "Z0386003|4": 20589.572265625,
  "Z0386003|5": 15486.7587890625,
  "Z0386003|6": 17466.09375,
  "Z0386003|7": 14340.8779296875,
  "Z0386004|1": 4093.972900390625,
  "Z0386004|2": 6810.095703125,
  "Z0386004|3": 5534.8447265625,
  "Z0386004|4": 5996.7666015625,
  "Z0386004|5": 5357.05419921875,
  "Z0386004|6": 8241.4716796875,
  "Z0386004|7": 9412.87109375,
  "Z0386005|1": 4742.32568359375,
  "Z0386005|2": 5107.2265625,
  "Z0386005|3": 5011.2392578125,
  "Z0386005|4": 3307.473876953125,
  "Z0386005|5": 3737.349365234375,
  "Z0386005|6": 4374.47314453125,
  "Z0386005|7": 6160.84423828125,
  "Z0386006|1": 3895.40966796875,
  "Z0386006|2": 4201.654296875,
  "Z0386006|3": 3935.1220703125,
  "Z0386006|4": 4593.0927734375,
  "Z0386006|5": 3498.744384765625,
  "Z0386006|6": 5116.99365234375,
  "Z0386006|7": 6578.83056640625,
  "Z0386007|1": 14261.712890625,
  "Z0386007|2": 12652.814453125,
  "Z0386007|3": 7171.830078125,
  "Z0386007|4": 8329.37109375,
  "Z0386007|5": 2739.881103515625,
  "Z0386007|6": 4716.47607421875,
  "Z0386007|7": 7049.02490234375,
  "Z0646001|1": 43731.26953125,
  "Z0646001|2": 26704.607421875,
  "Z0646001|3": 11072.7646484375,
  "Z0646001|4": 10316.75,
  "Z0646001|5": 9486.994140625,
  "Z0646001|6": 1897.006958007812,
  "Z0646001|7": 462.4608764648438,
  "Z0646002|1": 37247.7421875,
  "Z0646002|2": 21812.9921875,
  "Z0646002|3": 10151.31640625,
  "Z0646002|4": 8350.8720703125,
  "Z0646002|5": 7349.80419921875,
  "Z0646002|6": 2456.11376953125,
  "Z0646002|7": 415.751953125,
  "Z0646003|1": 1327.939208984375,
  "Z0646003|2": 1303.277709960938,
  "Z0646003|3": 1312.588745117188,
  "Z0646003|4": 2205.767578125,
  "Z0646003|5": 399.6400756835938,
  "Z0646003|6": 1791.841552734375,
  "Z0646003|7": 1525.441040039062,
  "Z0646004|1": 900.933349609375,
  "Z0646004|2": 532.5785522460938,
  "Z0646004|3": 434.2109985351562,
  "Z0646004|4": 611.37744140625,
  "Z0646004|5": 760.3217163085938,
  "Z0646004|6": 1007.003723144531,
  "Z0646004|7": 1086.511352539062,
  "Z0899001|1": 82735.0703125,
  "Z0899001|2": 41314.3828125,
  "Z0899001|3": 82756.3046875,
  "Z0899001|4": 40604.16015625,
  "Z0899001|5": 39997.74609375,
  "Z0899001|6": 0.0,
  "Z0899001|7": 0.0,
  "Z0908001|1": 42306.53515625,
  "Z0908001|2": 41430.703125,
  "Z0908001|3": 34046.68359375,
  "Z0908001|4": 25503.4296875,
  "Z0908001|5": 154119.328125,
  "Z0908001|6": 0.0,
  "Z0908001|7": 0.0,
  "Z0951001|1": 45947.8828125,
  "Z0951001|2": 43796.08984375,
  "Z0951001|3": 32588.876953125,
  "Z0951001|4": 30918.013671875,
  "Z0951001|5": 26658.21875,
  "Z0951001|6": 29922.099609375,
  "Z0951001|7": 23960.822265625,
  "Z0951002|1": 62999.8984375,
  "Z0951002|2": 55034.21875,
  "Z0951002|3": 44920.8203125,
  "Z0951002|4": 34464.5234375,
  "Z0951002|5": 27953.80078125,
  "Z0951002|6": 33486.16796875,
  "Z0951002|7": 19577.15625,
  "Z0972001|1": 35064.1484375,
  "Z0972001|2": 26132.88671875,
  "Z0972001|3": 44199.83203125,
  "Z0972001|4": 24056.5546875,
  "Z0972001|5": 25126.34375,
  "Z0972001|6": 0.0,
  "Z0972001|7": 0.0,
  "Z1031001|1": 15420.1259765625,
  "Z1031001|2": 9993.443359375,
  "Z1031001|3": 9698.0185546875,
  "Z1031001|4": 9559.33984375,
  "Z1031001|5": 7856.66650390625,
  "Z1031001|6": 10853.763671875,
  "Z1031001|7": 3487.770751953125,
  "Z1031002|1": 18764.69140625,
  "Z1031002|2": 15061.904296875,
  "Z1031002|3": 13056.6435546875,
  "Z1031002|4": 12396.830078125,
  "Z1031002|5": 13680.87890625,
  "Z1031002|6": 14191.6455078125,
  "Z1031002|7": 13134.9189453125,
  "Z1119001|1": 31537.94140625,
  "Z1119001|2": 21154.89453125,
  "Z1119001|3": 19091.154296875,
  "Z1119001|4": 17672.39453125,
  "Z1119001|5": 12051.759765625,
  "Z1119001|6": 15903.6064453125,
  "Z1119001|7": 32209.439453125,
  "Z1169001|1": 88730.1953125,
  "Z1169001|2": 37076.7734375,
  "Z1169001|3": 30147.81640625,
  "Z1169001|4": 28349.701171875,
  "Z1169001|5": 46410.21875,
  "Z1169001|6": 0.0,
  "Z1169001|7": 0.0,
  "Z1367001|1": 110418.4375,
  "Z1367001|2": 86435.2734375,
  "Z1367001|3": 48899.53125,
  "Z1367001|4": 52842.48046875,
  "Z1367001|5": 56574.4140625,
  "Z1367001|6": 0.0,
  "Z1367001|7": 0.0,
  "Z1524001|1": 34746.37109375,
  "Z1524001|2": 23154.12890625,
  "Z1524001|3": 18516.990234375,
  "Z1524001|4": 11052.8125,
  "Z1524001|5": 18936.58203125,
  "Z1524001|6": 17098.822265625,
  "Z1524001|7": 15631.6787109375,
  "Z1665001|1": 45573.9609375,
  "Z1665001|2": 33581.47265625,
  "Z1665001|3": 42217.5,
  "Z1665001|4": 35266.64453125,
  "Z1665001|5": 36162.953125,
  "Z1665001|6": 0.0,
  "Z1665001|7": 0.0,
  "Z1769001|1": 51014.25390625,
  "Z1769001|2": 39092.90625,
  "Z1769001|3": 34197.484375,
  "Z1769001|4": 26215.86328125,
  "Z1769001|5": 30911.26171875,
  "Z1769001|6": 0.0,
  "Z1769001|7": 0.0,
  "Z1899001|1": 27644.80078125,