{
  "Z0241002|1": 62439.49609375,
  "Z0241003|1": 71730.6875,
  "Z0241004|1": 81485.0,
  "Z0241005|1": 33829.01953125,
  "Z0241006|1": 11278.1416015625,
  "Z0241007|1": 37314.16015625,
  "Z0241008|1": 12681.75,
  "Z0276001|1": 70764.2109375,
  "Z0276002|1": 70808.5,
  "Z0276003|1": 9291.4287109375,
  "Z0283001|1": 46275.63671875,
  "Z0284001|1": 94436.0234375,
  "Z0386001|1": 57365.36328125,
  "Z0386002|1": 50676.56640625,
  "Z0386003|1": 56097.375,
  "Z0386004|1": 5771.0791015625,
  "Z0386005|1": 8715.1611328125,
  "Z0386006|1": 6069.07568359375,
  "Z0386007|1": 31534.6328125,
  "Z0646001|1": 97755.2578125,
  "Z0646002|1": 97702.59375,
  "Z0646003|1": 2885.815673828125,
  "Z0646004|1": 6183.98193359375,
  "Z0899001|1": 175749.453125,
  "Z0908001|1": 112126.4921875,
  "Z0951001|1": 95625.515625,
  "Z0951002|1": 78278.765625,
  "Z0972001|1": 75415.875,
  "Z1031001|1": 23661.791015625,
  "Z1031002|1": 56995.25390625,
  "Z1119001|1": 40397.9375,
  "Z1169001|1": 87617.28125,
  "Z1367001|1": 187185.21875,
  "Z1524001|1": 79942.0,
  "Z1665001|1": 82330.9765625,
  "Z1769001|1": 141936.484375,
  "Z1899001|1": 61210.82421875,
  "Z1899002|1": 67887.1015625,
  "Z2011001|1": 51662.73828125,
  "Z2135001|1": 96883.8515625,
  "Z2135002|1": 91511.9140625,
  "Z2136001|1": 34730.56640625,
  "Z0241002|2": 54796.1328125,
  "Z0241003|2": 60231.02734375,
  "Z0241004|2": 68715.125,
  "Z0241005|2": 26326.205078125,
  "Z0241006|2": 6968.33837890625,
  "Z0241007|2": 26297.923828125,
  "Z0241008|2": 12021.2236328125,
  "Z0276001|2": 49128.71875,
  "Z0276002|2": 47627.375,
  "Z0276003|2": 13261.9052734375,
  "Z0283001|2": 45130.28515625,
  "Z0284001|2": 80153.6171875,
  "Z0386001|2": 41115.921875,
  "Z0386002|2": 40757.13671875,
  "Z0386003|2": 41277.75390625,
  "Z0386004|2": 6578.17138671875,
  "Z0386005|2": 7585.29931640625,
  "Z0386006|2": 5274.6796875,
  "Z0386007|2": 19823.962890625,
  "Z0646001|2": 59854.7578125,
  "Z0646002|2": 60882.46875,
  "Z0646003|2": 2511.064697265625,
  "Z0646004|2": 1179.252807617188,
  "Z0899001|2": 99812.3203125,
  "Z0908001|2": 88204.3203125,
  "Z0951001|2": 75852.046875,
  "Z0951002|2": 76150.09375,
  "Z0972001|2": 65056.81640625,
  "Z1031001|2": 22736.32421875,
  "Z1031002|2": 26043.291015625,
  "Z1119001|2": 59965.88671875,
  "Z1169001|2": 55287.9375,
  "Z1367001|2": 92463.5703125,
  "Z1524001|2": 54913.31640625,
  "Z1665001|2": 49447.74609375,
  "Z1769001|2": 92784.6640625,
  "Z1899001|2": 34511.921875,
  "Z1899002|2": 38689.44140625,
  "Z2011001|2": 24238.189453125,
  "Z2135001|2": 66105.59375,
  "Z2135002|2": 69654.875,
  "Z2136001|2": 24389.353515625,
  "Z0241002|3": 42632.703125,
  "Z0241003|3": 32586.701171875,
  "Z0241004|3": 37706.015625,
  "Z0241005|3": 13404.48046875,
  "Z0241006|3": 4890.6923828125,
  "Z0241007|3": 15342.11328125,
  "Z0241008|3": 5990.09521484375,
  "Z0276001|3": 34061.94921875,
  "Z0276002|3": 36294.48828125,
  "Z0276003|3": 10857.0771484375,
  "Z0283001|3": 24330.134765625,
  "Z0284001|3": 42749.3515625,
  "Z0386001|3": 31676.330078125,
  "Z0386002|3": 23991.66796875,
  "Z0386003|3": 32739.091796875,
  "Z0386004|3": 4869.4658203125,
  "Z0386005|3": 4302.4375,
  "Z0386006|3": 4240.0283203125,
  "Z0386007|3": 13644.8359375,
  "Z0646001|3": 48615.37109375,
  "Z0646002|3": 38182.453125,
  "Z0646003|3": 2522.587890625,
  "Z0646004|3": 1241.94921875,
  "Z0899001|3": 53073.2421875,
  "Z0908001|3": 66908.953125,
  "Z0951001|3": 52737.4609375,
  "Z0951002|3": 55645.15625,
  "Z0972001|3": 43105.89453125,
  "Z1031001|3": 17548.208984375,
  "Z1031002|3": 23295.755859375,
  "Z1119001|3": 27527.513671875,
  "Z1169001|3": 58814.2109375,
  "Z1367001|3": 72997.453125,
  "Z1524001|3": 27242.23828125,
  "Z1665001|3": 46073.59765625,
  "Z1769001|3": 53123.375,
  "Z1899001|3": 15302.5693359375,
  "Z1899002|3": 20623.197265625,
  "Z2011001|3": 21882.5234375,
  "Z2135001|3": 41592.06640625,
  "Z2135002|3": 42139.33984375,
  "Z2136001|3": 12114.9140625,
  "Z0241002|4": 24801.697265625,
  "Z0241003|4": 23984.32421875,
  "Z0241004|4": 29002.236328125,
  "Z0241005|4": 10020.28125,
  "Z0241006|4": 5149.7119140625,
  "Z0241007|4": 13470.7783203125,
  "Z0241008|4": 7141.56298828125,
  "Z0276001|4": 23905.8125,
  "Z0276002|4": 29085.75,
  "Z0276003|4": 8252.7666015625,
  "Z0283001|4": 16897.443359375,
  "Z0284001|4": 59834.49609375,
  "Z0386001|4": 23202.4296875,
  "Z0386002|4": 29151.2890625,
  "Z0386003|4": 30239.38671875,
  "Z0386004|4": 5459.1748046875,
  "Z0386005|4": 5654.4619140625,
  "Z0386006|4": 4412.88037109375,
  "Z0386007|4": 12313.6484375,
  "Z0646001|4": 38664.94921875,
  "Z0646002|4": 34897.97265625,
  "Z0646003|4": 1616.5810546875,
  "Z0646004|4": 1140.78662109375,
  "Z0899001|4": 60623.015625,
  "Z0908001|4": 46832.1640625,
  "Z0951001|4": 38455.4765625,
  "Z0951002|4": 34939.80078125,
  "Z0972001|4": 33168.296875,
  "Z1031001|4": 12672.4755859375,
  "Z1031002|4": 20614.25,
  "Z1119001|4": 22549.228515625,
  "Z1169001|4": 35142.71875,
  "Z1367001|4": 61064.30078125,
  "Z1524001|4": 16706.09765625,
  "Z1665001|4": 45873.359375,
  "Z1769001|4": 32486.537109375,
  "Z1899001|4": 14610.87890625,
  "Z1899002|4": 17757.376953125,
  "Z2011001|4": 13240.6474609375,
  "Z2135001|4": 29059.908203125,
  "Z2135002|4": 28765.3359375,
  "Z2136001|4": 10006.0517578125,
  "Z0241002|5": 23200.083984375,
  "Z0241003|5": 23072.810546875,
  "Z0241004|5": 26909.724609375,
  "Z0241005|5": 12113.8046875,
  "Z0241006|5": 6121.708984375,
  "Z0241007|5": 9245.064453125,
  "Z0241008|5": 6000.35400390625,
  "Z0276001|5": 19398.490234375,
  "Z0276002|5": 31223.51953125,
  "Z0276003|5": 8361.0732421875,
  "Z0283001|5": 16814.283203125,
  "Z0284001|5": 48577.64453125,
  "Z0386001|5": 24756.794921875,
  "Z0386002|5": 23830.96484375,
  "Z0386003|5": 27410.8828125,
  "Z0386004|5": 5805.97900390625,
  "Z0386005|5": 6319.65625,
  "Z0386006|5": 4439.572265625,
  "Z0386007|5": 13038.9111328125,
  "Z0646001|5": 38606.65625,
  "Z0646002|5": 35006.84375,
  "Z0646003|5": 1346.673828125,
  "Z0646004|5": 921.26513671875,
  "Z0899001|5": 49874.18359375,
  "Z0908001|5": 49469.9609375,
  "Z0951001|5": 39961.9453125,
  "Z0951002|5": 30387.34765625,
  "Z0972001|5": 49037.484375,
  "Z1031001|5": 11974.935546875,
  "Z1031002|5": 17912.845703125,
  "Z1119001|5": 23205.373046875,
  "Z1169001|5": 31319.791015625,
  "Z1367001|5": 77893.390625,
  "Z1524001|5": 22682.58984375,
  "Z1665001|5": 33458.140625,
  "Z1769001|5": 33277.32421875,
  "Z1899001|5": 13963.26953125,
  "Z1899002|5": 17753.24609375,
  "Z2011001|5": 21014.67578125,
  "Z2135001|5": 24982.0703125,
  "Z2135002|5": 24039.744140625,
  "Z2136001|5": 26207.9140625,
  "Z0241002|6": 15361.103515625,
  "Z0241003|6": 12563.99609375,
  "Z0241004|6": 13707.4189453125,
  "Z0241005|6": 6841.939453125,
  "Z0241006|6": 2245.001953125,
  "Z0241007|6": 6783.76171875,
  "Z0241008|6": 5513.66748046875,
  "Z0276001|6": 19325.97265625,
  "Z0276002|6": 13221.2646484375,
  "Z0276003|6": 3478.80908203125,
  "Z0386001|6": 15457.9091796875,
  "Z0386002|6": 17374.001953125,
  "Z0386003|6": 16345.4814453125,
  "Z0386004|6": 3688.51806640625,
  "Z0386005|6": 2293.024169921875,
  "Z0386006|6": 2685.871826171875,
  "Z0386007|6": 11924.0830078125,
  "Z0646001|6": 23786.142578125,
  "Z0646002|6": 20048.89453125,
  "Z0646003|6": 1988.352294921875,
  "Z0646004|6": 978.9683837890625,
  "Z0951001|6": 14675.3017578125,
  "Z0951002|6": 8216.37890625,
  "Z1031001|6": 4642.0009765625,
  "Z1031002|6": 10377.966796875,
  "Z1119001|6": 15927.4228515625,
  "Z1524001|6": 14924.5576171875,
  "Z1899001|6": 5529.9423828125,
  "Z1899002|6": 10231.9375,
  "Z2135001|6": 16287.0166015625,
  "Z2135002|6": 14452.177734375,
  "Z0241002|7": 10064.138671875,
  "Z0241003|7": 9912.9521484375,
  "Z0241004|7": 10560.8037109375,
  "Z0241005|7": 4764.251953125,
  "Z0241006|7": 111.451042175293,
  "Z0241007|7": 4492.42626953125,
  "Z0241008|7": 1931.83544921875,
  "Z0276001|7": 12469.7109375,
  "Z0276002|7": 8488.287109375,
  "Z0276003|7": 3839.4013671875,