{
  "Z0241002|1": 106555.5703125,
  "Z0241002|2": 57241.52734375,
  "Z0241002|3": 66784.453125,
  "Z0241002|4": 69906.234375,
  "Z0241002|5": 97403.671875,
  "Z0241002|6": 95817.859375,
  "Z0241002|7": 87560.3984375,
  "Z0241003|1": 55016.84765625,
  "Z0241003|2": 35806.421875,
  "Z0241003|3": 34780.55078125,
  "Z0241003|4": 35995.7265625,
  "Z0241003|5": 59186.421875,
  "Z0241003|6": 13553.6689453125,
  "Z0241003|7": 46847.6640625,
  "Z0241004|1": 50945.36328125,
  "Z0241004|2": 32214.384765625,
  "Z0241004|3": 33828.79296875,
  "Z0241004|4": 32091.728515625,
  "Z0241004|5": 68323.765625,
  "Z0241004|6": 45809.6640625,
  "Z0241004|7": 49815.5234375,
  "Z0241005|1": 18650.75390625,
  "Z0241005|2": 17513.6328125,
  "Z0241005|3": 13777.0009765625,
  "Z0241005|4": 14232.2001953125,
  "Z0241005|5": 26244.95703125,
  "Z0241005|6": 20589.591796875,
  "Z0241005|7": 22695.486328125,
  "Z0241006|1": 19550.529296875,
  "Z0241006|2": 39748.5546875,
  "Z0241006|3": 36227.43359375,
  "Z0241006|4": 25012.275390625,
  "Z0241006|5": 24505.0234375,
  "Z0241006|6": 846.7054443359375,
  "Z0241006|7": 254.1384124755859,
  "Z0241007|1": 17105.705078125,
  "Z0241007|2": 11930.146484375,
  "Z0241007|3": 8283.8310546875,
  "Z0241007|4": 9440.4736328125,
  "Z0241007|5": 655.614013671875,
  "Z0241007|6": 21.92281150817871,
  "Z0241007|7": 13.5904369354248,
  "Z0241008|1": 6947.41357421875,
  "Z0241008|2": 6118.28857421875,
  "Z0241008|3": 3508.7314453125,
  "Z0241008|4": 6533.25048828125,
  "Z0241008|5": 10338.4208984375,
  "Z0241008|6": 9964.052734375,
  "Z0241008|7": 5965.03662109375,
  "Z0276001|1": 34821.609375,
  "Z0276001|2": 25912.478515625,
  "Z0276001|3": 30385.291015625,
  "Z0276001|4": 31861.177734375,
  "Z0276001|5": 74221.65625,
  "Z0276001|6": 33933.48828125,
  "Z0276001|7": 26480.79296875,
  "Z0276002|1": 29914.451171875,
  "Z0276002|2": 26768.07421875,
  "Z0276002|3": 22900.890625,
  "Z0276002|4": 21096.748046875,
  "Z0276002|5": 43449.33203125,
  "Z0276002|6": 32916.984375,
  "Z0276002|7": 27044.412109375,
  "Z0276003|1": 6795.73583984375,
  "Z0276003|2": 3459.587890625,
  "Z0276003|3": 4265.13818359375,
  "Z0276003|4": 4431.27978515625,
  "Z0276003|5": 10333.2353515625,
  "Z0276003|6": 9469.05078125,
  "Z0276003|7": 8334.6552734375,
  "Z0283001|1": 9739.84375,
  "Z0283001|2": 10979.8525390625,
  "Z0283001|3": 18706.171875,
  "Z0283001|4": 10099.5146484375,
  "Z0283001|5": 27236.783203125,
  "Z0283001|6": 0.0,
  "Z0283001|7": 0.0,
  "Z0284001|1": 32568.154296875,
  "Z0284001|2": 39835.8046875,
  "Z0284001|3": 32543.470703125,
  "Z0284001|4": 32323.791015625,
  "Z0284001|5": 103815.6484375,
  "Z0284001|6": 0.0,
  "Z0284001|7": 0.0,
  "Z0386001|1": 25527.544921875,
  "Z0386001|2": 22161.5,
  "Z0386001|3": 24083.94140625,
  "Z0386001|4": 19975.794921875,
  "Z0386001|5": 37244.046875,
  "Z0386001|6": 44393.35546875,
  "Z0386001|7": 36619.71875,
  "Z0386002|1": 28490.1015625,
  "Z0386002|2": 23262.275390625,
  "Z0386002|3": 21526.59375,
  "Z0386002|4": 18510.2109375,
  "Z0386002|5": 36625.09765625,
  "Z0386002|6": 43002.9140625,
  "Z0386002|7": 33963.33984375,
  "Z0386003|1": 31286.564453125,
  "Z0386003|2": 22701.720703125,
  "Z0386003|3": 16042.81640625,
  "Z0386003|4": 19460.400390625,
  "Z0386003|5": 49543.23828125,
  "Z0386003|6": 17001.984375,
  "Z0386003|7": 9262.142578125,
  "Z0386004|1": 8140.6748046875,
  "Z0386004|2": 5827.9677734375,
  "Z0386004|3": 7738.615234375,
  "Z0386004|4": 7101.19580078125,
  "Z0386004|5": 7467.69921875,
  "Z0386004|6": 7650.087890625,
  "Z0386004|7": 12340.11328125,
  "Z0386005|1": 1105.277099609375,
  "Z0386005|2": 755.7122192382812,
  "Z0386005|3": 850.5753173828125,
  "Z0386005|4": 133.4513244628906,
  "Z0386005|5": 2543.001708984375,
  "Z0386005|6": 3501.01806640625,
  "Z0386005|7": 2973.233642578125,
  "Z0386006|1": 1893.546508789062,
  "Z0386006|2": 1524.5263671875,
  "Z0386006|3": 1551.044921875,
  "Z0386006|4": 1976.697021484375,
  "Z0386006|5": 6837.37939453125,
  "Z0386006|6": 5980.60107421875,
  "Z0386006|7": 5261.87548828125,
  "Z0386007|1": 10690.5126953125,
  "Z0386007|2": 7672.9384765625,
  "Z0386007|3": 8192.12890625,
  "Z0386007|4": 2919.772216796875,
  "Z0386007|5": 16050.177734375,
  "Z0386007|6": 23352.791015625,
  "Z0386007|7": 23009.34765625,
  "Z0646001|1": 62555.125,
  "Z0646001|2": 32744.4921875,
  "Z0646001|3": 33909.7734375,
  "Z0646001|4": 32327.490234375,
  "Z0646001|5": 76996.171875,
  "Z0646001|6": 46747.78125,
  "Z0646001|7": 54503.3828125,
  "Z0646002|1": 52815.77734375,
  "Z0646002|2": 30963.662109375,
  "Z0646002|3": 32106.20703125,
  "Z0646002|4": 33311.90234375,
  "Z0646002|5": 57604.4453125,
  "Z0646002|6": 44251.203125,
  "Z0646002|7": 42562.91015625,
  "Z0646003|1": 910.9886474609375,
  "Z0646003|2": 859.7650146484375,
  "Z0646003|3": 541.6683349609375,
  "Z0646003|4": 667.3495483398438,
  "Z0646003|5": 2069.092041015625,
  "Z0646003|6": 1996.793701171875,
  "Z0646003|7": 1767.807250976562,
  "Z0646004|1": 2716.74169921875,
  "Z0646004|2": 495.4107360839844,
  "Z0646004|3": 514.7293701171875,
  "Z0646004|4": 359.6429443359375,
  "Z0646004|5": 1258.127197265625,
  "Z0646004|6": 2095.43994140625,
  "Z0646004|7": 3177.243896484375,
  "Z0899001|1": 67110.328125,
  "Z0899001|2": 52952.40625,
  "Z0899001|3": 72676.1171875,
  "Z0899001|4": 46139.51171875,
  "Z0899001|5": 94407.390625,
  "Z0899001|6": 0.0,
  "Z0899001|7": 0.0,
  "Z0908001|1": 82201.5234375,
  "Z0908001|2": 30624.28515625,
  "Z0908001|3": 24808.462890625,
  "Z0908001|4": 24652.01953125,
  "Z0908001|5": 140044.390625,
  "Z0908001|6": 0.0,
  "Z0908001|7": 0.0,
  "Z0951001|1": 78161.6484375,
  "Z0951001|2": 52195.9140625,
  "Z0951001|3": 46142.15234375,
  "Z0951001|4": 43375.1796875,
  "Z0951001|5": 79534.9296875,
  "Z0951001|6": 55752.30078125,
  "Z0951001|7": 38661.73828125,
  "Z0951002|1": 74219.4609375,
  "Z0951002|2": 41540.61328125,
  "Z0951002|3": 46845.7421875,
  "Z0951002|4": 39684.46875,
  "Z0951002|5": 74581.828125,
  "Z0951002|6": 51830.875,
  "Z0951002|7": 24084.1953125,
  "Z0972001|1": 47602.8515625,
  "Z0972001|2": 27171.505859375,
  "Z0972001|3": 12688.4521484375,
  "Z0972001|4": 24612.083984375,
  "Z0972001|5": 51781.3671875,
  "Z0972001|6": 0.0,
  "Z0972001|7": 0.0,
  "Z1031001|1": 15519.5087890625,
  "Z1031001|2": 7650.8173828125,
  "Z1031001|3": 8470.8095703125,
  "Z1031001|4": 7860.10693359375,
  "Z1031001|5": 15347.6455078125,
  "Z1031001|6": 15068.6005859375,
  "Z1031001|7": 13352.9052734375,
  "Z1031002|1": 30832.6484375,
  "Z1031002|2": 17743.15625,
  "Z1031002|3": 16756.5390625,
  "Z1031002|4": 16771.583984375,
  "Z1031002|5": 32561.662109375,
  "Z1031002|6": 26449.369140625,
  "Z1031002|7": 31194.380859375,
  "Z1119001|1": 38172.66015625,
  "Z1119001|2": 26141.66015625,
  "Z1119001|3": 28824.296875,
  "Z1119001|4": 24591.740234375,
  "Z1119001|5": 59479.81640625,
  "Z1119001|6": 70885.59375,
  "Z1119001|7": 64362.73828125,
  "Z1169001|1": 75720.8671875,
  "Z1169001|2": 34618.19921875,
  "Z1169001|3": 21527.044921875,
  "Z1169001|4": 30818.71484375,
  "Z1169001|5": 69658.8671875,
  "Z1169001|6": 0.0,
  "Z1169001|7": 0.0,
  "Z1367001|1": 88526.578125,
  "Z1367001|2": 44582.54296875,
  "Z1367001|3": 44033.765625,
  "Z1367001|4": 32546.57421875,
  "Z1367001|5": 130377.40625,
  "Z1367001|6": 0.0,
  "Z1367001|7": 0.0,
  "Z1524001|1": 28806.37890625,
  "Z1524001|2": 23598.462890625,
  "Z1524001|3": 26995.888671875,
  "Z1524001|4": 20077.17578125,
  "Z1524001|5": 38274.18359375,
  "Z1524001|6": 28175.283203125,
  "Z1524001|7": 38569.78125,
  "Z1665001|1": 70427.71875,
  "Z1665001|2": 20751.046875,
  "Z1665001|3": 32915.7265625,
  "Z1665001|4": 12051.265625,
  "Z1665001|5": 44947.17578125,
  "Z1665001|6": 0.0,
  "Z1665001|7": 0.0,
  "Z1769001|1": 31515.208984375,
  "Z1769001|2": 24610.62890625,
  "Z1769001|3": 19542.830078125,
  "Z1769001|4": 24389.7734375,
  "Z1769001|5": 44456.65625,
  "Z1769001|6": 0.0,
  "Z1769001|7": 0.0,
  "Z1899001|1": 21201.755859375,
  "Z1899001|2": 14765.9697265625,