{
  "Z0241002|1": 63328.375,
  "Z0241002|2": 75500.6640625,
  "Z0241002|3": 87403.421875,
  "Z0241002|4": 116660.203125,
  "Z0241002|5": 67033.1796875,
  "Z0241002|6": 49145.92578125,
  "Z0241002|7": 28889.556640625,
  "Z0241003|1": 68776.3671875,
  "Z0241003|2": 83370.5703125,
  "Z0241003|3": 74072.25,
  "Z0241003|4": 96156.8046875,
  "Z0241003|5": 59437.2734375,
  "Z0241003|6": 38519.47265625,
  "Z0241003|7": 21065.234375,
  "Z0241004|1": 106708.390625,
  "Z0241004|2": 97135.1796875,
  "Z0241004|3": 98212.0703125,
  "Z0241004|4": 137649.328125,
  "Z0241004|5": 76031.8984375,
  "Z0241004|6": 51041.4765625,
  "Z0241004|7": 29452.828125,
  "Z0241005|1": 33271.0703125,
  "Z0241005|2": 26019.353515625,
  "Z0241005|3": 26462.15625,
  "Z0241005|4": 58080.765625,
  "Z0241005|5": 37078.66015625,
  "Z0241005|6": 20360.5234375,
  "Z0241005|7": 17258.005859375,
  "Z0241006|1": 14064.41015625,
  "Z0241006|2": 14440.0732421875,
  "Z0241006|3": 10437.9736328125,
  "Z0241006|4": 15236.701171875,
  "Z0241006|5": 12907.2548828125,
  "Z0241006|6": 3762.735595703125,
  "Z0241006|7": 2526.104736328125,
  "Z0241007|1": 32695.994140625,
  "Z0241007|2": 14663.265625,
  "Z0241007|3": 42051.2109375,
  "Z0241007|4": 60944.96484375,
  "Z0241007|5": 37894.6796875,
  "Z0241007|6": 17077.798828125,
  "Z0241007|7": 10119.064453125,
  "Z0241008|1": 14770.0234375,
  "Z0241008|2": 14070.287109375,
  "Z0241008|3": 17374.767578125,
  "Z0241008|4": 30161.26171875,
  "Z0241008|5": 20243.12890625,
  "Z0241008|6": 8694.630859375,
  "Z0241008|7": 6299.8330078125,
  "Z0276001|1": 64752.26953125,
  "Z0276001|2": 82959.8828125,
  "Z0276001|3": 85367.6171875,
  "Z0276001|4": 114089.5390625,
  "Z0276001|5": 62017.4140625,
  "Z0276001|6": 32752.419921875,
  "Z0276001|7": 11671.228515625,
  "Z0276002|1": 75018.984375,
  "Z0276002|2": 63451.8828125,
  "Z0276002|3": 79056.40625,
  "Z0276002|4": 100039.09375,
  "Z0276002|5": 54370.65625,
  "Z0276002|6": 30244.419921875,
  "Z0276002|7": 11956.36328125,
  "Z0276003|1": 13670.171875,
  "Z0276003|2": 14491.9912109375,
  "Z0276003|3": 25255.396484375,
  "Z0276003|4": 34590.4453125,
  "Z0276003|5": 29637.53125,
  "Z0276003|6": 7225.19970703125,
  "Z0276003|7": 8063.61474609375,
  "Z0283001|1": 52550.81640625,
  "Z0283001|2": 33569.8515625,
  "Z0283001|3": 28616.626953125,
  "Z0283001|4": 44434.90625,
  "Z0283001|5": 52326.66796875,
  "Z0283001|6": 0.0,
  "Z0283001|7": 0.0,
  "Z0284001|1": 221076.1875,
  "Z0284001|2": 157159.546875,
  "Z0284001|3": 114240.984375,
  "Z0284001|4": 176373.4375,
  "Z0284001|5": 133608.1875,
  "Z0284001|6": 0.0,
  "Z0284001|7": 0.0,
  "Z0386001|1": 45625.234375,
  "Z0386001|2": 46481.8046875,
  "Z0386001|3": 55322.19921875,
  "Z0386001|4": 66584.6328125,
  "Z0386001|5": 40253.74609375,
  "Z0386001|6": 25685.984375,
  "Z0386001|7": 13683.359375,
  "Z0386002|1": 68977.3671875,
  "Z0386002|2": 57670.828125,
  "Z0386002|3": 64309.72265625,
  "Z0386002|4": 83458.3984375,
  "Z0386002|5": 53449.90625,
  "Z0386002|6": 28477.232421875,
  "Z0386002|7": 18787.16015625,
  "Z0386003|1": 55935.21875,
  "Z0386003|2": 65254.4765625,
  "Z0386003|3": 82965.5078125,
  "Z0386003|4": 102341.4765625,
  "Z0386003|5": 54994.42578125,
  "Z0386003|6": 30654.134765625,
  "Z0386003|7": 20529.244140625,
  "Z0386004|1": 14874.7333984375,
  "Z0386004|2": 10129.1640625,
  "Z0386004|3": 6118.87548828125,
  "Z0386004|4": 10896.8671875,
  "Z0386004|5": 10293.6591796875,
  "Z0386004|6": 7230.66015625,
  "Z0386004|7": 3744.920166015625,
  "Z0386005|1": 19959.36328125,
  "Z0386005|2": 19003.68359375,
  "Z0386005|3": 16011.2431640625,
  "Z0386005|4": 15160.3095703125,
  "Z0386005|5": 7923.39208984375,
  "Z0386005|6": 4881.77587890625,
  "Z0386005|7": 3717.345703125,
  "Z0386006|1": 11822.6455078125,
  "Z0386006|2": 6836.1728515625,
  "Z0386006|3": 5708.34423828125,
  "Z0386006|4": 6448.53662109375,
  "Z0386006|5": 8687.6669921875,
  "Z0386006|6": 6445.65869140625,
  "Z0386006|7": 3658.394287109375,
  "Z0386007|1": 28182.3828125,
  "Z0386007|2": 24092.541015625,
  "Z0386007|3": 23236.822265625,
  "Z0386007|4": 42372.34375,
  "Z0386007|5": 24933.478515625,
  "Z0386007|6": 12306.8134765625,
  "Z0386007|7": 8718.015625,
  "Z0646001|1": 128271.6328125,
  "Z0646001|2": 101195.65625,
  "Z0646001|3": 132288.8125,
  "Z0646001|4": 161471.09375,
  "Z0646001|5": 91543.734375,
  "Z0646001|6": 56990.015625,
  "Z0646001|7": 15780.248046875,
  "Z0646002|1": 131836.796875,
  "Z0646002|2": 120083.3203125,
  "Z0646002|3": 134139.5625,
  "Z0646002|4": 165718.890625,
  "Z0646002|5": 94476.1640625,
  "Z0646002|6": 53580.20703125,
  "Z0646002|7": 15889.345703125,
  "Z0646003|1": 908.8457641601562,
  "Z0646003|2": 1193.2724609375,
  "Z0646003|3": 925.50537109375,
  "Z0646003|4": 1453.461181640625,
  "Z0646003|5": 1090.147705078125,
  "Z0646003|6": 846.153076171875,
  "Z0646003|7": 623.3171997070312,
  "Z0646004|1": 6321.515625,
  "Z0646004|2": 13486.705078125,
  "Z0646004|3": 24685.58203125,
  "Z0646004|4": 7409.51708984375,
  "Z0646004|5": 7786.56591796875,
  "Z0646004|6": 4179.3857421875,
  "Z0646004|7": 2772.777099609375,
  "Z0899001|1": 215808.96875,
  "Z0899001|2": 126349.9375,
  "Z0899001|3": 147598.671875,
  "Z0899001|4": 154615.921875,
  "Z0899001|5": 125514.28125,
  "Z0899001|6": 0.0,
  "Z0899001|7": 0.0,
  "Z0908001|1": 125032.2265625,
  "Z0908001|2": 75614.234375,
  "Z0908001|3": 127106.625,
  "Z0908001|4": 140870.21875,
  "Z0908001|5": 75659.890625,
  "Z0908001|6": 0.0,
  "Z0908001|7": 0.0,
  "Z0951001|1": 95957.7421875,
  "Z0951001|2": 91188.65625,
  "Z0951001|3": 96243.6015625,
  "Z0951001|4": 123751.140625,
  "Z0951001|5": 78805.3671875,
  "Z0951001|6": 53748.6875,
  "Z0951001|7": 15941.73046875,
  "Z0951002|1": 75573.921875,
  "Z0951002|2": 100158.8125,
  "Z0951002|3": 96562.1640625,
  "Z0951002|4": 127739.0234375,
  "Z0951002|5": 72538.609375,
  "Z0951002|6": 49470.01953125,
  "Z0951002|7": 18555.984375,
  "Z0972001|1": 100058.65625,
  "Z0972001|2": 89648.015625,
  "Z0972001|3": 69190.8984375,
  "Z0972001|4": 76683.203125,
  "Z0972001|5": 59097.1796875,
  "Z0972001|6": 0.0,
  "Z0972001|7": 0.0,
  "Z1031001|1": 47846.68359375,
  "Z1031001|2": 14041.2763671875,
  "Z1031001|3": 24555.47265625,
  "Z1031001|4": 48550.74609375,
  "Z1031001|5": 32709.125,
  "Z1031001|6": 15405.6044921875,
  "Z1031001|7": 8797.9638671875,
  "Z1031002|1": 70463.796875,
  "Z1031002|2": 65773.625,
  "Z1031002|3": 47008.609375,
  "Z1031002|4": 97347.3671875,
  "Z1031002|5": 45830.640625,
  "Z1031002|6": 27215.54296875,
  "Z1031002|7": 11441.6005859375,
  "Z1119001|1": 61766.7890625,
  "Z1119001|2": 75423.515625,
  "Z1119001|3": 92527.484375,
  "Z1119001|4": 109215.28125,
  "Z1119001|5": 61480.5234375,
  "Z1119001|6": 46668.76171875,
  "Z1119001|7": 7809.6982421875,
  "Z1169001|1": 92016.7421875,
  "Z1169001|2": 87247.3515625,
  "Z1169001|3": 68271.46875,
  "Z1169001|4": 77901.4296875,
  "Z1169001|5": 52554.87890625,
  "Z1169001|6": 0.0,
  "Z1169001|7": 0.0,
  "Z1367001|1": 130087.3984375,
  "Z1367001|2": 133042.75,
  "Z1367001|3": 138791.53125,
  "Z1367001|4": 149432.5625,
  "Z1367001|5": 122205.15625,
  "Z1367001|6": 0.0,
  "Z1367001|7": 0.0,
  "Z1524001|1": 100731.5546875,
  "Z1524001|2": 97846.71875,
  "Z1524001|3": 112451.59375,
  "Z1524001|4": 146778.5,
  "Z1524001|5": 66602.3515625,
  "Z1524001|6": 37989.453125,
  "Z1524001|7": 13108.6318359375,
  "Z1665001|1": 83796.15625,
  "Z1665001|2": 66020.1015625,
  "Z1665001|3": 72976.7265625,
  "Z1665001|4": 87005.96875,
  "Z1665001|5": 70396.3671875,
  "Z1665001|6": 0.0,
  "Z1665001|7": 0.0,
  "Z1769001|1": 122169.140625,
  "Z1769001|2": 110424.203125,
  "Z1769001|3": 111085.5234375,
  "Z1769001|4": 196319.578125,
  "Z1769001|5": 107119.3984375,
  "Z1769001|6": 0.0,
  "Z1769001|7": 0.0,
  "Z1899001|1": 33775.40625,
  "Z1899001|2": 69682.1875,
  "Z1899001|3": 68241.65625,
  "Z1899001|4": 106056.84375,
  "Z1899001|5": 47552.44921875,
  "Z1899001|6": 28694.76171875,
  "Z1899001|7": 9675.6591796875,
  "Z1899002|1": 81948.9609375,