{
  "Z0241002|1": 146649.890625,
  "Z0241002|2": 109993.828125,
  "Z0241002|3": 135361.9375,
  "Z0241002|4": 156008.640625,
  "Z0241002|5": 218714.578125,
  "Z0241002|6": 59182.078125,
  "Z0241002|7": 3884.80029296875,
  "Z0241003|1": 67421.96875,
  "Z0241003|2": 62840.703125,
  "Z0241003|3": 61241.94921875,
  "Z0241003|4": 74574.140625,
  "Z0241003|5": 94626.25,
  "Z0241003|6": 55846.703125,
  "Z0241003|7": 34155.47265625,
  "Z0241004|1": 28829.162109375,
  "Z0241004|2": 58469.984375,
  "Z0241004|3": 35919.87109375,
  "Z0241004|4": 24301.35546875,
  "Z0241004|5": 81492.8515625,
  "Z0241004|6": 57744.87109375,
  "Z0241004|7": 38236.75,
  "Z0241005|1": 41045.24609375,
  "Z0241005|2": 36370.75390625,
  "Z0241005|3": 42417.47265625,
  "Z0241005|4": 40424.53125,
  "Z0241005|5": 67084.7890625,
  "Z0241005|6": 42113.46875,
  "Z0241005|7": 27307.087890625,
  "Z0241006|1": 19766.3828125,
  "Z0241006|2": 15539.697265625,
  "Z0241006|3": 16512.3984375,
  "Z0241006|4": 13158.9931640625,
  "Z0241006|5": 17117.9765625,
  "Z0241006|6": 2750.90771484375,
  "Z0241006|7": 2011.946044921875,
  "Z0241007|1": 39862.78515625,
  "Z0241007|2": 46470.453125,
  "Z0241007|3": 27968.8125,
  "Z0241007|4": 21744.19921875,
  "Z0241007|5": 70628.2265625,
  "Z0241007|6": 43939.0,
  "Z0241007|7": 29047.107421875,
  "Z0241008|1": 13714.4931640625,
  "Z0241008|2": 12253.83984375,
  "Z0241008|3": 11757.095703125,
  "Z0241008|4": 16734.244140625,
  "Z0241008|5": 20176.453125,
  "Z0241008|6": 17271.142578125,
  "Z0241008|7": 11000.28125,
  "Z0276001|1": 19137.712890625,
  "Z0276001|2": 78897.6875,
  "Z0276001|3": 80141.3125,
  "Z0276001|4": 102222.796875,
  "Z0276001|5": 114734.953125,
  "Z0276001|6": 34142.4765625,
  "Z0276001|7": 21132.673828125,
  "Z0276002|1": 62369.08984375,
  "Z0276002|2": 73088.78125,
  "Z0276002|3": 58928.12890625,
  "Z0276002|4": 73143.65625,
  "Z0276002|5": 81392.96875,
  "Z0276002|6": 46638.01171875,
  "Z0276002|7": 12699.1181640625,
  "Z0276003|1": 23769.97265625,
  "Z0276003|2": 22336.8125,
  "Z0276003|3": 22380.890625,
  "Z0276003|4": 28795.83203125,
  "Z0276003|5": 29503.81640625,
  "Z0276003|6": 15145.2509765625,
  "Z0276003|7": 7284.34814453125,
  "Z0283001|1": 71974.0859375,
  "Z0283001|2": 63715.79296875,
  "Z0283001|3": 55387.94921875,
  "Z0283001|4": 84273.375,
  "Z0283001|5": 91416.921875,
  "Z0283001|6": 0.0,
  "Z0283001|7": 0.0,
  "Z0284001|1": 192770.34375,
  "Z0284001|2": 263256.375,
  "Z0284001|3": 154356.59375,
  "Z0284001|4": 164203.875,
  "Z0284001|5": 223301.0,
  "Z0284001|6": 0.0,
  "Z0284001|7": 0.0,
  "Z0386001|1": 102195.5,
  "Z0386001|2": 80242.4140625,
  "Z0386001|3": 74837.828125,
  "Z0386001|4": 102476.96875,
  "Z0386001|5": 118347.71875,
  "Z0386001|6": 38916.734375,
  "Z0386001|7": 19676.92578125,
  "Z0386002|1": 97114.28125,
  "Z0386002|2": 68057.71875,
  "Z0386002|3": 70533.5859375,
  "Z0386002|4": 74431.328125,
  "Z0386002|5": 126922.6328125,
  "Z0386002|6": 43128.140625,
  "Z0386002|7": 21264.287109375,
  "Z0386003|1": 102377.1328125,
  "Z0386003|2": 70824.1015625,
  "Z0386003|3": 70863.4921875,
  "Z0386003|4": 86023.9296875,
  "Z0386003|5": 136912.890625,
  "Z0386003|6": 39297.30078125,
  "Z0386003|7": 20627.603515625,
  "Z0386004|1": 16119.271484375,
  "Z0386004|2": 18173.130859375,
  "Z0386004|3": 18547.037109375,
  "Z0386004|4": 22133.533203125,
  "Z0386004|5": 32406.73046875,
  "Z0386004|6": 29833.736328125,
  "Z0386004|7": 20563.080078125,
  "Z0386005|1": 10324.427734375,
  "Z0386005|2": 11677.5048828125,
  "Z0386005|3": 12502.662109375,
  "Z0386005|4": 15196.876953125,
  "Z0386005|5": 22307.923828125,
  "Z0386005|6": 14136.9609375,
  "Z0386005|7": 11019.7294921875,
  "Z0386006|1": 13777.0009765625,
  "Z0386006|2": 15749.26953125,
  "Z0386006|3": 16848.314453125,
  "Z0386006|4": 17881.064453125,
  "Z0386006|5": 24566.189453125,
  "Z0386006|6": 36384.390625,
  "Z0386006|7": 10215.283203125,
  "Z0386007|1": 39732.63671875,
  "Z0386007|2": 51654.7578125,
  "Z0386007|3": 62540.80859375,
  "Z0386007|4": 53127.2734375,
  "Z0386007|5": 81927.3671875,
  "Z0386007|6": 51545.3125,
  "Z0386007|7": 32865.8203125,
  "Z0646001|1": 115185.1171875,
  "Z0646001|2": 94118.7265625,
  "Z0646001|3": 109236.5546875,
  "Z0646001|4": 123014.7890625,
  "Z0646001|5": 156943.40625,
  "Z0646001|6": 51567.48828125,
  "Z0646001|7": 15451.7041015625,
  "Z0646002|1": 68155.5390625,
  "Z0646002|2": 85836.8359375,
  "Z0646002|3": 82159.28125,
  "Z0646002|4": 97055.2109375,
  "Z0646002|5": 87580.859375,
  "Z0646002|6": 27123.7890625,
  "Z0646002|7": 15022.7392578125,
  "Z0646003|1": 5100.318359375,
  "Z0646003|2": 4147.38671875,
  "Z0646003|3": 8751.5947265625,
  "Z0646003|4": 8455.97265625,
  "Z0646003|5": 14295.921875,
  "Z0646003|6": 10332.3486328125,
  "Z0646003|7": 7650.79541015625,
  "Z0646004|1": 2997.10693359375,
  "Z0646004|2": 5603.80810546875,
  "Z0646004|3": 4524.6943359375,
  "Z0646004|4": 7424.51123046875,
  "Z0646004|5": 7916.708984375,
  "Z0646004|6": 10938.283203125,
  "Z0646004|7": 9565.587890625,
  "Z0899001|1": 225161.21875,
  "Z0899001|2": 185666.0,
  "Z0899001|3": 206254.65625,
  "Z0899001|4": 222673.859375,
  "Z0899001|5": 202896.09375,
  "Z0899001|6": 0.0,
  "Z0899001|7": 0.0,
  "Z0908001|1": 256444.84375,
  "Z0908001|2": 139401.328125,
  "Z0908001|3": 138186.484375,
  "Z0908001|4": 148571.421875,
  "Z0908001|5": 341885.875,
  "Z0908001|6": 0.0,
  "Z0908001|7": 0.0,
  "Z0951001|1": 117564.9921875,
  "Z0951001|2": 88992.5703125,
  "Z0951001|3": 102947.5390625,
  "Z0951001|4": 116283.4375,
  "Z0951001|5": 131927.734375,
  "Z0951001|6": 35795.32421875,
  "Z0951001|7": 2044.1943359375,
  "Z0951002|1": 91502.921875,
  "Z0951002|2": 89396.6171875,
  "Z0951002|3": 103540.6796875,
  "Z0951002|4": 122365.046875,
  "Z0951002|5": 124407.7734375,
  "Z0951002|6": 34476.5234375,
  "Z0951002|7": 18860.484375,
  "Z0972001|1": 128365.9921875,
  "Z0972001|2": 105969.515625,
  "Z0972001|3": 136561.578125,
  "Z0972001|4": 92581.8046875,
  "Z0972001|5": 160535.65625,
  "Z0972001|6": 0.0,
  "Z0972001|7": 0.0,
  "Z1031001|1": 45330.91015625,
  "Z1031001|2": 62180.58203125,
  "Z1031001|3": 52196.51171875,
  "Z1031001|4": 67013.046875,
  "Z1031001|5": 87684.234375,
  "Z1031001|6": 52143.8203125,
  "Z1031001|7": 21305.8828125,
  "Z1031002|1": 46065.8671875,
  "Z1031002|2": 57718.0,
  "Z1031002|3": 62719.51953125,
  "Z1031002|4": 69611.1171875,
  "Z1031002|5": 91419.015625,
  "Z1031002|6": 44819.828125,
  "Z1031002|7": 27628.748046875,
  "Z1119001|1": 134997.609375,
  "Z1119001|2": 138214.5625,
  "Z1119001|3": 134954.75,
  "Z1119001|4": 180062.8125,
  "Z1119001|5": 248154.328125,
  "Z1119001|6": 81780.453125,
  "Z1119001|7": 4383.55859375,
  "Z1169001|1": 221566.203125,
  "Z1169001|2": 101705.1796875,
  "Z1169001|3": 103713.8203125,
  "Z1169001|4": 125209.78125,
  "Z1169001|5": 175911.765625,
  "Z1169001|6": 0.0,
  "Z1169001|7": 0.0,
  "Z1367001|1": 226807.75,
  "Z1367001|2": 120800.078125,
  "Z1367001|3": 162516.796875,
  "Z1367001|4": 306997.6875,
  "Z1367001|5": 194879.796875,
  "Z1367001|6": 0.0,
  "Z1367001|7": 0.0,
  "Z1524001|1": 77881.953125,
  "Z1524001|2": 79296.890625,
  "Z1524001|3": 59175.47265625,
  "Z1524001|4": 69066.03125,
  "Z1524001|5": 77915.75,
  "Z1524001|6": 37055.20703125,
  "Z1524001|7": 17300.685546875,
  "Z1665001|1": 155018.515625,
  "Z1665001|2": 116545.0078125,
  "Z1665001|3": 130515.9921875,
  "Z1665001|4": 108953.4609375,
  "Z1665001|5": 173596.234375,
  "Z1665001|6": 0.0,
  "Z1665001|7": 0.0,
  "Z1769001|1": 145597.34375,
  "Z1769001|2": 116140.6875,
  "Z1769001|3": 115485.7265625,
  "Z1769001|4": 147931.234375,
  "Z1769001|5": 157904.546875,
  "Z1769001|6": 0.0,
  "Z1769001|7": 0.0,
  "Z1899001|1": 45162.57421875,
  "Z1899001|2": 49175.21875,
  "Z1899001|3": 62350.4140625,
  "Z1899001|4": 76761.625,
  "Z1899001|5": 92538.375,
  "Z1899001|6": 46148.9296875,
  "Z1899001|7": 23504.013671875,
  "Z1899002|1": 45505.1640625,
  "Z1899002|2": 66795.0234375,
  "Z1899002|3": 63893.9609375,
  "Z1899002|4": 75863.40625,