{
  "Z0241002|1": 107131.578125,
  "Z0241002|2": 77239.2421875,
  "Z0241002|3": 57665.73046875,
  "Z0241002|4": 52460.26171875,
  "Z0241002|5": 127927.375,
  "Z0241002|6": 163063.28125,
  "Z0241002|7": 119413.5390625,
  "Z0241003|1": 71918.9921875,
  "Z0241003|2": 33074.23046875,
  "Z0241003|3": 29949.591796875,
  "Z0241003|4": 28201.81640625,
  "Z0241003|5": 56119.046875,
  "Z0241003|6": 63179.37890625,
  "Z0241003|7": 56217.87890625,
  "Z0241004|1": 57551.45703125,
  "Z0241004|2": 39038.80859375,
  "Z0241004|3": 30167.0859375,
  "Z0241004|4": 22439.837890625,
  "Z0241004|5": 67403.8359375,
  "Z0241004|6": 68837.6484375,
  "Z0241004|7": 49504.55859375,
  "Z0241005|1": 20331.119140625,
  "Z0241005|2": 11312.9716796875,
  "Z0241005|3": 8512.4638671875,
  "Z0241005|4": 8273.447265625,
  "Z0241005|5": 19885.921875,
  "Z0241005|6": 24611.662109375,
  "Z0241005|7": 32403.826171875,
  "Z0241006|1": 6958.501953125,
  "Z0241006|2": 1983.10107421875,
  "Z0241006|3": 2552.530029296875,
  "Z0241006|4": 4327.4296875,
  "Z0241006|5": 2269.652099609375,
  "Z0241006|6": 383.8140563964844,
  "Z0241006|7": 520.2035522460938,
  "Z0241007|1": 33602.5234375,
  "Z0241007|2": 15665.1845703125,
  "Z0241007|3": 12153.05859375,
  "Z0241007|4": 11323.9931640625,
  "Z0241007|5": 21716.0546875,
  "Z0241007|6": 35656.07421875,
  "Z0241007|7": 33606.17578125,
  "Z0241008|1": 11119.45703125,
  "Z0241008|2": 6274.57275390625,
  "Z0241008|3": 5021.22998046875,
  "Z0241008|4": 5641.9521484375,
  "Z0241008|5": 11974.935546875,
  "Z0241008|6": 15997.8037109375,
  "Z0241008|7": 26074.978515625,
  "Z0276001|1": 52061.4375,
  "Z0276001|2": 34129.2578125,
  "Z0276001|3": 25839.578125,
  "Z0276001|4": 22295.248046875,
  "Z0276001|5": 65369.1484375,
  "Z0276001|6": 64993.31640625,
  "Z0276001|7": 23929.55859375,
  "Z0276002|1": 38668.85546875,
  "Z0276002|2": 22951.771484375,
  "Z0276002|3": 20688.759765625,
  "Z0276002|4": 21048.1328125,
  "Z0276002|5": 51266.40625,
  "Z0276002|6": 61865.07421875,
  "Z0276002|7": 26584.46484375,
  "Z0276003|1": 11132.8916015625,
  "Z0276003|2": 7981.86083984375,
  "Z0276003|3": 6498.30419921875,
  "Z0276003|4": 2464.7734375,
  "Z0276003|5": 8656.6806640625,
  "Z0276003|6": 16709.970703125,
  "Z0276003|7": 11973.8740234375,
  "Z0283001|1": 27680.099609375,
  "Z0283001|2": 15117.6005859375,
  "Z0283001|3": 11652.23828125,
  "Z0283001|4": 14378.4990234375,
  "Z0283001|5": 16681.9765625,
  "Z0283001|6": 0.0,
  "Z0283001|7": 0.0,
  "Z0284001|1": 99091.1171875,
  "Z0284001|2": 54405.28125,
  "Z0284001|3": 55252.83203125,
  "Z0284001|4": 61605.84375,
  "Z0284001|5": 116510.5546875,
  "Z0284001|6": 0.0,
  "Z0284001|7": 0.0,
  "Z0386001|1": 2020.707397460938,
  "Z0386001|2": 36879.4609375,
  "Z0386001|3": 27267.140625,
  "Z0386001|4": 23669.375,
  "Z0386001|5": 51383.1953125,
  "Z0386001|6": 51445.86328125,
  "Z0386001|7": 40529.609375,
  "Z0386002|1": 1834.168579101562,
  "Z0386002|2": 44135.3828125,
  "Z0386002|3": 36158.5390625,
  "Z0386002|4": 27960.892578125,
  "Z0386002|5": 72837.6484375,
  "Z0386002|6": 65791.1875,
  "Z0386002|7": 36754.390625,
  "Z0386003|1": 2146.223388671875,
  "Z0386003|2": 47269.16796875,
  "Z0386003|3": 32591.798828125,
  "Z0386003|4": 27134.86328125,
  "Z0386003|5": 37619.7734375,
  "Z0386003|6": 58644.7265625,
  "Z0386003|7": 36822.20703125,
  "Z0386004|1": 14151.529296875,
  "Z0386004|2": 7717.30615234375,
  "Z0386004|3": 7726.9990234375,
  "Z0386004|4": 6939.28759765625,
  "Z0386004|5": 11174.5498046875,
  "Z0386004|6": 8013.17333984375,
  "Z0386004|7": 6637.4287109375,
  "Z0386005|1": 5232.75537109375,
  "Z0386005|2": 1553.956909179688,
  "Z0386005|3": 897.098388671875,
  "Z0386005|4": 702.3836669921875,
  "Z0386005|5": 3056.099365234375,
  "Z0386005|6": 4589.09033203125,
  "Z0386005|7": 4793.3984375,
  "Z0386006|1": 6626.76318359375,
  "Z0386006|2": 1011.027099609375,
  "Z0386006|3": 359.1605529785156,
  "Z0386006|4": 385.86083984375,
  "Z0386006|5": 709.31103515625,
  "Z0386006|6": 22.5953540802002,
  "Z0386006|7": 2023.087036132812,
  "Z0386007|1": 1804.888305664062,
  "Z0386007|2": 5675.2431640625,
  "Z0386007|3": 4933.77197265625,
  "Z0386007|4": 4120.3515625,
  "Z0386007|5": 8176.85986328125,
  "Z0386007|6": 22256.369140625,
  "Z0386007|7": 19748.783203125,
  "Z0646001|1": 44788.29296875,
  "Z0646001|2": 49073.3203125,
  "Z0646001|3": 32971.46484375,
  "Z0646001|4": 33678.4296875,
  "Z0646001|5": 87726.640625,
  "Z0646001|6": 98361.7109375,
  "Z0646001|7": 60034.3828125,
  "Z0646002|1": 50325.22265625,
  "Z0646002|2": 52717.49609375,
  "Z0646002|3": 33614.3515625,
  "Z0646002|4": 35430.34765625,
  "Z0646002|5": 92092.1953125,
  "Z0646002|6": 96068.1171875,
  "Z0646002|7": 61375.90234375,
  "Z0646003|1": 6871.3232421875,
  "Z0646003|2": 4054.927978515625,
  "Z0646003|3": 1036.725463867188,
  "Z0646003|4": 1453.773071289062,
  "Z0646003|5": 3254.758544921875,
  "Z0646003|6": 4534.2900390625,
  "Z0646003|7": 3192.74267578125,
  "Z0646004|1": 9687.1748046875,
  "Z0646004|2": 2444.454345703125,
  "Z0646004|3": 1510.902465820312,
  "Z0646004|4": 1982.196899414062,
  "Z0646004|5": 6904.6455078125,
  "Z0646004|6": 6771.89208984375,
  "Z0646004|7": 16285.556640625,
  "Z0899001|1": 186725.21875,
  "Z0899001|2": 49413.33203125,
  "Z0899001|3": 57009.1171875,
  "Z0899001|4": 67985.6484375,
  "Z0899001|5": 184646.78125,
  "Z0899001|6": 0.0,
  "Z0899001|7": 0.0,
  "Z0908001|1": 146802.546875,
  "Z0908001|2": 51846.1015625,
  "Z0908001|3": 36064.5546875,
  "Z0908001|4": 58558.66015625,
  "Z0908001|5": 112629.6640625,
  "Z0908001|6": 0.0,
  "Z0908001|7": 0.0,
  "Z0951001|1": 87849.1328125,
  "Z0951001|2": 43847.3671875,
  "Z0951001|3": 48013.0625,
  "Z0951001|4": 33894.1875,
  "Z0951001|5": 87550.875,
  "Z0951001|6": 67412.6484375,
  "Z0951001|7": 462.5008544921875,
  "Z0951002|1": 76473.6640625,
  "Z0951002|2": 41903.6171875,
  "Z0951002|3": 40254.44921875,
  "Z0951002|4": 31356.822265625,
  "Z0951002|5": 86317.0625,
  "Z0951002|6": 57013.30078125,
  "Z0951002|7": 398.5404357910156,
  "Z0972001|1": 88715.8984375,
  "Z0972001|2": 30762.94921875,
  "Z0972001|3": 21350.34765625,
  "Z0972001|4": 33873.0234375,
  "Z0972001|5": 86561.40625,
  "Z0972001|6": 0.0,
  "Z0972001|7": 0.0,
  "Z1031001|1": 26587.607421875,
  "Z1031001|2": 13158.240234375,
  "Z1031001|3": 8640.0517578125,
  "Z1031001|4": 5650.126953125,
  "Z1031001|5": 17874.55078125,
  "Z1031001|6": 16692.607421875,
  "Z1031001|7": 9211.265625,
  "Z1031002|1": 66067.96875,
  "Z1031002|2": 28335.322265625,
  "Z1031002|3": 18147.134765625,
  "Z1031002|4": 16596.09375,
  "Z1031002|5": 28256.4140625,
  "Z1031002|6": 44376.3828125,
  "Z1031002|7": 28279.841796875,
  "Z1119001|1": 80913.8125,
  "Z1119001|2": 36577.58984375,
  "Z1119001|3": 33153.1796875,
  "Z1119001|4": 32190.982421875,
  "Z1119001|5": 78569.2578125,
  "Z1119001|6": 70534.5234375,
  "Z1119001|7": 39627.92578125,
  "Z1169001|1": 139869.28125,
  "Z1169001|2": 45901.71875,
  "Z1169001|3": 34372.12109375,
  "Z1169001|4": 63889.14453125,
  "Z1169001|5": 80356.3671875,
  "Z1169001|6": 0.0,
  "Z1169001|7": 0.0,
  "Z1367001|1": 193342.015625,
  "Z1367001|2": 78964.15625,
  "Z1367001|3": 74069.125,
  "Z1367001|4": 73122.1015625,
  "Z1367001|5": 128315.078125,
  "Z1367001|6": 0.0,
  "Z1367001|7": 0.0,
  "Z1524001|1": 29699.40234375,
  "Z1524001|2": 34907.79296875,
  "Z1524001|3": 26561.427734375,
  "Z1524001|4": 18707.95703125,
  "Z1524001|5": 76590.296875,
  "Z1524001|6": 106540.9375,
  "Z1524001|7": 82162.0234375,
  "Z1665001|1": 85578.296875,
  "Z1665001|2": 53832.6953125,
  "Z1665001|3": 37156.453125,
  "Z1665001|4": 37854.35546875,
  "Z1665001|5": 63957.609375,
  "Z1665001|6": 0.0,
  "Z1665001|7": 0.0,
  "Z1769001|1": 81022.3828125,
  "Z1769001|2": 30998.14453125,
  "Z1769001|3": 28277.79296875,
  "Z1769001|4": 19562.392578125,
  "Z1769001|5": 87251.0546875,
  "Z1769001|6": 0.0,
  "Z1769001|7": 0.0,
  "Z1899001|1": 56436.890625,
  "Z1899001|2": 26990.0703125,
  "Z1899001|3": 15506.5927734375,
  "Z1899001|4": 17064.1875,