{
  "Z0241002|1": 144899.75,
  "Z0241003|1": 120664.7890625,
  "Z0241004|1": 113092.921875,
  "Z0241005|1": 26151.310546875,
  "Z0241006|1": 11622.6591796875,
  "Z0241007|1": 56770.609375,
  "Z0241008|1": 0.4846774637699127,
  "Z0276001|1": 131415.890625,
  "Z0276002|1": 122316.3984375,
  "Z0276003|1": 2291.527099609375,
  "Z0283001|1": 39238.01953125,
  "Z0284001|1": 126345.2421875,
  "Z0386001|1": 120462.5390625,
  "Z0386002|1": 112064.484375,
  "Z0386003|1": 116238.203125,
  "Z0386004|1": 14355.259765625,
  "Z0386005|1": 1343.145263671875,
  "Z0386006|1": 7509.5693359375,
  "Z0386007|1": 0.1376862376928329,
  "Z0646001|1": 123364.65625,
  "Z0646002|1": 120974.5078125,
  "Z0646003|1": 0.2624764442443848,
  "Z0646004|1": 0.2682420015335083,
  "Z0899001|1": 203502.65625,
  "Z0908001|1": 187531.5,
  "Z0951001|1": 97298.1171875,
  "Z0951002|1": 97657.7890625,
  "Z0972001|1": 131045.9453125,
  "Z1031001|1": 50738.3203125,
  "Z1031002|1": 84153.1484375,
  "Z1119001|1": 110726.78125,
  "Z1169001|1": 97610.390625,
  "Z1367001|1": 206563.90625,
  "Z1524001|1": 187662.28125,
  "Z1665001|1": 121216.453125,
  "Z1769001|1": 254389.96875,
  "Z1899001|1": 88003.671875,
  "Z1899002|1": 145726.390625,
  "Z2011001|1": 49059.890625,
  "Z2135001|1": 159490.34375,
  "Z2135002|1": 154333.625,
  "Z2136001|1": 0.7949625253677368,
  "Z0241002|2": 37587.3203125,
  "Z0241003|2": 22719.091796875,
  "Z0241004|2": 32042.58203125,
  "Z0241005|2": 14598.0361328125,
  "Z0241006|2": 9054.7958984375,
  "Z0241007|2": 33047.4921875,
  "Z0241008|2": 0.3833624720573425,
  "Z0276001|2": 44581.2265625,
  "Z0276002|2": 41512.21484375,
  "Z0276003|2": 2350.04833984375,
  "Z0283001|2": 35304.60546875,
  "Z0284001|2": 61852.390625,
  "Z0386001|2": 38696.44921875,
  "Z0386002|2": 41820.3359375,
  "Z0386003|2": 44410.9296875,
  "Z0386004|2": 7811.09521484375,
  "Z0386005|2": 5471.837890625,
  "Z0386006|2": 4812.84716796875,
  "Z0386007|2": 0.07847708463668823,
  "Z0646001|2": 47865.5234375,
  "Z0646002|2": 47818.984375,
  "Z0646003|2": 0.07971403747797012,
  "Z0646004|2": 0.08337019383907318,
  "Z0899001|2": 83376.90625,
  "Z0908001|2": 74343.0078125,
  "Z0951001|2": 59672.31640625,
  "Z0951002|2": 67598.25,
  "Z0972001|2": 45799.52734375,
  "Z1031001|2": 30722.60546875,
  "Z1031002|2": 30584.47265625,
  "Z1119001|2": 32046.921875,
  "Z1169001|2": 55369.25,
  "Z1367001|2": 97742.015625,
  "Z1524001|2": 47662.7265625,
  "Z1665001|2": 65903.59375,
  "Z1769001|2": 130379.8984375,
  "Z1899001|2": 32676.765625,
  "Z1899002|2": 42235.82421875,
  "Z2011001|2": 29571.537109375,
  "Z2135001|2": 67622.625,
  "Z2135002|2": 55701.38671875,
  "Z2136001|2": 0.6550509929656982,
  "Z0241002|3": 44516.34765625,
  "Z0241003|3": 33498.5,
  "Z0241004|3": 49876.46875,
  "Z0241005|3": 19326.525390625,
  "Z0241006|3": 24935.10546875,
  "Z0241007|3": 26974.451171875,
  "Z0241008|3": 0.4461280107498169,
  "Z0276001|3": 55195.953125,
  "Z0276002|3": 39422.5625,
  "Z0276003|3": 2051.22607421875,
  "Z0283001|3": 24373.287109375,
  "Z0284001|3": 56208.28125,
  "Z0386001|3": 46658.34375,
  "Z0386002|3": 49224.48828125,
  "Z0386003|3": 46024.71875,
  "Z0386004|3": 8758.4677734375,
  "Z0386005|3": 2488.898681640625,
  "Z0386006|3": 2416.419189453125,
  "Z0386007|3": 0.1121162250638008,
  "Z0646001|3": 58961.0703125,
  "Z0646002|3": 61078.98046875,
  "Z0646003|3": 0.110677145421505,
  "Z0646004|3": 0.1145502403378487,
  "Z0899001|3": 95958.78125,
  "Z0908001|3": 78168.2109375,
  "Z0951001|3": 72332.8046875,
  "Z0951002|3": 74185.6328125,
  "Z0972001|3": 77276.96875,
  "Z1031001|3": 22374.103515625,
  "Z1031002|3": 29519.04296875,
  "Z1119001|3": 59495.53515625,
  "Z1169001|3": 75691.984375,
  "Z1367001|3": 99474.875,
  "Z1524001|3": 49850.8359375,
  "Z1665001|3": 58974.23046875,
  "Z1769001|3": 120349.6640625,
  "Z1899001|3": 42859.28515625,
  "Z1899002|3": 45187.21875,
  "Z2011001|3": 28203.294921875,
  "Z2135001|3": 72174.3828125,
  "Z2135002|3": 69626.984375,
  "Z2136001|3": 0.750749945640564,
  "Z0241002|4": 38268.1953125,
  "Z0241003|4": 27770.423828125,
  "Z0241004|4": 24780.630859375,
  "Z0241005|4": 19629.3359375,
  "Z0241006|4": 19473.525390625,
  "Z0241007|4": 19689.373046875,
  "Z0241008|4": 0.4193952679634094,
  "Z0276001|4": 40541.70703125,
  "Z0276002|4": 30544.04296875,
  "Z0276003|4": 1614.029174804688,
  "Z0283001|4": 11469.66796875,
  "Z0284001|4": 36261.96875,
  "Z0386001|4": 25115.419921875,
  "Z0386002|4": 30537.984375,
  "Z0386003|4": 29689.404296875,
  "Z0386004|4": 5847.06591796875,
  "Z0386005|4": 1836.51611328125,
  "Z0386006|4": 2016.903076171875,
  "Z0386007|4": 0.07968403398990631,
  "Z0646001|4": 44332.26171875,
  "Z0646002|4": 33091.67578125,
  "Z0646003|4": 0.08561806380748749,
  "Z0646004|4": 0.09027103334665298,
  "Z0899001|4": 48210.17578125,
  "Z0908001|4": 36999.66015625,
  "Z0951001|4": 50275.37890625,
  "Z0951002|4": 54225.94921875,
  "Z0972001|4": 22480.2578125,
  "Z1031001|4": 15666.873046875,
  "Z1031002|4": 18228.400390625,
  "Z1119001|4": 35306.7578125,
  "Z1169001|4": 36095.0390625,
  "Z1367001|4": 63823.921875,
  "Z1524001|4": 26595.900390625,
  "Z1665001|4": 37699.6171875,
  "Z1769001|4": 56023.2734375,
  "Z1899001|4": 30592.962890625,
  "Z1899002|4": 36390.56640625,
  "Z2011001|4": 17314.25390625,
  "Z2135001|4": 55275.7578125,
  "Z2135002|4": 54532.86328125,
  "Z2136001|4": 0.6443371772766113,
  "Z0241002|5": 25007.21875,
  "Z0241003|5": 19771.830078125,
  "Z0241004|5": 20212.681640625,
  "Z0241005|5": 14464.2431640625,
  "Z0241006|5": 23543.07421875,
  "Z0241007|5": 18187.818359375,
  "Z0241008|5": 0.4024674296379089,
  "Z0276001|5": 36973.171875,
  "Z0276002|5": 31408.69140625,
  "Z0276003|5": 642.2749633789062,
  "Z0283001|5": 20964.03125,
  "Z0284001|5": 21926.875,
  "Z0386001|5": 26801.359375,
  "Z0386002|5": 26913.548828125,
  "Z0386003|5": 26057.205078125,
  "Z0386004|5": 3026.245849609375,
  "Z0386005|5": 786.6035766601562,
  "Z0386006|5": 1974.827758789062,
  "Z0386007|5": 0.1140572428703308,
  "Z0646001|5": 29033.287109375,
  "Z0646002|5": 31985.212890625,
  "Z0646003|5": 0.07202249765396118,
  "Z0646004|5": 0.07632289081811905,
  "Z0899001|5": 53921.73828125,
  "Z0908001|5": 23724.51953125,
  "Z0951001|5": 47651.31640625,
  "Z0951002|5": 46284.86328125,
  "Z0972001|5": 19980.310546875,
  "Z1031001|5": 11137.734375,
  "Z1031002|5": 21649.591796875,
  "Z1119001|5": 28009.70703125,
  "Z1169001|5": 17066.873046875,
  "Z1367001|5": 40027.6640625,
  "Z1524001|5": 20629.650390625,
  "Z1665001|5": 42060.1640625,
  "Z1769001|5": 56647.0859375,
  "Z1899001|5": 22570.484375,
  "Z1899002|5": 31252.1796875,
  "Z2011001|5": 11199.998046875,
  "Z2135001|5": 59923.75390625,
  "Z2135002|5": 54815.78515625,
  "Z2136001|5": 0.6270053386688232,
  "Z0241002|6": 15144.8173828125,
  "Z0241003|6": 11519.4189453125,
  "Z0241004|6": 8466.625,
  "Z0241005|6": 8350.283203125,
  "Z0241006|6": 3512.753662109375,
  "Z0241007|6": 7580.5478515625,
  "Z0241008|6": 0.0,
  "Z0276001|6": 17388.822265625,
  "Z0276002|6": 13289.849609375,
  "Z0276003|6": 453.8572692871094,
  "Z0386001|6": 13009.9306640625,
  "Z0386002|6": 16252.166015625,
  "Z0386003|6": 15325.5732421875,
  "Z0386004|6": 3308.38916015625,
  "Z0386005|6": 387.3777465820312,
  "Z0386006|6": 2162.029296875,
  "Z0386007|6": 0.01629519835114479,
  "Z0646001|6": 16489.15625,
  "Z0646002|6": 17830.333984375,
  "Z0646003|6": 0.0,
  "Z0646004|6": 0.0,
  "Z0951001|6": 37926.23046875,
  "Z0951002|6": 37404.65625,
  "Z1031001|6": 310.4227600097656,
  "Z1031002|6": 11594.4921875,
  "Z1119001|6": 15449.44921875,
  "Z1524001|6": 15260.2890625,
  "Z1899001|6": 11549.5947265625,
  "Z1899002|6": 16054.7705078125,
  "Z2135001|6": 42665.73046875,
  "Z2135002|6": 10575.7626953125,
  "Z0241002|7": 13094.0185546875,
  "Z0241003|7": 7620.70263671875,
  "Z0241004|7": 2656.524658203125,
  "Z0241005|7": 4273.759765625,
  "Z0241006|7": 1342.480224609375,
  "Z0241007|7": 5345.5234375,
  "Z0241008|7": 0.0,
  "Z0276001|7": 13175.9599609375,