{
  "Z0241002|1": 98564.8203125,
  "Z0241002|2": 59348.1328125,
  "Z0241002|3": 68020.40625,
  "Z0241002|4": 99420.4296875,
  "Z0241002|5": 135573.296875,
  "Z0241002|6": 35226.7421875,
  "Z0241002|7": 23472.0703125,
  "Z0241003|1": 20300.427734375,
  "Z0241003|2": 16965.458984375,
  "Z0241003|3": 26508.08203125,
  "Z0241003|4": 49560.44140625,
  "Z0241003|5": 35911.921875,
  "Z0241003|6": 5404.56005859375,
  "Z0241003|7": 12182.1513671875,
  "Z0241004|1": 28434.861328125,
  "Z0241004|2": 48831.76953125,
  "Z0241004|3": 46241.09375,
  "Z0241004|4": 46217.41796875,
  "Z0241004|5": 131440.078125,
  "Z0241004|6": 39920.5,
  "Z0241004|7": 18374.443359375,
  "Z0241005|1": 21036.93359375,
  "Z0241005|2": 28271.537109375,
  "Z0241005|3": 24118.029296875,
  "Z0241005|4": 25969.62890625,
  "Z0241005|5": 25018.095703125,
  "Z0241005|6": 23295.798828125,
  "Z0241005|7": 23129.01171875,
  "Z0241006|1": 14935.166015625,
  "Z0241006|2": 23192.251953125,
  "Z0241006|3": 25543.30078125,
  "Z0241006|4": 30077.0546875,
  "Z0241006|5": 32341.73828125,
  "Z0241006|6": 4501.55029296875,
  "Z0241006|7": 6617.4150390625,
  "Z0241007|1": 27102.84375,
  "Z0241007|2": 39611.453125,
  "Z0241007|3": 41476.36328125,
  "Z0241007|4": 62956.234375,
  "Z0241007|5": 79091.90625,
  "Z0241007|6": 26322.740234375,
  "Z0241007|7": 16060.9111328125,
  "Z0241008|1": 13609.666015625,
  "Z0241008|2": 10956.2216796875,
  "Z0241008|3": 13951.08984375,
  "Z0241008|4": 20213.240234375,
  "Z0241008|5": 40007.4765625,
  "Z0241008|6": 24439.880859375,
  "Z0241008|7": 11816.0458984375,
  "Z0276001|1": 37943.95703125,
  "Z0276001|2": 38814.0234375,
  "Z0276001|3": 40101.59765625,
  "Z0276001|4": 58634.60546875,
  "Z0276001|5": 68691.6015625,
  "Z0276001|6": 20396.181640625,
  "Z0276001|7": 5272.154296875,
  "Z0276002|1": 38059.859375,
  "Z0276002|2": 35585.4453125,
  "Z0276002|3": 44357.72265625,
  "Z0276002|4": 59005.9609375,
  "Z0276002|5": 66917.5078125,
  "Z0276002|6": 18554.361328125,
  "Z0276002|7": 3840.210693359375,
  "Z0276003|1": 11779.0498046875,
  "Z0276003|2": 9850.765625,
  "Z0276003|3": 11808.7685546875,
  "Z0276003|4": 16477.521484375,
  "Z0276003|5": 35383.0078125,
  "Z0276003|6": 14857.8212890625,
  "Z0276003|7": 1672.917724609375,
  "Z0283001|1": 31003.701171875,
  "Z0283001|2": 36507.6796875,
  "Z0283001|3": 32879.30078125,
  "Z0283001|4": 76748.3046875,
  "Z0283001|5": 56398.52734375,
  "Z0283001|6": 0.0,
  "Z0283001|7": 0.0,
  "Z0284001|1": 97123.7265625,
  "Z0284001|2": 117648.328125,
  "Z0284001|3": 92067.1640625,
  "Z0284001|4": 132467.203125,
  "Z0284001|5": 160938.65625,
  "Z0284001|6": 0.0,
  "Z0284001|7": 0.0,
  "Z0386001|1": 43363.14453125,
  "Z0386001|2": 48915.4375,
  "Z0386001|3": 38616.19140625,
  "Z0386001|4": 60855.6484375,
  "Z0386001|5": 101321.8046875,
  "Z0386001|6": 35580.83203125,
  "Z0386001|7": 23665.2890625,
  "Z0386002|1": 42052.14453125,
  "Z0386002|2": 52028.4296875,
  "Z0386002|3": 46526.9921875,
  "Z0386002|4": 64666.98828125,
  "Z0386002|5": 105163.3984375,
  "Z0386002|6": 37570.1875,
  "Z0386002|7": 22802.142578125,
  "Z0386003|1": 33684.375,
  "Z0386003|2": 49494.171875,
  "Z0386003|3": 50180.53515625,
  "Z0386003|4": 55985.19140625,
  "Z0386003|5": 104605.3515625,
  "Z0386003|6": 36789.703125,
  "Z0386003|7": 20330.90625,
  "Z0386004|1": 11717.12109375,
  "Z0386004|2": 12015.0341796875,
  "Z0386004|3": 7178.6328125,
  "Z0386004|4": 7525.056640625,
  "Z0386004|5": 13734.4150390625,
  "Z0386004|6": 11092.0654296875,
  "Z0386004|7": 7931.7646484375,
  "Z0386005|1": 12531.2060546875,
  "Z0386005|2": 10894.326171875,
  "Z0386005|3": 4895.83154296875,
  "Z0386005|4": 11749.3388671875,
  "Z0386005|5": 13975.8466796875,
  "Z0386005|6": 3381.722900390625,
  "Z0386005|7": 4426.78466796875,
  "Z0386006|1": 10102.1357421875,
  "Z0386006|2": 6986.04052734375,
  "Z0386006|3": 6725.423828125,
  "Z0386006|4": 6487.8935546875,
  "Z0386006|5": 12575.9609375,
  "Z0386006|6": 7753.1328125,
  "Z0386006|7": 4611.0166015625,
  "Z0386007|1": 21442.767578125,
  "Z0386007|2": 22109.4609375,
  "Z0386007|3": 18657.158203125,
  "Z0386007|4": 28971.30078125,
  "Z0386007|5": 63426.5390625,
  "Z0386007|6": 35888.57421875,
  "Z0386007|7": 13317.255859375,
  "Z0646001|1": 71338.28125,
  "Z0646001|2": 64607.1328125,
  "Z0646001|3": 74816.4140625,
  "Z0646001|4": 76610.4609375,
  "Z0646001|5": 110440.03125,
  "Z0646001|6": 29240.111328125,
  "Z0646001|7": 5995.88037109375,
  "Z0646002|1": 59457.69921875,
  "Z0646002|2": 70119.5625,
  "Z0646002|3": 76626.53125,
  "Z0646002|4": 74717.9453125,
  "Z0646002|5": 100972.8046875,
  "Z0646002|6": 22989.3203125,
  "Z0646002|7": 12177.853515625,
  "Z0646003|1": 4059.84716796875,
  "Z0646003|2": 2367.82373046875,
  "Z0646003|3": 3448.3193359375,
  "Z0646003|4": 5922.60107421875,
  "Z0646003|5": 4995.96630859375,
  "Z0646003|6": 2470.8984375,
  "Z0646003|7": 2009.89404296875,
  "Z0646004|1": 6217.4873046875,
  "Z0646004|2": 4867.455078125,
  "Z0646004|3": 11769.515625,
  "Z0646004|4": 9948.59375,
  "Z0646004|5": 12751.4150390625,
  "Z0646004|6": 5108.595703125,
  "Z0646004|7": 1336.615356445312,
  "Z0899001|1": 165123.9375,
  "Z0899001|2": 122546.8828125,
  "Z0899001|3": 102401.2578125,
  "Z0899001|4": 386087.90625,
  "Z0899001|5": 197183.390625,
  "Z0899001|6": 0.0,
  "Z0899001|7": 0.0,
  "Z0908001|1": 94139.5546875,
  "Z0908001|2": 63310.75,
  "Z0908001|3": 73270.3046875,
  "Z0908001|4": 151887.140625,
  "Z0908001|5": 328128.71875,
  "Z0908001|6": 0.0,
  "Z0908001|7": 0.0,
  "Z0951001|1": 79769.046875,
  "Z0951001|2": 76407.9765625,
  "Z0951001|3": 81752.375,
  "Z0951001|4": 84756.4921875,
  "Z0951001|5": 74464.6953125,
  "Z0951001|6": 29367.662109375,
  "Z0951001|7": 20465.548828125,
  "Z0951002|1": 76198.1875,
  "Z0951002|2": 67623.3359375,
  "Z0951002|3": 74597.4765625,
  "Z0951002|4": 91835.21875,
  "Z0951002|5": 90425.5703125,
  "Z0951002|6": 30363.44921875,
  "Z0951002|7": 14255.0634765625,
  "Z0972001|1": 58769.97265625,
  "Z0972001|2": 46017.0390625,
  "Z0972001|3": 74134.8515625,
  "Z0972001|4": 77540.515625,
  "Z0972001|5": 92660.6875,
  "Z0972001|6": 0.0,
  "Z0972001|7": 0.0,
  "Z1031001|1": 30062.97265625,
  "Z1031001|2": 27709.443359375,
  "Z1031001|3": 18876.013671875,
  "Z1031001|4": 29807.4296875,
  "Z1031001|5": 53521.09375,
  "Z1031001|6": 22329.337890625,
  "Z1031001|7": 8597.4619140625,
  "Z1031002|1": 38210.17578125,
  "Z1031002|2": 41822.01171875,
  "Z1031002|3": 42022.95703125,
  "Z1031002|4": 64801.69921875,
  "Z1031002|5": 90538.7890625,
  "Z1031002|6": 29681.052734375,
  "Z1031002|7": 11451.6328125,
  "Z1119001|1": 59641.30859375,
  "Z1119001|2": 61544.65234375,
  "Z1119001|3": 73312.8046875,
  "Z1119001|4": 82860.625,
  "Z1119001|5": 120640.96875,
  "Z1119001|6": 31462.326171875,
  "Z1119001|7": 9414.91796875,
  "Z1169001|1": 141157.453125,
  "Z1169001|2": 61960.1953125,
  "Z1169001|3": 73513.0390625,
  "Z1169001|4": 62403.8359375,
  "Z1169001|5": 120019.6796875,
  "Z1169001|6": 0.0,
  "Z1169001|7": 0.0,
  "Z1367001|1": 130180.8515625,
  "Z1367001|2": 99330.875,
  "Z1367001|3": 99649.9609375,
  "Z1367001|4": 144561.171875,
  "Z1367001|5": 271662.78125,
  "Z1367001|6": 0.0,
  "Z1367001|7": 0.0,
  "Z1524001|1": 56644.00390625,
  "Z1524001|2": 72252.5546875,
  "Z1524001|3": 78570.15625,
  "Z1524001|4": 111670.28125,
  "Z1524001|5": 111078.875,
  "Z1524001|6": 19311.01171875,
  "Z1524001|7": 10692.705078125,
  "Z1665001|1": 141093.796875,
  "Z1665001|2": 75328.0390625,
  "Z1665001|3": 72379.3828125,
  "Z1665001|4": 105255.203125,
  "Z1665001|5": 139878.21875,
  "Z1665001|6": 0.0,
  "Z1665001|7": 0.0,
  "Z1769001|1": 100508.6640625,
  "Z1769001|2": 81474.8203125,
  "Z1769001|3": 126138.765625,
  "Z1769001|4": 165040.8125,
  "Z1769001|5": 364206.84375,
  "Z1769001|6": 0.0,
  "Z1769001|7": 0.0,
  "Z1899001|1": 50984.24609375,
  "Z1899001|2": 62838.78515625,
  "Z1899001|3": 52010.07421875,
  "Z1899001|4": 99800.421875,
  "Z1899001|5": 149416.578125,
  "Z1899001|6": 30407.41015625,
  "Z1899001|7": 20139.63671875,