{
  "Z0241002|1": 59665.203125,
  "Z0241002|2": 87888.265625,
  "Z0241002|3": 55719.8203125,
  "Z0241002|4": 53326.6171875,
  "Z0241002|5": 55625.15234375,
  "Z0241002|6": 72027.171875,
  "Z0241002|7": 34757.33984375,
  "Z0241003|1": 34105.34375,
  "Z0241003|2": 26486.576171875,
  "Z0241003|3": 20343.82421875,
  "Z0241003|4": 19858.837890625,
  "Z0241003|5": 26236.97265625,
  "Z0241003|6": 32078.814453125,
  "Z0241003|7": 30285.017578125,
  "Z0241004|1": 28029.8828125,
  "Z0241004|2": 24177.216796875,
  "Z0241004|3": 23516.009765625,
  "Z0241004|4": 22371.798828125,
  "Z0241004|5": 25049.0625,
  "Z0241004|6": 36682.84765625,
  "Z0241004|7": 22824.509765625,
  "Z0241005|1": 20680.39453125,
  "Z0241005|2": 15886.0673828125,
  "Z0241005|3": 14168.005859375,
  "Z0241005|4": 11068.45703125,
  "Z0241005|5": 16130.498046875,
  "Z0241005|6": 35970.5390625,
  "Z0241005|7": 29001.32421875,
  "Z0241006|1": 40364.51171875,
  "Z0241006|2": 25659.27734375,
  "Z0241006|3": 32536.642578125,
  "Z0241006|4": 31381.0546875,
  "Z0241006|5": 21755.212890625,
  "Z0241006|6": 2485.686767578125,
  "Z0241006|7": 1640.373779296875,
  "Z0241007|1": 18850.71875,
  "Z0241007|2": 12634.7021484375,
  "Z0241007|3": 10957.193359375,
  "Z0241007|4": 7440.9443359375,
  "Z0241007|5": 12346.1171875,
  "Z0241007|6": 15111.791015625,
  "Z0241007|7": 28086.908203125,
  "Z0241008|1": 8818.947265625,
  "Z0241008|2": 7591.45166015625,
  "Z0241008|3": 4656.84033203125,
  "Z0241008|4": 4958.5791015625,
  "Z0241008|5": 7488.99755859375,
  "Z0241008|6": 14930.537109375,
  "Z0241008|7": 9625.8359375,
  "Z0276001|1": 46739.84375,
  "Z0276001|2": 30792.21484375,
  "Z0276001|3": 29577.490234375,
  "Z0276001|4": 28810.720703125,
  "Z0276001|5": 28581.462890625,
  "Z0276001|6": 34893.61328125,
  "Z0276001|7": 737.8461303710938,
  "Z0276002|1": 36285.3515625,
  "Z0276002|2": 24364.455078125,
  "Z0276002|3": 24352.69921875,
  "Z0276002|4": 24831.849609375,
  "Z0276002|5": 28705.455078125,
  "Z0276002|6": 49259.84765625,
  "Z0276002|7": 7265.1904296875,
  "Z0276003|1": 11008.005859375,
  "Z0276003|2": 9479.9580078125,
  "Z0276003|3": 6134.1240234375,
  "Z0276003|4": 8379.6591796875,
  "Z0276003|5": 8395.37109375,
  "Z0276003|6": 17369.64453125,
  "Z0276003|7": 2504.01806640625,
  "Z0283001|1": 21124.794921875,
  "Z0283001|2": 32002.7265625,
  "Z0283001|3": 20333.71875,
  "Z0283001|4": 20348.169921875,
  "Z0283001|5": 33871.69921875,
  "Z0283001|6": 0.0,
  "Z0283001|7": 0.0,
  "Z0284001|1": 53846.25,
  "Z0284001|2": 46951.43359375,
  "Z0284001|3": 62081.62890625,
  "Z0284001|4": 46815.59765625,
  "Z0284001|5": 69584.4296875,
  "Z0284001|6": 0.0,
  "Z0284001|7": 0.0,
  "Z0386001|1": 35624.9375,
  "Z0386001|2": 27635.865234375,
  "Z0386001|3": 24024.181640625,
  "Z0386001|4": 19497.443359375,
  "Z0386001|5": 20733.51953125,
  "Z0386001|6": 45916.60546875,
  "Z0386001|7": 11035.1376953125,
  "Z0386002|1": 26870.615234375,
  "Z0386002|2": 26689.484375,
  "Z0386002|3": 18328.044921875,
  "Z0386002|4": 15960.6181640625,
  "Z0386002|5": 18725.451171875,
  "Z0386002|6": 41113.3359375,
  "Z0386002|7": 14494.568359375,
  "Z0386003|1": 26379.96484375,
  "Z0386003|2": 26378.83203125,
  "Z0386003|3": 30796.001953125,
  "Z0386003|4": 24098.80859375,
  "Z0386003|5": 23003.818359375,
  "Z0386003|6": 43233.8125,
  "Z0386003|7": 26500.47265625,
  "Z0386004|1": 6063.30078125,
  "Z0386004|2": 6550.83447265625,
  "Z0386004|3": 4829.78955078125,
  "Z0386004|4": 3034.7861328125,
  "Z0386004|5": 7263.6728515625,
  "Z0386004|6": 11312.982421875,
  "Z0386004|7": 23800.892578125,
  "Z0386005|1": 1689.28662109375,
  "Z0386005|2": 1993.115112304688,
  "Z0386005|3": 1893.10400390625,
  "Z0386005|4": 1193.291137695312,
  "Z0386005|5": 2431.13330078125,
  "Z0386005|6": 8770.8818359375,
  "Z0386005|7": 6859.05908203125,
  "Z0386006|1": 11234.189453125,
  "Z0386006|2": 8124.92822265625,
  "Z0386006|3": 7641.15478515625,
  "Z0386006|4": 4996.24755859375,
  "Z0386006|5": 5420.78173828125,
  "Z0386006|6": 12834.3583984375,
  "Z0386006|7": 8163.5966796875,
  "Z0386007|1": 15419.478515625,
  "Z0386007|2": 11719.8251953125,
  "Z0386007|3": 6514.912109375,
  "Z0386007|4": 8547.7490234375,
  "Z0386007|5": 13299.8798828125,
  "Z0386007|6": 39431.3984375,
  "Z0386007|7": 15044.2314453125,
  "Z0646001|1": 54254.08984375,
  "Z0646001|2": 40189.3515625,
  "Z0646001|3": 25832.8515625,
  "Z0646001|4": 26007.97265625,
  "Z0646001|5": 32119.62109375,
  "Z0646001|6": 48472.31640625,
  "Z0646001|7": 26460.84765625,
  "Z0646002|1": 67695.5390625,
  "Z0646002|2": 40484.6015625,
  "Z0646002|3": 24250.05078125,
  "Z0646002|4": 26023.056640625,
  "Z0646002|5": 30868.779296875,
  "Z0646002|6": 51529.78125,
  "Z0646002|7": 14202.0166015625,
  "Z0646003|1": 2967.63134765625,
  "Z0646003|2": 2631.53076171875,
  "Z0646003|3": 1753.221435546875,
  "Z0646003|4": 1725.492065429688,
  "Z0646003|5": 3282.8388671875,
  "Z0646003|6": 5908.55712890625,
  "Z0646003|7": 10078.345703125,
  "Z0646004|1": 2057.942138671875,
  "Z0646004|2": 2296.305908203125,
  "Z0646004|3": 1104.79296875,
  "Z0646004|4": 855.9506225585938,
  "Z0646004|5": 2498.32568359375,
  "Z0646004|6": 8520.4892578125,
  "Z0646004|7": 7430.78076171875,
  "Z0899001|1": 88013.0703125,
  "Z0899001|2": 78407.875,
  "Z0899001|3": 76027.6015625,
  "Z0899001|4": 66201.3046875,
  "Z0899001|5": 81821.640625,
  "Z0899001|6": 0.0,
  "Z0899001|7": 0.0,
  "Z0908001|1": 81316.15625,
  "Z0908001|2": 75367.1953125,
  "Z0908001|3": 51253.6953125,
  "Z0908001|4": 61406.40625,
  "Z0908001|5": 116624.8359375,
  "Z0908001|6": 0.0,
  "Z0908001|7": 0.0,
  "Z0951001|1": 67543.796875,
  "Z0951001|2": 52670.609375,
  "Z0951001|3": 45528.73828125,
  "Z0951001|4": 45785.46484375,
  "Z0951001|5": 42280.35546875,
  "Z0951001|6": 54212.296875,
  "Z0951001|7": 3409.115478515625,
  "Z0951002|1": 72234.2265625,
  "Z0951002|2": 65644.71875,
  "Z0951002|3": 50946.23828125,
  "Z0951002|4": 53204.69921875,
  "Z0951002|5": 49154.73046875,
  "Z0951002|6": 56068.2265625,
  "Z0951002|7": 1349.390380859375,
  "Z0972001|1": 57807.35546875,
  "Z0972001|2": 41165.125,
  "Z0972001|3": 40201.65625,
  "Z0972001|4": 14028.91796875,
  "Z0972001|5": 36308.12890625,
  "Z0972001|6": 0.0,
  "Z0972001|7": 0.0,
  "Z1031001|1": 16604.86328125,
  "Z1031001|2": 10443.44140625,
  "Z1031001|3": 10637.6943359375,
  "Z1031001|4": 10395.3828125,
  "Z1031001|5": 13109.30078125,
  "Z1031001|6": 24575.728515625,
  "Z1031001|7": 21437.021484375,
  "Z1031002|1": 30172.03515625,
  "Z1031002|2": 21976.576171875,
  "Z1031002|3": 18132.30859375,
  "Z1031002|4": 16888.7421875,
  "Z1031002|5": 19612.2890625,
  "Z1031002|6": 43748.5,
  "Z1031002|7": 20922.224609375,
  "Z1119001|1": 41019.84765625,
  "Z1119001|2": 30140.744140625,
  "Z1119001|3": 31492.015625,
  "Z1119001|4": 25490.4921875,
  "Z1119001|5": 47892.23828125,
  "Z1119001|6": 79854.375,
  "Z1119001|7": 12930.9697265625,
  "Z1169001|1": 39686.3984375,
  "Z1169001|2": 26617.978515625,
  "Z1169001|3": 28832.21484375,
  "Z1169001|4": 28133.5546875,
  "Z1169001|5": 82386.9765625,
  "Z1169001|6": 0.0,
  "Z1169001|7": 0.0,
  "Z1367001|1": 71809.5390625,
  "Z1367001|2": 66901.359375,
  "Z1367001|3": 46045.1796875,
  "Z1367001|4": 48513.24609375,
  "Z1367001|5": 81159.1875,
  "Z1367001|6": 0.0,
  "Z1367001|7": 0.0,
  "Z1524001|1": 34979.87890625,
  "Z1524001|2": 23851.29296875,
  "Z1524001|3": 24620.06640625,
  "Z1524001|4": 17605.12109375,
  "Z1524001|5": 25126.943359375,
  "Z1524001|6": 54023.65625,
  "Z1524001|7": 32491.15234375,
  "Z1665001|1": 44370.078125,
  "Z1665001|2": 41751.59375,
  "Z1665001|3": 51566.65234375,
  "Z1665001|4": 40816.73046875,
  "Z1665001|5": 53425.984375,
  "Z1665001|6": 0.0,
  "Z1665001|7": 0.0,
  "Z1769001|1": 43244.69921875,
  "Z1769001|2": 46279.78515625,
  "Z1769001|3": 39559.76953125,
  "Z1769001|4": 45105.671875,
  "Z1769001|5": 57943.51953125,
  "Z1769001|6": 0.0,
  "Z1769001|7": 0.0,
  "Z1899001|1": 22630.98828125,
  "Z1899001|2": 15951.8984375,
  "Z1899001|3": 13671.3310546875,