{
  "Z0241002|1": 149813.109375,
  "Z0241003|1": 171775.796875,
  "Z0241004|1": 206189.5625,
  "Z0241005|1": 69201.71875,
  "Z0241006|1": 18776.865234375,
  "Z0241007|1": 88086.3828125,
  "Z0241008|1": 0.0002308723342139274,
  "Z0276001|1": 49220.44921875,
  "Z0276002|1": 100153.5859375,
  "Z0276003|1": 12187.5908203125,
  "Z0283001|1": 80089.890625,
  "Z0284001|1": 337562.96875,
  "Z0386001|1": 148131.140625,
  "Z0386002|1": 158544.484375,
  "Z0386003|1": 154256.234375,
  "Z0386004|1": 36904.37109375,
  "Z0386005|1": 7118.90966796875,
  "Z0386006|1": 26810.1015625,
  "Z0386007|1": 1477.20947265625,
  "Z0646001|1": 230393.75,
  "Z0646002|1": 227231.890625,
  "Z0646003|1": 10538.888671875,
  "Z0646004|1": 11548.8232421875,
  "Z0899001|1": 391615.90625,
  "Z0908001|1": 264992.375,
  "Z0951001|1": 189755.453125,
  "Z0951002|1": 161120.328125,
  "Z0972001|1": 173166.328125,
  "Z1031001|1": 92716.1953125,
  "Z1031002|1": 130605.0234375,
  "Z1119001|1": 237651.96875,
  "Z1169001|1": 242167.125,
  "Z1367001|1": 362632.65625,
  "Z1524001|1": 134087.765625,
  "Z1665001|1": 221116.375,
  "Z1769001|1": 273865.8125,
  "Z1899001|1": 109609.8359375,
  "Z1899002|1": 74171.5546875,
  "Z2011001|1": 122576.921875,
  "Z2135001|1": 209939.71875,
  "Z2135002|1": 123688.734375,
  "Z2136001|1": 2.402072429656982,
  "Z0241002|2": 47083.3515625,
  "Z0241003|2": 46968.046875,
  "Z0241004|2": 57106.13671875,
  "Z0241005|2": 12188.58984375,
  "Z0241006|2": 5951.8740234375,
  "Z0241007|2": 19936.947265625,
  "Z0241008|2": 0.0,
  "Z0276001|2": 29953.27734375,
  "Z0276002|2": 20785.09375,
  "Z0276003|2": 2477.966552734375,
  "Z0283001|2": 54163.359375,
  "Z0284001|2": 129618.671875,
  "Z0386001|2": 58611.79296875,
  "Z0386002|2": 62040.49609375,
  "Z0386003|2": 56491.65625,
  "Z0386004|2": 13450.5712890625,
  "Z0386005|2": 4418.6552734375,
  "Z0386006|2": 11608.9658203125,
  "Z0386007|2": 4040.167236328125,
  "Z0646001|2": 77547.171875,
  "Z0646002|2": 78724.296875,
  "Z0646003|2": 5776.93310546875,
  "Z0646004|2": 5058.31298828125,
  "Z0899001|2": 130929.390625,
  "Z0908001|2": 93298.6015625,
  "Z0951001|2": 89889.4765625,
  "Z0951002|2": 70136.28125,
  "Z0972001|2": 49547.6796875,
  "Z1031001|2": 22469.4765625,
  "Z1031002|2": 46573.91796875,
  "Z1119001|2": 83303.859375,
  "Z1169001|2": 114061.375,
  "Z1367001|2": 144582.6875,
  "Z1524001|2": 47630.828125,
  "Z1665001|2": 57498.07421875,
  "Z1769001|2": 118724.15625,
  "Z1899001|2": 34168.1796875,
  "Z1899002|2": 32363.890625,
  "Z2011001|2": 54179.0625,
  "Z2135001|2": 64064.5,
  "Z2135002|2": 19639.7109375,
  "Z2136001|2": 2.03313136100769,
  "Z0241002|3": 41253.55078125,
  "Z0241003|3": 35471.5625,
  "Z0241004|3": 44549.859375,
  "Z0241005|3": 15054.896484375,
  "Z0241006|3": 6218.00341796875,
  "Z0241007|3": 15047.3310546875,
  "Z0241008|3": 0.0,
  "Z0276001|3": 34144.984375,
  "Z0276002|3": 23974.1015625,
  "Z0276003|3": 3924.44189453125,
  "Z0283001|3": 22080.296875,
  "Z0284001|3": 80164.015625,
  "Z0386001|3": 38938.078125,
  "Z0386002|3": 37489.69140625,
  "Z0386003|3": 36631.5234375,
  "Z0386004|3": 11872.5966796875,
  "Z0386005|3": 4119.42041015625,
  "Z0386006|3": 12414.6259765625,
  "Z0386007|3": 3930.304931640625,
  "Z0646001|3": 47281.4296875,
  "Z0646002|3": 45735.49609375,
  "Z0646003|3": 5011.07177734375,
  "Z0646004|3": 1905.360717773438,
  "Z0899001|3": 68073.4921875,
  "Z0908001|3": 31577.1875,
  "Z0951001|3": 56609.66015625,
  "Z0951002|3": 50773.3671875,
  "Z0972001|3": 37537.5234375,
  "Z1031001|3": 21179.05859375,
  "Z1031002|3": 26115.296875,
  "Z1119001|3": 75678.703125,
  "Z1169001|3": 54745.46484375,
  "Z1367001|3": 50968.05859375,
  "Z1524001|3": 35121.14453125,
  "Z1665001|3": 48170.69921875,
  "Z1769001|3": 45696.91015625,
  "Z1899001|3": 19171.65625,
  "Z1899002|3": 22367.10546875,
  "Z2011001|3": 25678.298828125,
  "Z2135001|3": 43611.5703125,
  "Z2135002|3": 29400.197265625,
  "Z2136001|3": 1.870422840118408,
  "Z0241002|4": 28068.83203125,
  "Z0241003|4": 24628.685546875,
  "Z0241004|4": 31758.517578125,
  "Z0241005|4": 12504.236328125,
  "Z0241006|4": 5980.20751953125,
  "Z0241007|4": 13880.0849609375,
  "Z0241008|4": 0.01969286799430847,
  "Z0276001|4": 29098.513671875,
  "Z0276002|4": 17604.046875,
  "Z0276003|4": 2940.2373046875,
  "Z0283001|4": 11632.251953125,
  "Z0284001|4": 47359.91015625,
  "Z0386001|4": 26097.71875,
  "Z0386002|4": 29876.21875,
  "Z0386003|4": 28650.236328125,
  "Z0386004|4": 11393.4677734375,
  "Z0386005|4": 2705.667236328125,
  "Z0386006|4": 6563.19921875,
  "Z0386007|4": 3483.830322265625,
  "Z0646001|4": 35993.4609375,
  "Z0646002|4": 33372.12890625,
  "Z0646003|4": 1695.530151367188,
  "Z0646004|4": 584.3372192382812,
  "Z0899001|4": 42395.67578125,
  "Z0908001|4": 23095.6171875,
  "Z0951001|4": 43719.67578125,
  "Z0951002|4": 39112.5234375,
  "Z0972001|4": 23299.48828125,
  "Z1031001|4": 12223.6083984375,
  "Z1031002|4": 19153.234375,
  "Z1119001|4": 38499.3671875,
  "Z1169001|4": 27384.2578125,
  "Z1367001|4": 41837.05078125,
  "Z1524001|4": 26066.75,
  "Z1665001|4": 25874.79296875,
  "Z1769001|4": 29596.931640625,
  "Z1899001|4": 13810.4951171875,
  "Z1899002|4": 12566.5849609375,
  "Z2011001|4": 17859.998046875,
  "Z2135001|4": 33710.56640625,
  "Z2135002|4": 23712.982421875,
  "Z2136001|4": 1.798622846603394,
  "Z0241002|5": 24083.4375,
  "Z0241003|5": 23352.8359375,
  "Z0241004|5": 26810.587890625,
  "Z0241005|5": 8606.7900390625,
  "Z0241006|5": 6639.09375,
  "Z0241007|5": 12183.94140625,
  "Z0241008|5": 0.0,
  "Z0276001|5": 27733.44921875,
  "Z0276002|5": 19592.865234375,
  "Z0276003|5": 3014.59912109375,
  "Z0283001|5": 13653.8447265625,
  "Z0284001|5": 63162.6328125,
  "Z0386001|5": 23849.564453125,
  "Z0386002|5": 28141.982421875,
  "Z0386003|5": 26379.63671875,
  "Z0386004|5": 10217.5830078125,
  "Z0386005|5": 651.6689453125,
  "Z0386006|5": 5111.84716796875,
  "Z0386007|5": 3907.833251953125,
  "Z0646001|5": 30465.7265625,
  "Z0646002|5": 32674.833984375,
  "Z0646003|5": 652.0481567382812,
  "Z0646004|5": 629.1099243164062,
  "Z0899001|5": 56306.84375,
  "Z0908001|5": 37210.8515625,
  "Z0951001|5": 42744.58203125,
  "Z0951002|5": 39961.1796875,
  "Z0972001|5": 28585.306640625,
  "Z1031001|5": 11695.6728515625,
  "Z1031002|5": 17962.8359375,
  "Z1119001|5": 18592.890625,
  "Z1169001|5": 48031.609375,
  "Z1367001|5": 61782.6484375,
  "Z1524001|5": 23476.66015625,
  "Z1665001|5": 33148.75390625,
  "Z1769001|5": 31484.20703125,
  "Z1899001|5": 12695.4248046875,
  "Z1899002|5": 16242.0791015625,
  "Z2011001|5": 8699.9873046875,
  "Z2135001|5": 28429.494140625,
  "Z2135002|5": 23910.736328125,
  "Z2136001|5": 1.870131969451904,
  "Z0241002|6": 21735.802734375,
  "Z0241003|6": 19000.49609375,
  "Z0241004|6": 12547.4951171875,
  "Z0241005|6": 3768.614013671875,
  "Z0241006|6": 1965.446533203125,
  "Z0241007|6": 3267.242431640625,
  "Z0241008|6": 0.08435239642858505,
  "Z0276001|6": 18220.822265625,
  "Z0276002|6": 9779.703125,
  "Z0276003|6": 1898.384033203125,
  "Z0386001|6": 15831.73828125,
  "Z0386002|6": 15878.615234375,
  "Z0386003|6": 11143.5888671875,
  "Z0386004|6": 3151.6806640625,
  "Z0386005|6": 950.2738037109375,
  "Z0386006|6": 2368.895751953125,
  "Z0386007|6": 3864.87744140625,
  "Z0646001|6": 26600.59375,
  "Z0646002|6": 31478.29296875,
  "Z0646003|6": 1587.7626953125,
  "Z0646004|6": 134.673095703125,
  "Z0951001|6": 40386.69140625,
  "Z0951002|6": 32488.55078125,
  "Z1031001|6": 6334.62890625,
  "Z1031002|6": 5978.64501953125,
  "Z1119001|6": 20932.564453125,
  "Z1524001|6": 11789.232421875,
  "Z1899001|6": 7463.76123046875,
  "Z1899002|6": 9125.603515625,
  "Z2135001|6": 24857.486328125,
  "Z2135002|6": 16062.8720703125,
  "Z0241002|7": 26268.6953125,
  "Z0241003|7": 22081.265625,
  "Z0241004|7": 13739.158203125,
  "Z0241005|7": 10357.330078125,
  "Z0241006|7": 2967.9697265625,
  "Z0241007|7": 15789.125,
  "Z0241008|7": 0.03007327951490879,
  "Z0276001|7": 31353.65234375,
  "Z0276002|7": 25110.94140625,
  "Z0276003|7": 8295.0263671875,