{
  "Z0241002|1": 238706.375,
  "Z0241002|2": 111080.4609375,
  "Z0241002|3": 77911.4453125,
  "Z0241002|4": 67995.4375,
  "Z0241002|5": 50684.78125,
  "Z0241002|6": 2060.311767578125,
  "Z0241002|7": 17.72590827941895,
  "Z0241003|1": 134166.296875,
  "Z0241003|2": 52462.4609375,
  "Z0241003|3": 32336.40234375,
  "Z0241003|4": 25352.515625,
  "Z0241003|5": 22006.37890625,
  "Z0241003|6": 9829.564453125,
  "Z0241003|7": 22939.625,
  "Z0241004|1": 133736.6875,
  "Z0241004|2": 58315.83984375,
  "Z0241004|3": 38726.46484375,
  "Z0241004|4": 27293.130859375,
  "Z0241004|5": 27088.630859375,
  "Z0241004|6": 14954.921875,
  "Z0241004|7": 27578.23046875,
  "Z0241005|1": 92128.734375,
  "Z0241005|2": 29490.84765625,
  "Z0241005|3": 16132.205078125,
  "Z0241005|4": 14265.9443359375,
  "Z0241005|5": 14412.521484375,
  "Z0241005|6": 14974.375,
  "Z0241005|7": 18655.271484375,
  "Z0241006|1": 29273.900390625,
  "Z0241006|2": 14407.408203125,
  "Z0241006|3": 8852.70703125,
  "Z0241006|4": 9201.6162109375,
  "Z0241006|5": 11597.3125,
  "Z0241006|6": 4960.45703125,
  "Z0241006|7": 1554.665893554688,
  "Z0241007|1": 97035.125,
  "Z0241007|2": 32811.828125,
  "Z0241007|3": 17501.193359375,
  "Z0241007|4": 13601.0888671875,
  "Z0241007|5": 14620.8310546875,
  "Z0241007|6": 19753.265625,
  "Z0241007|7": 12568.03515625,
  "Z0241008|1": 27234.2890625,
  "Z0241008|2": 12065.4111328125,
  "Z0241008|3": 7394.01708984375,
  "Z0241008|4": 5728.36181640625,
  "Z0241008|5": 5887.32568359375,
  "Z0241008|6": 13120.4951171875,
  "Z0241008|7": 13094.8544921875,
  "Z0276001|1": 117637.78125,
  "Z0276001|2": 54370.58203125,
  "Z0276001|3": 39078.3671875,
  "Z0276001|4": 32719.64453125,
  "Z0276001|5": 29463.044921875,
  "Z0276001|6": 42563.234375,
  "Z0276001|7": 13566.43359375,
  "Z0276002|1": 98234.21875,
  "Z0276002|2": 32933.125,
  "Z0276002|3": 21488.482421875,
  "Z0276002|4": 24264.904296875,
  "Z0276002|5": 20152.375,
  "Z0276002|6": 31539.4140625,
  "Z0276002|7": 10397.3955078125,
  "Z0276003|1": 28442.130859375,
  "Z0276003|2": 11309.583984375,
  "Z0276003|3": 9719.31640625,
  "Z0276003|4": 5027.99267578125,
  "Z0276003|5": 2997.498779296875,
  "Z0276003|6": 4623.36572265625,
  "Z0276003|7": 1157.51904296875,
  "Z0283001|1": 77080.515625,
  "Z0283001|2": 52675.1328125,
  "Z0283001|3": 29834.27734375,
  "Z0283001|4": 23353.904296875,
  "Z0283001|5": 21309.296875,
  "Z0283001|6": 0.0,
  "Z0283001|7": 0.0,
  "Z0284001|1": 222197.625,
  "Z0284001|2": 126530.2109375,
  "Z0284001|3": 81937.8359375,
  "Z0284001|4": 51506.34375,
  "Z0284001|5": 64801.44921875,
  "Z0284001|6": 0.0,
  "Z0284001|7": 0.0,
  "Z0386001|1": 125198.6796875,
  "Z0386001|2": 54810.08984375,
  "Z0386001|3": 39498.01953125,
  "Z0386001|4": 26319.30078125,
  "Z0386001|5": 25020.74609375,
  "Z0386001|6": 10672.3681640625,
  "Z0386001|7": 15824.5068359375,
  "Z0386002|1": 116079.34375,
  "Z0386002|2": 59641.58984375,
  "Z0386002|3": 41583.73828125,
  "Z0386002|4": 31282.833984375,
  "Z0386002|5": 24119.640625,
  "Z0386002|6": 37572.16015625,
  "Z0386002|7": 16756.5703125,
  "Z0386003|1": 98192.3515625,
  "Z0386003|2": 64621.12109375,
  "Z0386003|3": 47251.5,
  "Z0386003|4": 34103.9765625,
  "Z0386003|5": 25565.380859375,
  "Z0386003|6": 17039.79296875,
  "Z0386003|7": 9359.9443359375,
  "Z0386004|1": 66926.7578125,
  "Z0386004|2": 19649.865234375,
  "Z0386004|3": 11406.689453125,
  "Z0386004|4": 11082.7177734375,
  "Z0386004|5": 7705.802734375,
  "Z0386004|6": 8236.009765625,
  "Z0386004|7": 4439.52587890625,
  "Z0386005|1": 15505.0693359375,
  "Z0386005|2": 6361.13671875,
  "Z0386005|3": 6905.74560546875,
  "Z0386005|4": 4276.0146484375,
  "Z0386005|5": 3675.753662109375,
  "Z0386005|6": 3963.88671875,
  "Z0386005|7": 6905.2646484375,
  "Z0386006|1": 25937.451171875,
  "Z0386006|2": 15742.3017578125,
  "Z0386006|3": 8913.7021484375,
  "Z0386006|4": 4809.28125,
  "Z0386006|5": 6232.52734375,
  "Z0386006|6": 7215.8740234375,
  "Z0386006|7": 6742.6953125,
  "Z0386007|1": 89293.5234375,
  "Z0386007|2": 18374.337890625,
  "Z0386007|3": 15863.5087890625,
  "Z0386007|4": 11501.9521484375,
  "Z0386007|5": 13087.837890625,
  "Z0386007|6": 18337.189453125,
  "Z0386007|7": 12325.1044921875,
  "Z0646001|1": 203747.53125,
  "Z0646001|2": 79522.5703125,
  "Z0646001|3": 60284.875,
  "Z0646001|4": 48462.0078125,
  "Z0646001|5": 42355.6640625,
  "Z0646001|6": 43844.0234375,
  "Z0646001|7": 33813.6015625,
  "Z0646002|1": 204961.09375,
  "Z0646002|2": 79684.1953125,
  "Z0646002|3": 60793.46484375,
  "Z0646002|4": 47858.99609375,
  "Z0646002|5": 41790.91015625,
  "Z0646002|6": 39540.49609375,
  "Z0646002|7": 37351.7578125,
  "Z0646003|1": 16214.4052734375,
  "Z0646003|2": 6622.763671875,
  "Z0646003|3": 2887.34814453125,
  "Z0646003|4": 1880.667602539062,
  "Z0646003|5": 1852.58447265625,
  "Z0646003|6": 2204.130859375,
  "Z0646003|7": 4862.3134765625,
  "Z0646004|1": 22958.908203125,
  "Z0646004|2": 4757.8623046875,
  "Z0646004|3": 3944.68310546875,
  "Z0646004|4": 3458.68701171875,
  "Z0646004|5": 3204.96435546875,
  "Z0646004|6": 6866.45556640625,
  "Z0646004|7": 7209.62744140625,
  "Z0899001|1": 404192.84375,
  "Z0899001|2": 205587.734375,
  "Z0899001|3": 102610.2578125,
  "Z0899001|4": 46754.37890625,
  "Z0899001|5": 74793.234375,
  "Z0899001|6": 0.0,
  "Z0899001|7": 0.0,
  "Z0908001|1": 355432.90625,
  "Z0908001|2": 132597.765625,
  "Z0908001|3": 57705.23046875,
  "Z0908001|4": 49531.5703125,
  "Z0908001|5": 60510.5546875,
  "Z0908001|6": 0.0,
  "Z0908001|7": 0.0,
  "Z0951001|1": 157853.359375,
  "Z0951001|2": 71582.2578125,
  "Z0951001|3": 53773.73828125,
  "Z0951001|4": 28779.7421875,
  "Z0951001|5": 24645.720703125,
  "Z0951001|6": 28760.53515625,
  "Z0951001|7": 1415.753173828125,
  "Z0951002|1": 187960.859375,
  "Z0951002|2": 72107.7890625,
  "Z0951002|3": 50723.2265625,
  "Z0951002|4": 31215.66015625,
  "Z0951002|5": 23511.81640625,
  "Z0951002|6": 28459.984375,
  "Z0951002|7": 450.7186584472656,
  "Z0972001|1": 273187.3125,
  "Z0972001|2": 83002.0390625,
  "Z0972001|3": 53282.8984375,
  "Z0972001|4": 37486.2578125,
  "Z0972001|5": 32376.548828125,
  "Z0972001|6": 0.0,
  "Z0972001|7": 0.0,
  "Z1031001|1": 107701.25,
  "Z1031001|2": 33561.20703125,
  "Z1031001|3": 24611.09765625,
  "Z1031001|4": 14316.744140625,
  "Z1031001|5": 12232.2265625,
  "Z1031001|6": 24112.6484375,
  "Z1031001|7": 12051.046875,
  "Z1031002|1": 124609.28125,
  "Z1031002|2": 46066.7890625,
  "Z1031002|3": 26942.826171875,
  "Z1031002|4": 21561.27734375,
  "Z1031002|5": 21300.11328125,
  "Z1031002|6": 18556.46875,
  "Z1031002|7": 17299.18359375,
  "Z1119001|1": 195423.0625,
  "Z1119001|2": 85468.109375,
  "Z1119001|3": 67075.8359375,
  "Z1119001|4": 45499.046875,
  "Z1119001|5": 49791.96484375,
  "Z1119001|6": 36177.4765625,
  "Z1119001|7": 2417.865234375,
  "Z1169001|1": 223554.5625,
  "Z1169001|2": 75665.359375,
  "Z1169001|3": 86549.4375,
  "Z1169001|4": 35114.04296875,
  "Z1169001|5": 48379.94921875,
  "Z1169001|6": 0.0,
  "Z1169001|7": 0.0,
  "Z1367001|1": 361572.5,
  "Z1367001|2": 155631.78125,
  "Z1367001|3": 104627.203125,
  "Z1367001|4": 49945.96484375,
  "Z1367001|5": 68194.8125,
  "Z1367001|6": 0.0,
  "Z1367001|7": 0.0,
  "Z1524001|1": 140859.328125,
  "Z1524001|2": 52643.34375,
  "Z1524001|3": 28313.98046875,
  "Z1524001|4": 22665.80859375,
  "Z1524001|5": 19689.955078125,
  "Z1524001|6": 47199.34375,
  "Z1524001|7": 34922.7109375,
  "Z1665001|1": 185383.09375,
  "Z1665001|2": 70294.453125,
  "Z1665001|3": 57536.9140625,
  "Z1665001|4": 42021.03515625,
  "Z1665001|5": 37371.390625,
  "Z1665001|6": 0.0,
  "Z1665001|7": 0.0,
  "Z1769001|1": 236431.90625,
  "Z1769001|2": 75213.0390625,
  "Z1769001|3": 39943.84375,
  "Z1769001|4": 26796.400390625,
  "Z1769001|5": 17276.265625,
  "Z1769001|6": 0.0,
  "Z1769001|7": 0.0,
  "Z1899001|1": 143100.75,
  "Z1899001|2": 44419.27734375,
  "Z1899001|3": 26668.619140625,
  "Z1899001|4": 17855.791015625,
  "Z1899001|5": 17674.873046875,
  "Z1899001|6": 25108.5703125,
  "Z1899001|7": 27390.447265625,