{
  "Z0241002|1": 43729.9375,
  "Z0241003|1": 44400.51171875,
  "Z0241004|1": 49596.1875,
  "Z0241005|1": 13472.255859375,
  "Z0241006|1": 13972.474609375,
  "Z0241007|1": 8981.3759765625,
  "Z0241008|1": 10551.7626953125,
  "Z0276001|1": 41812.91796875,
  "Z0276002|1": 30786.107421875,
  "Z0276003|1": 14540.5654296875,
  "Z0283001|1": 16583.529296875,
  "Z0284001|1": 111800.8203125,
  "Z0386001|1": 17943.5390625,
  "Z0386002|1": 27164.640625,
  "Z0386003|1": 36832.81640625,
  "Z0386004|1": 7401.28466796875,
  "Z0386005|1": 2937.292236328125,
  "Z0386006|1": 3626.28076171875,
  "Z0386007|1": 8343.849609375,
  "Z0646001|1": 38544.5546875,
  "Z0646002|1": 30417.91015625,
  "Z0646003|1": 2343.81787109375,
  "Z0646004|1": 824.701416015625,
  "Z0899001|1": 112142.640625,
  "Z0908001|1": 59387.4296875,
  "Z0951001|1": 63782.7890625,
  "Z0951002|1": 78750.6484375,
  "Z0972001|1": 38650.015625,
  "Z1031001|1": 17808.630859375,
  "Z1031002|1": 20502.255859375,
  "Z1119001|1": 57720.48046875,
  "Z1169001|1": 48127.2578125,
  "Z1367001|1": 89109.0,
  "Z1524001|1": 20809.5703125,
  "Z1665001|1": 67079.3515625,
  "Z1769001|1": 39631.8203125,
  "Z1899001|1": 23948.005859375,
  "Z1899002|1": 34884.19921875,
  "Z2011001|1": 27836.609375,
  "Z2135001|1": 64163.80078125,
  "Z2135002|1": 12236.0771484375,
  "Z2136001|1": 18032.55859375,
  "Z0241002|2": 34632.828125,
  "Z0241003|2": 31481.0546875,
  "Z0241004|2": 26608.0546875,
  "Z0241005|2": 11223.3515625,
  "Z0241006|2": 15627.416015625,
  "Z0241007|2": 10828.224609375,
  "Z0241008|2": 4819.6923828125,
  "Z0276001|2": 24475.3359375,
  "Z0276002|2": 20357.46875,
  "Z0276003|2": 6720.3515625,
  "Z0283001|2": 29033.06640625,
  "Z0284001|2": 116126.2890625,
  "Z0386001|2": 14888.6025390625,
  "Z0386002|2": 22858.66796875,
  "Z0386003|2": 21885.5078125,
  "Z0386004|2": 3887.67333984375,
  "Z0386005|2": 1107.827392578125,
  "Z0386006|2": 4272.7529296875,
  "Z0386007|2": 9919.08984375,
  "Z0646001|2": 21579.03125,
  "Z0646002|2": 19705.302734375,
  "Z0646003|2": 2006.96484375,
  "Z0646004|2": 471.4307861328125,
  "Z0899001|2": 56493.1640625,
  "Z0908001|2": 42886.10546875,
  "Z0951001|2": 62932.5234375,
  "Z0951002|2": 61365.3671875,
  "Z0972001|2": 32505.595703125,
  "Z1031001|2": 11481.412109375,
  "Z1031002|2": 17776.337890625,
  "Z1119001|2": 43017.6796875,
  "Z1169001|2": 37085.47265625,
  "Z1367001|2": 41303.94140625,
  "Z1524001|2": 13148.1669921875,
  "Z1665001|2": 40096.7421875,
  "Z1769001|2": 32726.822265625,
  "Z1899001|2": 14827.8525390625,
  "Z1899002|2": 28645.9453125,
  "Z2011001|2": 18167.810546875,
  "Z2135001|2": 39362.8671875,
  "Z2135002|2": 17058.328125,
  "Z2136001|2": 7578.5087890625,
  "Z0241002|3": 28354.568359375,
  "Z0241003|3": 24686.912109375,
  "Z0241004|3": 27709.76171875,
  "Z0241005|3": 8267.3974609375,
  "Z0241006|3": 16957.984375,
  "Z0241007|3": 10535.994140625,
  "Z0241008|3": 7398.27099609375,
  "Z0276001|3": 23238.7265625,
  "Z0276002|3": 22907.029296875,
  "Z0276003|3": 6753.412109375,
  "Z0283001|3": 29399.693359375,
  "Z0284001|3": 35511.9453125,
  "Z0386001|3": 12694.927734375,
  "Z0386002|3": 17032.69140625,
  "Z0386003|3": 15757.0068359375,
  "Z0386004|3": 4098.35693359375,
  "Z0386005|3": 227.2329864501953,
  "Z0386006|3": 4245.68212890625,
  "Z0386007|3": 7416.47119140625,
  "Z0646001|3": 19967.470703125,
  "Z0646002|3": 17661.54296875,
  "Z0646003|3": 1592.437133789062,
  "Z0646004|3": 1520.20361328125,
  "Z0899001|3": 49849.03125,
  "Z0908001|3": 36386.64453125,
  "Z0951001|3": 46796.3125,
  "Z0951002|3": 56651.515625,
  "Z0972001|3": 31936.685546875,
  "Z1031001|3": 11788.310546875,
  "Z1031002|3": 14484.3564453125,
  "Z1119001|3": 27695.890625,
  "Z1169001|3": 34461.0078125,
  "Z1367001|3": 74484.3046875,
  "Z1524001|3": 12651.728515625,
  "Z1665001|3": 40446.9375,
  "Z1769001|3": 28044.669921875,
  "Z1899001|3": 18183.291015625,
  "Z1899002|3": 16869.232421875,
  "Z2011001|3": 16140.130859375,
  "Z2135001|3": 24910.765625,
  "Z2135002|3": 24331.435546875,
  "Z2136001|3": 15547.6279296875,
  "Z0241002|4": 36499.8125,
  "Z0241003|4": 25365.4296875,
  "Z0241004|4": 34418.2421875,
  "Z0241005|4": 8310.896484375,
  "Z0241006|4": 15930.537109375,
  "Z0241007|4": 12043.6591796875,
  "Z0241008|4": 2859.96240234375,
  "Z0276001|4": 28326.97265625,
  "Z0276002|4": 26651.96484375,
  "Z0276003|4": 8978.29296875,
  "Z0283001|4": 31297.3671875,
  "Z0284001|4": 28069.716796875,
  "Z0386001|4": 14060.8388671875,
  "Z0386002|4": 14864.3837890625,
  "Z0386003|4": 22618.775390625,
  "Z0386004|4": 4225.7548828125,
  "Z0386005|4": 1294.898193359375,
  "Z0386006|4": 4241.2822265625,
  "Z0386007|4": 6120.28466796875,
  "Z0646001|4": 21407.111328125,
  "Z0646002|4": 14026.8310546875,
  "Z0646003|4": 1512.101196289062,
  "Z0646004|4": 849.5181884765625,
  "Z0899001|4": 63977.12890625,
  "Z0908001|4": 40931.1796875,
  "Z0951001|4": 53190.39453125,
  "Z0951002|4": 63744.90625,
  "Z0972001|4": 23031.43359375,
  "Z1031001|4": 11016.4404296875,
  "Z1031002|4": 15121.8681640625,
  "Z1119001|4": 22729.9921875,
  "Z1169001|4": 45727.94921875,
  "Z1367001|4": 72454.9375,
  "Z1524001|4": 12606.0791015625,
  "Z1665001|4": 28488.689453125,
  "Z1769001|4": 30382.103515625,
  "Z1899001|4": 19678.220703125,
  "Z1899002|4": 19699.666015625,
  "Z2011001|4": 17323.884765625,
  "Z2135001|4": 26836.015625,
  "Z2135002|4": 23567.96484375,
  "Z2136001|4": 8176.50146484375,
  "Z0241002|5": 60017.4921875,
  "Z0241003|5": 48543.05078125,
  "Z0241004|5": 64329.4765625,
  "Z0241005|5": 22665.181640625,
  "Z0241006|5": 28202.703125,
  "Z0241007|5": 20241.0,
  "Z0241008|5": 6358.09765625,
  "Z0276001|5": 71875.453125,
  "Z0276002|5": 55316.578125,
  "Z0276003|5": 19896.62109375,
  "Z0283001|5": 51138.90625,
  "Z0284001|5": 119419.4609375,
  "Z0386001|5": 30448.2109375,
  "Z0386002|5": 45833.56640625,
  "Z0386003|5": 49684.80859375,
  "Z0386004|5": 10457.35546875,
  "Z0386005|5": 3134.170654296875,
  "Z0386006|5": 8922.173828125,
  "Z0386007|5": 18138.93359375,
  "Z0646001|5": 48787.5,
  "Z0646002|5": 34778.9921875,
  "Z0646003|5": 3637.613525390625,
  "Z0646004|5": 2086.09912109375,
  "Z0899001|5": 78914.46875,
  "Z0908001|5": 76717.9375,
  "Z0951001|5": 82395.7734375,
  "Z0951002|5": 84610.796875,
  "Z0972001|5": 48747.96875,
  "Z1031001|5": 28750.689453125,
  "Z1031002|5": 36011.7265625,
  "Z1119001|5": 46506.67578125,
  "Z1169001|5": 73054.3515625,
  "Z1367001|5": 144097.859375,
  "Z1524001|5": 32895.015625,
  "Z1665001|5": 68860.171875,
  "Z1769001|5": 45837.0625,
  "Z1899001|5": 39753.5234375,
  "Z1899002|5": 47738.7421875,
  "Z2011001|5": 22745.388671875,
  "Z2135001|5": 48163.53125,
  "Z2135002|5": 47565.1875,
  "Z2136001|5": 21153.01953125,
  "Z0241002|6": 52823.3359375,
  "Z0241003|6": 18645.0078125,
  "Z0241004|6": 51874.984375,
  "Z0241005|6": 22584.8046875,
  "Z0241006|6": 7511.39599609375,
  "Z0241007|6": 19846.607421875,
  "Z0241008|6": 5168.1162109375,
  "Z0276001|6": 60012.7421875,
  "Z0276002|6": 53631.765625,
  "Z0276003|6": 16280.0751953125,
  "Z0386001|6": 43774.1640625,
  "Z0386002|6": 48537.21875,
  "Z0386003|6": 44186.30078125,
  "Z0386004|6": 7071.86767578125,
  "Z0386005|6": 6277.20654296875,
  "Z0386006|6": 10602.3134765625,
  "Z0386007|6": 16434.080078125,
  "Z0646001|6": 31793.853515625,
  "Z0646002|6": 19546.0546875,
  "Z0646003|6": 2840.09228515625,
  "Z0646004|6": 1587.319580078125,
  "Z0951001|6": 60113.671875,
  "Z0951002|6": 61406.34765625,
  "Z1031001|6": 16818.2109375,
  "Z1031002|6": 21752.703125,
  "Z1119001|6": 27298.103515625,
  "Z1524001|6": 21438.00390625,
  "Z1899001|6": 22000.609375,
  "Z1899002|6": 32539.0,
  "Z2135001|6": 37631.5078125,
  "Z2135002|6": 37927.09765625,
  "Z0241002|7": 46850.79296875,
  "Z0241003|7": 676.3844604492188,
  "Z0241004|7": 45544.8046875,
  "Z0241005|7": 19876.630859375,
  "Z0241006|7": 5194.443359375,
  "Z0241007|7": 14745.4375,
  "Z0241008|7": 7480.07421875,
  "Z0276001|7": 40275.68359375,
  "Z0276002|7": 27613.681640625,