{
  "Z0241002|1": 174967.453125,
  "Z0241002|2": 187519.6875,
  "Z0241002|3": 213538.65625,
  "Z0241002|4": 261855.671875,
  "Z0241002|5": 250964.359375,
  "Z0241002|6": 192912.328125,
  "Z0241002|7": 79517.03125,
  "Z0241003|1": 106100.46875,
  "Z0241003|2": 105828.9296875,
  "Z0241003|3": 129652.546875,
  "Z0241003|4": 177620.296875,
  "Z0241003|5": 184443.6875,
  "Z0241003|6": 122393.5234375,
  "Z0241003|7": 74486.359375,
  "Z0241004|1": 124032.59375,
  "Z0241004|2": 114203.421875,
  "Z0241004|3": 138647.71875,
  "Z0241004|4": 181667.796875,
  "Z0241004|5": 188175.546875,
  "Z0241004|6": 129054.984375,
  "Z0241004|7": 74877.6640625,
  "Z0241005|1": 42047.08984375,
  "Z0241005|2": 43276.13671875,
  "Z0241005|3": 58664.921875,
  "Z0241005|4": 93447.9375,
  "Z0241005|5": 88578.8515625,
  "Z0241005|6": 62835.7890625,
  "Z0241005|7": 43849.7109375,
  "Z0241006|1": 8280.6865234375,
  "Z0241006|2": 9834.5625,
  "Z0241006|3": 877.4325561523438,
  "Z0241006|4": 1133.199951171875,
  "Z0241006|5": 11755.3349609375,
  "Z0241006|6": 2809.862060546875,
  "Z0241006|7": 848.4757080078125,
  "Z0241007|1": 364.5086364746094,
  "Z0241007|2": 83.8770751953125,
  "Z0241007|3": 239.0177459716797,
  "Z0241007|4": 359.7351379394531,
  "Z0241007|5": 4181.11572265625,
  "Z0241007|6": 34198.7578125,
  "Z0241007|7": 22543.443359375,
  "Z0241008|1": 509.3201599121094,
  "Z0241008|2": 15270.669921875,
  "Z0241008|3": 26564.64453125,
  "Z0241008|4": 36667.0,
  "Z0241008|5": 24930.087890625,
  "Z0241008|6": 20616.6875,
  "Z0241008|7": 16990.0703125,
  "Z0276001|1": 114479.9609375,
  "Z0276001|2": 96424.8984375,
  "Z0276001|3": 104252.0,
  "Z0276001|4": 126405.984375,
  "Z0276001|5": 111900.984375,
  "Z0276001|6": 79442.21875,
  "Z0276001|7": 38505.609375,
  "Z0276002|1": 95371.9609375,
  "Z0276002|2": 90677.90625,
  "Z0276002|3": 101821.0546875,
  "Z0276002|4": 134384.375,
  "Z0276002|5": 104128.7890625,
  "Z0276002|6": 79137.1015625,
  "Z0276002|7": 36135.92578125,
  "Z0276003|1": 21447.001953125,
  "Z0276003|2": 28684.30078125,
  "Z0276003|3": 25014.375,
  "Z0276003|4": 35403.69921875,
  "Z0276003|5": 37331.20703125,
  "Z0276003|6": 21845.259765625,
  "Z0276003|7": 12370.9404296875,
  "Z0283001|1": 55600.9140625,
  "Z0283001|2": 63612.515625,
  "Z0283001|3": 50919.375,
  "Z0283001|4": 62163.328125,
  "Z0283001|5": 47607.12109375,
  "Z0283001|6": 0.0,
  "Z0283001|7": 0.0,
  "Z0284001|1": 153189.84375,
  "Z0284001|2": 170736.75,
  "Z0284001|3": 131638.921875,
  "Z0284001|4": 170872.4375,
  "Z0284001|5": 174730.171875,
  "Z0284001|6": 0.0,
  "Z0284001|7": 0.0,
  "Z0386001|1": 99554.59375,
  "Z0386001|2": 100744.8359375,
  "Z0386001|3": 110089.75,
  "Z0386001|4": 175357.015625,
  "Z0386001|5": 165640.484375,
  "Z0386001|6": 118009.6015625,
  "Z0386001|7": 43113.953125,
  "Z0386002|1": 80929.9453125,
  "Z0386002|2": 101431.0546875,
  "Z0386002|3": 108709.96875,
  "Z0386002|4": 176654.015625,
  "Z0386002|5": 164390.796875,
  "Z0386002|6": 113019.609375,
  "Z0386002|7": 16980.48046875,
  "Z0386003|1": 95545.296875,
  "Z0386003|2": 102983.875,
  "Z0386003|3": 123859.78125,
  "Z0386003|4": 175243.171875,
  "Z0386003|5": 165958.453125,
  "Z0386003|6": 114198.515625,
  "Z0386003|7": 58547.76953125,
  "Z0386004|1": 32670.25390625,
  "Z0386004|2": 40296.5078125,
  "Z0386004|3": 41958.8828125,
  "Z0386004|4": 73617.0859375,
  "Z0386004|5": 94448.09375,
  "Z0386004|6": 65997.1875,
  "Z0386004|7": 31037.60546875,
  "Z0386005|1": 11298.2744140625,
  "Z0386005|2": 12258.890625,
  "Z0386005|3": 13958.462890625,
  "Z0386005|4": 21952.00390625,
  "Z0386005|5": 29340.19921875,
  "Z0386005|6": 22274.865234375,
  "Z0386005|7": 10717.16796875,
  "Z0386006|1": 11277.6572265625,
  "Z0386006|2": 27717.90234375,
  "Z0386006|3": 27539.59375,
  "Z0386006|4": 38732.671875,
  "Z0386006|5": 34597.8671875,
  "Z0386006|6": 24253.521484375,
  "Z0386006|7": 11535.6572265625,
  "Z0386007|1": 48118.265625,
  "Z0386007|2": 63892.0703125,
  "Z0386007|3": 75924.7109375,
  "Z0386007|4": 92945.8515625,
  "Z0386007|5": 89511.6171875,
  "Z0386007|6": 89860.3359375,
  "Z0386007|7": 50701.75,
  "Z0646001|1": 160688.828125,
  "Z0646001|2": 150515.828125,
  "Z0646001|3": 167365.890625,
  "Z0646001|4": 203941.34375,
  "Z0646001|5": 233454.640625,
  "Z0646001|6": 142989.703125,
  "Z0646001|7": 71163.984375,
  "Z0646002|1": 102712.765625,
  "Z0646002|2": 132814.6875,
  "Z0646002|3": 150081.65625,
  "Z0646002|4": 201143.46875,
  "Z0646002|5": 211817.28125,
  "Z0646002|6": 128376.5234375,
  "Z0646002|7": 47197.63671875,
  "Z0646003|1": 10152.681640625,
  "Z0646003|2": 16976.25390625,
  "Z0646003|3": 16300.396484375,
  "Z0646003|4": 18436.16015625,
  "Z0646003|5": 38038.66796875,
  "Z0646003|6": 22699.771484375,
  "Z0646003|7": 12691.732421875,
  "Z0646004|1": 11958.1474609375,
  "Z0646004|2": 11885.2177734375,
  "Z0646004|3": 16835.318359375,
  "Z0646004|4": 21626.953125,
  "Z0646004|5": 25182.625,
  "Z0646004|6": 24149.931640625,
  "Z0646004|7": 19076.193359375,
  "Z0899001|1": 238149.28125,
  "Z0899001|2": 280794.65625,
  "Z0899001|3": 213913.703125,
  "Z0899001|4": 240913.78125,
  "Z0899001|5": 290434.78125,
  "Z0899001|6": 0.0,
  "Z0899001|7": 0.0,
  "Z0908001|1": 234585.03125,
  "Z0908001|2": 204499.921875,
  "Z0908001|3": 188397.125,
  "Z0908001|4": 228914.09375,
  "Z0908001|5": 189957.53125,
  "Z0908001|6": 0.0,
  "Z0908001|7": 0.0,
  "Z0951001|1": 128762.515625,
  "Z0951001|2": 127670.453125,
  "Z0951001|3": 151532.8125,
  "Z0951001|4": 177470.609375,
  "Z0951001|5": 166630.734375,
  "Z0951001|6": 96784.8515625,
  "Z0951001|7": 1361.874633789062,
  "Z0951002|1": 146914.734375,
  "Z0951002|2": 153936.15625,
  "Z0951002|3": 159235.625,
  "Z0951002|4": 197098.78125,
  "Z0951002|5": 174159.375,
  "Z0951002|6": 107512.3203125,
  "Z0951002|7": 823.890380859375,
  "Z0972001|1": 232241.515625,
  "Z0972001|2": 130527.4453125,
  "Z0972001|3": 148308.109375,
  "Z0972001|4": 138183.984375,
  "Z0972001|5": 165741.296875,
  "Z0972001|6": 0.0,
  "Z0972001|7": 0.0,
  "Z1031001|1": 57399.73046875,
  "Z1031001|2": 66457.6875,
  "Z1031001|3": 93540.84375,
  "Z1031001|4": 101059.9921875,
  "Z1031001|5": 86638.1328125,
  "Z1031001|6": 58332.97265625,
  "Z1031001|7": 34726.625,
  "Z1031002|1": 86665.5625,
  "Z1031002|2": 89806.53125,
  "Z1031002|3": 97398.2890625,
  "Z1031002|4": 141278.796875,
  "Z1031002|5": 134051.578125,
  "Z1031002|6": 87744.296875,
  "Z1031002|7": 34726.39453125,
  "Z1119001|1": 184348.546875,
  "Z1119001|2": 237669.859375,
  "Z1119001|3": 260319.140625,
  "Z1119001|4": 319524.6875,
  "Z1119001|5": 277915.28125,
  "Z1119001|6": 174510.84375,
  "Z1119001|7": 89464.9375,
  "Z1169001|1": 247384.953125,
  "Z1169001|2": 167499.703125,
  "Z1169001|3": 173617.765625,
  "Z1169001|4": 227400.984375,
  "Z1169001|5": 211442.28125,
  "Z1169001|6": 0.0,
  "Z1169001|7": 0.0,
  "Z1367001|1": 293034.46875,
  "Z1367001|2": 226123.96875,
  "Z1367001|3": 278517.3125,
  "Z1367001|4": 249543.609375,
  "Z1367001|5": 367722.0625,
  "Z1367001|6": 0.0,
  "Z1367001|7": 0.0,
  "Z1524001|1": 111808.390625,
  "Z1524001|2": 89254.6953125,
  "Z1524001|3": 86685.484375,
  "Z1524001|4": 93884.75,
  "Z1524001|5": 124885.2890625,
  "Z1524001|6": 101593.015625,
  "Z1524001|7": 56422.08984375,
  "Z1665001|1": 141116.9375,
  "Z1665001|2": 156695.4375,
  "Z1665001|3": 148146.671875,
  "Z1665001|4": 171878.546875,
  "Z1665001|5": 146005.3125,
  "Z1665001|6": 0.0,
  "Z1665001|7": 0.0,
  "Z1769001|1": 125874.5078125,
  "Z1769001|2": 146316.28125,
  "Z1769001|3": 146624.015625,
  "Z1769001|4": 181190.59375,
  "Z1769001|5": 157347.734375,
  "Z1769001|6": 0.0,
  "Z1769001|7": 0.0,
  "Z1899001|1": 75446.6640625,
  "Z1899001|2": 54117.3515625,
  "Z1899001|3": 7087.6220703125,
  "Z1899001|4": 107901.109375,
  "Z1899001|5": 91081.4453125,
  "Z1899001|6": 53835.0546875,
  "Z1899001|7": 33547.3203125,
  "Z1899002|1": 88861.3671875,
  "Z1899002|2": 88716.65625,
  "Z1899002|3": 107178.078125,
  "Z1899002|4": 158940.671875,
  "Z1899002|5": 148011.109375,