{
  "Z0241002|1": 94311.2109375,
  "Z0241002|2": 121114.2578125,
  "Z0241002|3": 117281.734375,
  "Z0241002|4": 120992.8046875,
  "Z0241002|5": 120149.3828125,
  "Z0241002|6": 79203.015625,
  "Z0241002|7": 41466.5703125,
  "Z0241003|1": 72523.78125,
  "Z0241003|2": 104468.90625,
  "Z0241003|3": 113242.6640625,
  "Z0241003|4": 105847.546875,
  "Z0241003|5": 97446.90625,
  "Z0241003|6": 68740.2109375,
  "Z0241003|7": 40488.20703125,
  "Z0241004|1": 104684.2265625,
  "Z0241004|2": 116511.7265625,
  "Z0241004|3": 117969.1484375,
  "Z0241004|4": 122337.6875,
  "Z0241004|5": 123834.1015625,
  "Z0241004|6": 79203.015625,
  "Z0241004|7": 37358.91796875,
  "Z0241005|1": 23454.6796875,
  "Z0241005|2": 23897.4453125,
  "Z0241005|3": 50675.01953125,
  "Z0241005|4": 48425.96875,
  "Z0241005|5": 47071.35546875,
  "Z0241005|6": 46897.2734375,
  "Z0241005|7": 30295.65234375,
  "Z0241006|1": 5905.70849609375,
  "Z0241006|2": 6640.08837890625,
  "Z0241006|3": 4654.408203125,
  "Z0241006|4": 4279.12646484375,
  "Z0241006|5": 5218.74072265625,
  "Z0241006|6": 4498.83837890625,
  "Z0241006|7": 2855.839111328125,
  "Z0241007|1": 30074.4765625,
  "Z0241007|2": 30196.970703125,
  "Z0241007|3": 35880.8671875,
  "Z0241007|4": 46245.890625,
  "Z0241007|5": 53159.97265625,
  "Z0241007|6": 49000.265625,
  "Z0241007|7": 31554.951171875,
  "Z0241008|1": 11330.611328125,
  "Z0241008|2": 12157.0849609375,
  "Z0241008|3": 12300.3916015625,
  "Z0241008|4": 13193.3798828125,
  "Z0241008|5": 16905.802734375,
  "Z0241008|6": 11284.1181640625,
  "Z0241008|7": 12632.9765625,
  "Z0276001|1": 117751.4296875,
  "Z0276001|2": 114463.53125,
  "Z0276001|3": 104851.6875,
  "Z0276001|4": 99894.046875,
  "Z0276001|5": 96443.5,
  "Z0276001|6": 66059.9453125,
  "Z0276001|7": 38839.65234375,
  "Z0276002|1": 79668.0859375,
  "Z0276002|2": 64701.8203125,
  "Z0276002|3": 69272.6796875,
  "Z0276002|4": 62151.265625,
  "Z0276002|5": 77056.9921875,
  "Z0276002|6": 54317.7265625,
  "Z0276002|7": 29171.19921875,
  "Z0276003|1": 17867.205078125,
  "Z0276003|2": 13842.431640625,
  "Z0276003|3": 15934.26171875,
  "Z0276003|4": 14523.1474609375,
  "Z0276003|5": 13634.658203125,
  "Z0276003|6": 14128.2392578125,
  "Z0276003|7": 14970.61328125,
  "Z0283001|1": 74702.046875,
  "Z0283001|2": 74702.046875,
  "Z0283001|3": 55033.23046875,
  "Z0283001|4": 41203.1171875,
  "Z0283001|5": 68543.953125,
  "Z0283001|6": 0.0,
  "Z0283001|7": 0.0,
  "Z0284001|1": 153322.09375,
  "Z0284001|2": 125547.046875,
  "Z0284001|3": 142295.203125,
  "Z0284001|4": 141871.359375,
  "Z0284001|5": 151969.84375,
  "Z0284001|6": 0.0,
  "Z0284001|7": 0.0,
  "Z0386001|1": 81988.328125,
  "Z0386001|2": 91195.1484375,
  "Z0386001|3": 103383.0390625,
  "Z0386001|4": 105478.125,
  "Z0386001|5": 104582.953125,
  "Z0386001|6": 67653.1796875,
  "Z0386001|7": 39321.0390625,
  "Z0386002|1": 83258.1171875,
  "Z0386002|2": 104239.9140625,
  "Z0386002|3": 114836.4921875,
  "Z0386002|4": 106767.2890625,
  "Z0386002|5": 106903.8203125,
  "Z0386002|6": 76756.1328125,
  "Z0386002|7": 39611.7265625,
  "Z0386003|1": 100696.9453125,
  "Z0386003|2": 107551.9453125,
  "Z0386003|3": 116036.6796875,
  "Z0386003|4": 114919.1953125,
  "Z0386003|5": 112076.71875,
  "Z0386003|6": 78436.296875,
  "Z0386003|7": 40623.0390625,
  "Z0386004|1": 13040.591796875,
  "Z0386004|2": 10296.169921875,
  "Z0386004|3": 11862.3203125,
  "Z0386004|4": 19770.865234375,
  "Z0386004|5": 16415.8828125,
  "Z0386004|6": 11634.103515625,
  "Z0386004|7": 11117.837890625,
  "Z0386005|1": 24901.150390625,
  "Z0386005|2": 24260.5078125,
  "Z0386005|3": 26322.30078125,
  "Z0386005|4": 26328.3515625,
  "Z0386005|5": 24492.173828125,
  "Z0386005|6": 28197.5625,
  "Z0386005|7": 25098.78515625,
  "Z0386006|1": 9988.9443359375,
  "Z0386006|2": 16479.021484375,
  "Z0386006|3": 29041.76171875,
  "Z0386006|4": 15987.021484375,
  "Z0386006|5": 19859.119140625,
  "Z0386006|6": 10738.7255859375,
  "Z0386006|7": 9456.9306640625,
  "Z0386007|1": 69230.21875,
  "Z0386007|2": 64236.6328125,
  "Z0386007|3": 59577.6015625,
  "Z0386007|4": 66776.0859375,
  "Z0386007|5": 58795.78125,
  "Z0386007|6": 45831.4140625,
  "Z0386007|7": 24900.05859375,
  "Z0646001|1": 155553.109375,
  "Z0646001|2": 160404.171875,
  "Z0646001|3": 168798.921875,
  "Z0646001|4": 165033.390625,
  "Z0646001|5": 172596.1875,
  "Z0646001|6": 94636.2890625,
  "Z0646001|7": 45803.53515625,
  "Z0646002|1": 141565.640625,
  "Z0646002|2": 139642.65625,
  "Z0646002|3": 151947.96875,
  "Z0646002|4": 160677.921875,
  "Z0646002|5": 169564.671875,
  "Z0646002|6": 94636.2890625,
  "Z0646002|7": 40621.7578125,
  "Z0646003|1": 10280.0869140625,
  "Z0646003|2": 12686.296875,
  "Z0646003|3": 13168.48828125,
  "Z0646003|4": 13986.0322265625,
  "Z0646003|5": 13673.0478515625,
  "Z0646003|6": 10098.8603515625,
  "Z0646003|7": 11694.30078125,
  "Z0646004|1": 6720.8017578125,
  "Z0646004|2": 8990.1552734375,
  "Z0646004|3": 12527.068359375,
  "Z0646004|4": 13811.150390625,
  "Z0646004|5": 14245.1845703125,
  "Z0646004|6": 10343.27734375,
  "Z0646004|7": 8909.2509765625,
  "Z0899001|1": 258655.21875,
  "Z0899001|2": 173638.609375,
  "Z0899001|3": 215140.015625,
  "Z0899001|4": 201493.65625,
  "Z0899001|5": 198798.34375,
  "Z0899001|6": 0.0,
  "Z0899001|7": 0.0,
  "Z0908001|1": 162802.203125,
  "Z0908001|2": 138996.265625,
  "Z0908001|3": 112662.484375,
  "Z0908001|4": 132174.890625,
  "Z0908001|5": 110234.78125,
  "Z0908001|6": 0.0,
  "Z0908001|7": 0.0,
  "Z0951001|1": 88457.8125,
  "Z0951001|2": 128596.921875,
  "Z0951001|3": 125224.8984375,
  "Z0951001|4": 136654.171875,
  "Z0951001|5": 146416.625,
  "Z0951001|6": 82555.2109375,
  "Z0951001|7": 26737.521484375,
  "Z0951002|1": 105507.6015625,
  "Z0951002|2": 129538.796875,
  "Z0951002|3": 116855.8046875,
  "Z0951002|4": 132303.90625,
  "Z0951002|5": 141507.859375,
  "Z0951002|6": 78837.8125,
  "Z0951002|7": 23925.267578125,
  "Z0972001|1": 151018.75,
  "Z0972001|2": 90574.7265625,
  "Z0972001|3": 100932.78125,
  "Z0972001|4": 71204.6328125,
  "Z0972001|5": 132174.890625,
  "Z0972001|6": 0.0,
  "Z0972001|7": 0.0,
  "Z1031001|1": 65330.91796875,
  "Z1031001|2": 80144.2109375,
  "Z1031001|3": 70161.484375,
  "Z1031001|4": 66075.2578125,
  "Z1031001|5": 57335.68359375,
  "Z1031001|6": 54060.51171875,
  "Z1031001|7": 29788.873046875,
  "Z1031002|1": 95026.984375,
  "Z1031002|2": 95875.5625,
  "Z1031002|3": 103257.5,
  "Z1031002|4": 98147.90625,
  "Z1031002|5": 97571.234375,
  "Z1031002|6": 64853.7890625,
  "Z1031002|7": 31519.0078125,
  "Z1119001|1": 205410.390625,
  "Z1119001|2": 208481.234375,
  "Z1119001|3": 193145.0,
  "Z1119001|4": 211541.53125,
  "Z1119001|5": 224169.0,
  "Z1119001|6": 117374.71875,
  "Z1119001|7": 42215.5859375,
  "Z1169001|1": 209053.640625,
  "Z1169001|2": 117003.2265625,
  "Z1169001|3": 140304.765625,
  "Z1169001|4": 139317.15625,
  "Z1169001|5": 138222.03125,
  "Z1169001|6": 0.0,
  "Z1169001|7": 0.0,
  "Z1367001|1": 228397.734375,
  "Z1367001|2": 183919.375,
  "Z1367001|3": 136785.078125,
  "Z1367001|4": 147247.5625,
  "Z1367001|5": 212133.453125,
  "Z1367001|6": 0.0,
  "Z1367001|7": 0.0,
  "Z1524001|1": 66046.59375,
  "Z1524001|2": 64666.71484375,
  "Z1524001|3": 70987.5234375,
  "Z1524001|4": 78924.1015625,
  "Z1524001|5": 90468.7109375,
  "Z1524001|6": 68940.25,
  "Z1524001|7": 36937.1171875,
  "Z1665001|1": 121545.2734375,
  "Z1665001|2": 105109.6953125,
  "Z1665001|3": 122332.328125,
  "Z1665001|4": 101713.1640625,
  "Z1665001|5": 123314.0234375,
  "Z1665001|6": 0.0,
  "Z1665001|7": 0.0,
  "Z1769001|1": 151018.75,
  "Z1769001|2": 131122.65625,
  "Z1769001|3": 131122.65625,
  "Z1769001|4": 117303.3125,
  "Z1769001|5": 132174.890625,
  "Z1769001|6": 0.0,
  "Z1769001|7": 0.0,
  "Z1899001|1": 56282.0,
  "Z1899001|2": 79359.0,
  "Z1899001|3": 86061.9296875,
  "Z1899001|4": 72900.7421875,
  "Z1899001|5": 92021.1796875,
  "Z1899001|6": 66366.96875,
  "Z1899001|7": 31792.62109375,
  "Z1899002|1": 81966.7578125,
  "Z1899002|2": 90190.640625,
  "Z1899002|3": 93043.3359375,